1,0,0,0,0,0,0,0,0,0,0,0,0,0.00019977,0,0,0,0,0,0,0,0,0,0,0,0,0,0,0,0,0,0,0,0,0,0,0,0,0,0,0,0,0,0,0,0,0,0,0,0,0,0,0,0,0,0,0,0,0,0,0,0,0,0,0,0,0,0,0,0,0,0,0,0,0,0,0,0,0,0,0,0,0,0,0,18.286,0,0,0,0,0,0,0,0,0,0.18179,1.406,25.212,0,0,0,0,0,0,0,0,0,3.3294e-05,0.020176,0,0,0,0,0,0,0,0,0,0,0,0,0,0,0,0,0,0,0,0,0,0,0,0,0,0,0,0,0,0,0,0,0,0,0,0,0,0,0,0,0,0,0,0,0,0,0,0,3.2643,0,0,0,0,0,0,0,0,0.010188,0.44265,0.48397,42.215,0,0,0,0,0,0,0,0,0.00039953,0.023439,0.20659,0,0,0,0,0,0,0,0,0,0,0,0,0,0,0,0,0,0,0,0,0,0,0,0,0,0,0,0,0,0,0,0,0,0,0,0,0.022008,0,0,0,0,0,0,0,0,0,0,0,0.024938,0,0,0,0,0,0,0.01455,0.12256,0.18036,0.55152,0.32605,4.6302,0,0,0,0,0,0,0,0,0.010654,0.003396,0.18019,0,0,0,0,0,0,0,0,0,0,0,0,0,0,0,0,0,0,0,0,0,0,0,0,0,0,0,0,0,0,0,0,0,0,0,0,0.0037623,0,0,0,0,0,0,0,0,0,0,0,0,0,0,0,0,0,0.010887,0.4541,1.3138,0.35082,0.047511,0,0,0,0,0,0,0,0,0,0,6.6589e-05,0,0,0,0,0,0,0,0,0,0,0,0,0,0,0,0,0,0,0,0,0,0,0,0,0,0,0,0,0,0,0,0,0,0,0,0,0,0
1,0,0,0,0,0,0,0,0,0,0,0,0,0.55256,0,0,0,0,0,0,0,0,0,0,0,0,0,0,0,0,0,0,0,0,0,0,0,0,0,0,0,0,0,0,0,0,0,0,0,0,0,0,0,0,0,0,0,0,0,0,0,0,0,0,0,0,0,0,0,0,0,0,0,0.0057267,0,0,0,0,0,0,0,0,0,0,0,3.0306,0,0,0,0,0,0,0,0,0.00023306,0.082371,0.29908,23.9,0,0,0,0,0,0,0,0,0,0,0.27398,0,0,0,0,0,0,0,0,0,0,0,0,0,0,0,0,0,0,0,0,0,0,0,0,0,0,0,0,0,0,0,0,0,0,0,0,0.021142,0,0,0,0,0,0,0,0,0,0,0,0.42843,0,0,0,0,0,0,0,0.0019977,0.032928,0.29376,1.3217,61.745,0,0,0,0,0,0,0,0,0,0.00029965,1.9168,0.11919,0,0,0,0,0,0,0,0,0,0,0,0,0,0,0,0,0,0,0,0,0,0,0,0,0,0,0,0,0,0,0,0,0,0,0,0.041984,0,0,0,0,0,0,0,0,0,0,0,0.073281,0,0,0,0,0,0,0,0.0073914,0.15412,0.19514,0.4301,2.3186,0,0,0,0,0,0,0,0,0,0,0.144,0.043582,0,0,0,0,0,0,0,0,0,0,0,0,0,0,0,0,0,0,0,0,0,0,0,0,0,0,0,0,0,0,0,0,0,0,0,0.51896,0,0,0,0,0,0,0,0,0,0,0,0.098585,3.3294e-05,0,0,0,0,0,0,0.0011653,0.069019,0.96271,0.86825,0.027834,0,0,0,0,0,0,0,0,0,0,0.019677,0,0,0,0,0,0,0,0,0,0,0,0,0,0,0,0,0,0,0,0,0,0,0,0,0,0,0,0,0,0,0,0,0,0,0,0
1,0,0,0,0,0,0,0,0,0,0,0,0,3.0472,0.0085567,0,0,0,0,0,0,0,0,0,0.015482,0,0,0,0,0,0,0,0,0,0,0,0,0,0,0,0,0,0,0,0,0,0,0,0,0,0,0,0,0,0,0,0,0,0,0,0,0,0,0,0,0,0,0,0,0,0,0,0,0,0,0,0,0,0,0,0,0,0,0,0,11.597,0.033261,0,0,0,0,0,0,0,0.0016647,0.48647,14.525,8.0572,0.021242,0,0,0,0,0,0,0,0,0.058498,1.9794,0,0,0,0,0,0,0,0,0,0,0,0,0,0,0,0,0,0,0,0,0,0,0,0,0,0,0,0,0,0,0,0,0,0,0,0,0.010954,0,0,0,0,0,0,0,0,0,0,0,3.0901,0.26795,0,0,0,0,0,0.00039953,0.034926,0.47528,4.7366,11.487,21.142,0.26016,0,0,0,0,0,0,0,0.00093225,0.31453,4.861,0,0,0,0,0,0,0,0,0,0,0,0,0,0,0,0,0,0,0,0,0,0,0,0,0,0,0,0,0,0,0,0,0,0,0,0,0.03699,0,0,0,0,0,0,0,0,0,0,0,0.3429,0.068886,0,0,0,0,0,0.10405,1.0353,0.99194,1.5119,0.7955,1.92,0.0006326,0,0,0,0,0,0,0,0.0052605,0.016847,0.32219,0,0,0,0,0,0,0,0,0,0,0,0,0,0,0,0,0,0,0,0,0,0,0,0,0,0,0,0,0,0,0,0,0,0,0,0,0.41575,0,0,0,0,0,0,0,0,0,0,0,0.1144,0.010288,0,0,0,0,0.049842,1.0025,3.1048,0.89349,0.48021,0.25357,0.0068587,0,0,0,0,0,0,0,0,0,0.00023306,0.0022307,0,0,0,0,0,0,0,0,0,0,0,0,0,0,0,0,0,0,0,0,0,0,0,0,0,0,0,0,0,0,0,0,0,0,0,0
2,0,0,0,0,0,0,0,0,0,0,0,0,0.0053271,0,0,0,0,0,0,0,0,0,0.0036624,0.01435,0,0,0,0,0,0,0,0,0,0,0,0,0,0,0,0,0,0,0,0,0,0,0,0,0,0,0,0,0,0,0,0,0,0,0,0,0,0,0,0,0,0,0,0,0,0,0,0,0,0,0,0,0,0,0,0,0,0,0,0,3.7909,0,0,0,0,0,0,0,0,0.0060929,0.06286,0.38462,23.558,0,0,0,0,0,0,0,0,0,9.9883e-05,0.11949,0,0,0,0,0,0,0,0,0,0,0,0,0,0,0,0,0,0,0,0,0,0,0,0,0,0,0,0,0,0,0,0,0,0,0,0,0.00013318,0,0,0,0,0,0,0,0,0,0,0,1.1151,0,0,0,0,0,0,0,0,0.050441,0.34596,1.3896,59.092,0,0,0,0,0,0,0,0,0.0041285,0.01162,1.042,1.0291,0,0,0,0,0,0,0,0,0,0,0,0,0,0,0,0,0,0,0,0,0,0,0,0,0,0,0,0,0,0,0,0,0,0,0,0.0024971,0,0,0,0,0,0,0,0,0,0,0,0.23629,0,0,0,0,0,0,0,3.3294e-05,0.040986,0.12752,0.26939,4.2943,0,0,0,0,0,0,0,0,0.0019644,0.00049942,0.026136,0.8546,0,0,0,0,0,0,0,0,0,0,0,0,0,0,0,0,0,0,0,0,0,0,0,0,0,0,0,0,0,0,0,0,0,0,0,0.33414,0,0,0,0,0,0,0,0,0,0,0,0.071949,3.3294e-05,0,0,0,0,0,0,0.0010321,0.053604,1.1068,0.53451,0.011986,0,0,0,0,0,0,0,0,0.0010987,0.00066589,0.0046945,0,0,0,0,0,0,0,0,0,0,0,0,0,0,0,0,0,0,0,0,0,0,0,0,0,0,0,0,0,0,0,0,0,0,0,0
2,0,0,0,0,0,0,0,0,0,0,0,0,0.0020976,0,0,0,0,0,0,0,0,0,0,0,0,0,0,0,0,0,0,0,0,0,0,0,0,0,0,0,0,0,0,0,0,0,0,0,0,0,0,0,0,0,0,0,0,0,0,0,0,0,0,0,0,0,0,0,0,0,0,0,0,0,0,0,0,0,0,0,0,0,0,0,2.0206,0,0,0,0,0,0,0,0,0,0,0.41488,23.977,0,0,0,0,0,0,0,0,0,0,0.048876,0,0,0,0,0,0,0,0,0,0,0,0,0,0,0,0,0,0,0,0,0,0,0,0,0,0,0,0,0,0,0,0,0,0,0,0,0,0,0,0,0,0,0,0,0,0,0,0,0.42367,0,0,0,0,0,0,0,0,0,0.038955,0.62154,55.061,0,0,0,0,0,0,0,0,0,0,0.25657,3.8864,0,0,0,0,0,0,0,0,0,0,0,0,0,0,0,0,0,0,0,0,0,0,0,0,0,0,0,0,0,0,0,0,0,0,0,0.019111,0,0,0,0,0,0,0,0,0,0,0,1.0453,0,0,0,0,0,0,0,0,0.10112,0.58881,2.3389,4.2117,0,0,0,0,0,0,0,0,0,0,0.7463,2.8439,0,0,0,0,0,0,0,0,0,0,0,0,0,0,0,0,0,0,0,0,0,0,0,0,0,0,0,0,0,0,0,0,0,0,0,0.034094,0,0,0,0,0,0,0,0,0,0,0,0.33491,0,0,0,0,0,0,0,0,0.1117,0.34533,0.50231,0.024605,0,0,0,0,0,0,0,0,0,0,0,0,0,0,0,0,0,0,0,0,0,0,0,0,0,0,0,0,0,0,0,0,0,0,0,0,0,0,0,0,0,0,0,0,0,0,0
2,0.20549,0,0,0,0,0,0,0,0,0,0,0,20.564,1.5878,0,0,0,0,0,0,0,0,0,0.021708,0,0,0,0,0,0,0,0,0,0,0,0,0,0,0,0,0,0,0,0,0,0,0,0,0,0,0,0,0,0,0,0,0,0,0,0,0,0,0,0,0,0,0,0,0,0,0,0,0,0,0,0,0,0,0,0,0,0,0,0,56.866,0,0,0,0,0,0,0,0,0,0,0.0010987,7.6309,0,0,0,0,0,0,0,0,0,0,0,0,0,0,0,0,0,0,0,0,0,0,0,0,0,0,0,0,0,0,0,0,0,0,0,0,0,0,0,0,0,0,0,0,0,0,0,0,0,0,0,0,0,0,0,0,0,0,0,1.789,0,0,0,0,0,0,0,0,0,0,0,11.053,0,0,0,0,0,0,0,0,0,0,0,0,0,0,0,0,0,0,0,0,0,0,0,0,0,0,0,0,0,0,0,0,0,0,0,0,0,0,0,0,0,0,0,0,0,0,0,0,0,0,0,0,0,0,0,0,0,0,0,0.060995,0.0024971,0,0,0,0,0,0,0,0,0,0,0.21628,0,0,0,0,0,0,0,0,0,0,0,0,0,0,0,0,0,0,0,0,0,0,0,0,0,0,0,0,0,0,0,0,0,0,0,0,0,0,0,0,0,0,0,0,0,0,0,0,0,0,0,0,0,0,0,0,0,0,0,0.00083236,0.00013318,0,0,0,0,0,0,0,0,0,0,0,0,0,0,0,0,0,0,0,0,0,0,0,0,0,0,0,0,0,0,0,0,0,0,0,0,0,0,0,0,0,0,0,0,0,0,0,0,0,0,0,0,0,0,0,0,0,0
3,0,0,0,0,0,0,0,0,0,0,0,0,0.0098552,0,0,0,0,0,0,0,0,0,0.00013318,0.00066589,0,0,0,0,0,0,0,0,0,0,0,0,0,0,0,0,0,0,0,0,0,0,0,0,0,0,0,0,0,0,0,0,0,0,0,0,0,0,0,0,0,0,0,0,0,0,0,0,0,0,0,0,0,0,0,0,0,0,0,0,28.644,0.021775,0,0,0,0,0,0,0,0,0.1139,0.14373,27.546,0.14956,0,0,0,0,0,0,0,0,0.00039953,0.0088563,0,0,0,0,0,0,0,0,0,0,0,0,0,0,0,0,0,0,0,0,0,0,0,0,0,0,0,0,0,0,0,0,0,0,0,0,0,0,0,0,0,0,0,0,0,0,0,0,4.0409,5.1293,0.078542,0,0,0,0,0,0,0.0006326,0.12499,0.17526,26.109,2.7393,0,0,0,0,0,0,0,0,0.029898,0.29532,0,0,0,0,0,0,0,0,0,0,0,0,0,0,0,0,0,0,0,0,0,0,0,0,0,0,0,0,0,0,0,0,0,0,0,0,0,0,0,0,0,0,0,0,0,0,0,0,0.16994,1.4749,1.7452,0,0,0,0,0,0,0.00029965,0.038389,0.092126,0.3733,0,0,0,0,0,0,0,0,0,0,0.0051606,0,0,0,0,0,0,0,0,0,0,0,0,0,0,0,0,0,0,0,0,0,0,0,0,0,0,0,0,0,0,0,0,0,0,0,0,0.047411,0,0,0,0,0,0,0,0,0,0,0,0.078342,0.0036957,0.18076,0,0,0,0,0,0,6.6589e-05,0.26745,0.12655,0.03426,0,0,0,0,0,0,0,0,0,0,0.00053271,0,0,0,0,0,0,0,0,0,0,0,0,0,0,0,0,0,0,0,0,0,0,0,0,0,0,0,0,0,0,0,0,0,0,0,0
3,0,0,0,0,0,0,0,0,0,0,0,0,0,0,0,0,0,0,0,0,0,0,0.00083236,0.0019977,0,0,0,0,0,0,0,0,0,0,0,0,0,0,0,0,0,0,0,0,0,0,0,0,0,0,0,0,0,0,0,0,0,0,0,0,0,0,0,0,0,0,0,0,0,0,0,0,0.0020976,0,0,0,0,0,0,0,0,0,0,0,1.001,0,0,0,0,0,0,0,0,0.015049,1.1384,16.267,0.47658,0,0,0,0,0,0,0,0,0.00066589,0.0087564,0.85856,0,0,0,0,0,0,0,0,0,0,0,0,0,0,0,0,0,0,0,0,0,0,0,0,0,0,0,0,0,0,0,0,0,0,0,0,0.0044615,0,0,0,0,0,0,0,0,0,0,0,2.3808,0,0,0,0,0,0,0,0,0.15256,5.1638,40.861,5.9267,0,0,0,0,0,0,0,0,0.026802,0.011753,16.02,0,0,0,0,0,0,0,0,0,0,0,0,0,0,0,0,0,0,0,0,0,0,0,0,0,0,0,0,0,0,0,0,0,0,0,0,0.011919,0,0,0,0,0,0,0,0,0,0,0,1.1383,0.0027967,0,0,0,0,0,0,0,0.16954,0.67401,2.6057,0.70678,0,0,0,0,0,0,0,0,0.0030631,0.0021974,1.8499,0,0,0,0,0,0,0,0,0,0,0,0,0,0,0,0,0,0,0,0,0,0,0,0,0,0,0,0,0,0,0,0,0,0,0,0,0.68237,0,0,0,0,0,0,0,0,0,0,0,0.15072,0.015615,0,0,0,0,0,0,0.00043283,0.038255,0.8863,0.67921,0.012652,0,0,0,0,0,0,0,0,6.6589e-05,0.0010654,0.050541,0,0,0,0,0,0,0,0,0,0,0,0,0,0,0,0,0,0,0,0,0,0,0,0,0,0,0,0,0,0,0,0,0,0,0,0
3,0,0,0,0,0,0,0,0,0,0,0,0,1.113,0,0,0,0,0,0,0,0,0,3.3294e-05,0.00859,0,0,0,0,0,0,0,0,0,0,0,0,0,0,0,0,0,0,0,0,0,0,0,0,0,0,0,0,0,0,0,0,0,0,0,0,0,0,0,0,0,0,0,0,0,0,0,0,0,0,0,0,0,0,0,0,0,0,0,0,6.486,0,0,0,0,0,0,0,0,6.6589e-05,0.23513,0.86782,32.941,0,0,0,0,0,0,0,0,0,0.055702,0.26542,0,0,0,0,0,0,0,0,0,0,0,0,0,0,0,0,0,0,0,0,0,0,0,0,0,0,0,0,0,0,0,0,0,0,0,0,0.0015981,0,0,0,0,0,0,0,0,0,0,0,0.74786,0,0.00029965,0.00013318,0,0,0,0,0.00043283,0.048477,0.89509,1.4059,41.429,0,0,0,0,0,0,0,0,0.045946,0.32758,3.4323,0.08034,0,0,0,0,0,0,0,0,0.0012319,0,0,0,0,0,0,0,0,0,0,0,0,0,0,0,0,0,0,0,0,0,0,0,0,0,0,0.10015,0,0,0,0,0,0,0,0,0,0,0,0.34856,0.0035625,0.0010654,0.00016647,0,0,0,0.0021308,0.12978,0.27152,0.78565,0.96105,0.75435,0,0,0,0,0,0,0,0,0.042617,0.021175,0.031596,0,0,0,0,0,0,0,0,0,0.0025304,0,0,0,0,0,0,0,0,0,0,0,0,0,0,0,0,0,0,0,0,0,0,0,0,0,0,2.0055,0,0,0,0,0,0,0,0,0,0,0,0.26792,0.018379,0.00033294,9.9883e-05,0,0,6.6589e-05,0.039221,0.71986,0.74243,1.6684,0.66915,0.010887,0,0,0,0,0,0,0,0,0.0098885,0.0006326,0.0025304,0,0,0,0,0,0,0,0,0,0,0,0,0,0,0,0,0,0,0,0,0,0,0,0,0,0,0,0,0,0,0,0,0,0,0,0
4,0,0,0,0,0,0,0,0,0,0,0,0,6.6589e-05,0,0,0,0,0,0,0,0,0.00029965,0.0036291,0.0037623,0,0,0,0,0,0,0,0,0,0,0,0,0,0,0,0,0,0,0,0,0,0,0,0,0,0,0,0,0,0,0,0,0,0,0,0,0,0,0,0,0,0,0,0,0,0,0,0,0,0,0,0,0,0,0,0,0,0,0,0,7.7981,0,0,0,0,0,0,0,0,0.0284,0.5176,17.553,0.17073,0,0,0,0,0,0,0,0,0.0055602,0.011254,0.63216,0,0,0,0,0,0,0,0,0,0,0,0,0,0,0,0,0,0,0,0,0,0,0,0,0,0,0,0,0,0,0,0,0,0,0,0,0,0,0,0,0,0,0,0,0,0,0,0,1.2363,0,0,0,0,0,0,0,0,0.35402,3.2142,60.198,0.40196,0,0,0,0,0,0,0,0,0.055069,0.006892,5.0304,0,0,0,0,0,0,0,0,0,0,0,0,0,0,0,0,0,0,0,0,0,0,0,0,0,0,0,0,0,0,0,0,0,0,0,0,0,0,0,0,0,0,0,0,0,0,0,0,0.0047611,0,0,0,0,0,0,0,0,0.1726,0.28274,0.59827,0.00079907,0,0,0,0,0,0,0,0,0.047212,0.0019644,0.083636,0,0,0,0,0,0,0,0,0,0,0,0,0,0,0,0,0,0,0,0,0,0,0,0,0,0,0,0,0,0,0,0,0,0,0,0,0.11383,0,0,0,0,0,0,0,0,0,0,0,0.0064924,3.3294e-05,0,0,0,0,0,0,0,0.086532,1.2665,0.10198,0,0,0,0,0,0,0,0,0,0.0070917,0.0019311,0.0022307,0,0,0,0,0,0,0,0,0,0,0,0,0,0,0,0,0,0,0,0,0,0,0,0,0,0,0,0,0,0,0,0,0,0,0,0
4,0,0,0,0,0,0,0,0,0,0,0,0,12.953,0.022274,0,0,0,0,0,0,0,0,0.0040952,0.0041285,0,0,0,0,0,0,0,0,0,0,0,0,0,0,0,0,0,0,0,0,0,0,0,0,0,0,0,0,0,0,0,0,0,0,0,0,0,0,0,0,0,0,0,0,0,0,0,0,0.0018978,0,0,0,0,0,0,0,0,0,0,0,50.523,0.0058931,0,0,0,0,0,0,0.00043283,0.023106,0.7436,2.0149,13.449,0,0,0,0,0,0,0,0,0.0014317,0.044282,0.086166,0,0,0,0,0,0,0,0,0,0,0,0,0,0,0,0,0,0,0,0,0,0,0,0,0,0,0,0,0,0,0,0,0,0,0,0,0.10391,0,0,0,0,0,0,0,0,0,0,0,4.4663,0.011653,0,0,0,0,0,0.00016647,0.044548,0.53411,2.3016,1.6033,4.1658,0.013984,0,0,0,0,0,0,0.00029965,0.1176,0.09702,0.14393,0,0,0,0,0,0,0,0,0,0,0,0,0,0,0,0,0,0,0,0,0,0,0,0,0,0,0,0,0,0,0,0,0,0,0,0,0.1686,0,0,0,0,0,0,0,0,0,0,0,0.15951,0.0090894,0.00033294,0,0,0,0.00049942,0.036358,0.19794,0.3745,0.73125,0.3454,0.031896,0.00283,0,0,0,0,0,0,0.00069918,0.064325,0.0031963,0,0,0,0,0,0,0,0,0,0,0,0,0,0,0,0,0,0,0,0,0,0,0,0,0,0,0,0,0,0,0,0,0,0,0,0,0,1.9219,0,0,0,0,0,0,0,0,0,0,0,0.046246,0.0078242,0.0015981,0,0.00013318,0.00093225,0.019244,0.17666,0.51373,0.52189,0.94077,0.23333,0,0,0,0,0,0,0,0,0.00066589,0.0065257,0.00033294,0,0,0,0,0,0,0,0,0,0,0,0,0,0,0,0,0,0,0,0,0,0,0,0,0,0,0,0,0,0,0,0,0,0,0,0,0
4,0,0,0,0,0,0,0,0,0,0,0,0,1.5463,0,0,0,0,0,0,0,0,0,0,0,0,0,0,0,0,0,0,0,0,0,0,0,0,0,0,0,0,0,0,0,0,0,0,0,0,0,0,0,0,0,0,0,0,0,0,0,0,0,0,0,0,0,0,0,0,0,0,0,0,0,0,0,0,0,0,0,0,0,0,0,10.245,0,0,0,0,0,0,0,0,0,0.071783,0.92555,10.585,0,0,0,0,0,0,0,0,0,0,0.068753,0,0,0,0,0,0,0,0,0,0,0,0,0,0,0,0,0,0,0,0,0,0,0,0,0,0,0,0,0,0,0,0,0,0,0,0,0.00019977,0,0,0,0,0,0,0,0,0,0,0,5.3615,0.0045613,0,0,0,0,0,0,0,0,0.094456,2.1717,32.94,0.036524,0,0,0,0,0,0,0,0,0,0.17293,0.34626,0,0,0,0,0,0,0,0,0,0,0,0,0,0,0,0,0,0,0,0,0,0,0,0,0,0,0,0,0,0,0,0,0,0,0,0.04315,0,0,0,0,0,0,0,0,0,0,0,7.799,0.10062,0,0,0,0,0,0,0.0013984,0.0016314,0.30028,3.8323,16.032,0.25673,0,0,0,0,0,0,0,0,0,0.032562,0.75502,0,0,0,0,0,0,0,0,0,0,0,0,0,0,0,0,0,0,0,0,0,0,0,0,0,0,0,0,0,0,0,0,0,0,0,0.9733,0,0,0,0,0,0,0,0,0,0,0,1.5085,0.12928,0.00023306,0,0,0,0,0.00066589,0.018012,0.042051,0.8838,2.7172,0.00083236,0,0,0,0,0,0,0,0,0,0,0.00099883,0,0,0,0,0,0,0,0,0,0,0,0,0,0,0,0,0,0,0,0,0,0,0,0,0,0,0,0,0,0,0,0,0,0,0,0
5,0,0,0,0,0,0,0,0,0,0,0,0,5.2653,0.0040952,0,0,0,0,0,0,0,0,0.014417,0.10514,0,0,0,0,0,0,0,0,0,0,0,0,0,0,0,0,0,0,0,0,0,0,0,0,0,0,0,0,0,0,0,0,0,0,0,0,0,0,0,0,0,0,0,0,0,0,0,0,0.00019977,0,0,0,0,0,0,0,0,0,0,0,39.85,0.080506,0,0,0,0,0,0,0,0.031763,2.1251,2.3647,7.4107,0.17636,0,0,0,0,0,0,0,0.0005993,0,0,0,0,0,0,0,0,0,0,0,0,0,0,0,0,0,0,0,0,0,0,0,0,0,0,0,0,0,0,0,0,0,0,0,0,0,0,0.21518,0,0,0,0,0,0,0,0,0,0,0,10.708,0.22354,0.0018645,0,0,0,0,0,0.14087,1.2878,4.4017,4.8076,1.2321,0.1446,0,0,0,0,0,0,0,0.022174,0,0,0,0,0,0,0,0,0,0,0,0,0,0,0,0,0,0,0,0,0,0,0,0,0,0,0,0,0,0,0,0,0,0,0,0,0,0,2.3657,0,0,0,0,0,0,0,0,0,0,0,0.34819,0.13211,0.0041618,0,0,0,0.011087,0.1986,1.9753,2.3603,2.0214,1.1896,0,0,0,0,0,0,0,0,0,0.010887,0,0,0,0,0,0,0,0,0,0,0,0,0,0,0,0,0,0,0,0,0,0,0,0,0,0,0,0,0,0,0,0,0,0,0,0,0,0,4.9819,0,0,0,0,0,0,0,0,0,0,0,0.0079241,0.001698,0,0,0,0,0.0031963,0.73378,1.9801,0.78595,0.21778,0.054903,0,0,0,0,0,0,0,0,0,0.00096554,0,0,0,0,0,0,0,0,0,0,0,0,0,0,0,0,0,0,0,0,0,0,0,0,0,0,0,0,0,0,0,0,0,0,0,0,0,0
5,0,0,0,0,0,0,0,0,0,0,0,0,8.0081,0.12455,0,0,0,0,0,0,0,0,0,0.0029299,0,0,0,0,0,0,0,0,0,0,0,0,0,0,0,0,0,0,0,0,0,0,0,0,0,0,0,0,0,0,0,0,0,0,0,0,0,0,0,0,0,0,0,0,0,0,0,0,0,0,0,0,0,0,0,0,0,0,0,0,29.878,8.5929,0,0,0,0,0,0,0,0.00099883,0.074413,0.25903,5.3487,1.5052,0,0,0,0,0,0,0,0,0,0,0,0,0,0,0,0,0,0,0,0,0,0,0,0,0,0,0,0,0,0,0,0,0,0,0,0,0,0,0,0,0,0,0,0,0,0,0.029432,0,0,0,0,0,0,0,0,0,0,0,6.8123,14.378,0.43476,9.9883e-05,0,0,0,0,3.3294e-05,0.0056934,0.047678,0.20047,7.804,5.0684,0.013851,0,0,0,0,0,0,0,0,0.00036624,0.21149,0.22917,0,0,0,0,0,0,0,0,0,0,0,0,0,0,0,0,0,0,0,0,0,0,0,0,0,0,0,0,0,0,0,0,0,0,0.32715,0,0,0,0,0,0,0,0,0,0,0,1.5965,1.1058,0.76601,0.00036624,0,0,0,0,0.034693,0.017047,0.030631,0.13294,0.15608,3.4241,0.16807,0,0,0,0,0,0,0,0,0,0.24195,0.52462,0,0,0,0,0,0,0,0,0,0,0,0,0,0,0,0,0,0,0,0,0,0,0,0,0,0,0,0,0,0,0,0,0,0,0.45234,0,0,0,0,0,0,0,0,0,0,0,0.47068,0.90411,0.13681,0,0,0,0,0.0035292,0.042983,0.028933,0.098585,0.16561,0,0.09106,0.049109,0,0,0,0,0,0,0,0,0,0,0,0,0,0,0,0,0,0,0,0,0,0,0,0,0,0,0,0,0,0,0,0,0,0,0,0,0,0,0,0,0,0,0,0,0
5,0,0,0,0,0,0,0,0,0,0,0,0,8.0243,0,0,0,0,0,0,0,0,0,0,1.5286,0,0,0,0,0,0,0,0,0,0,0,0,0,0,0,0,0,0,0,0,0,0,0,0,0,0,0,0,0,0,0,0,0,0,0,0,0,0,0,0,0,0,0,0,0,0,0,0,0,0,0,0,0,0,0,0,0,0,0,0,53.845,0.0014983,0,0,0,0,0,0,0,0.0029965,1.933,4.0884,1.2055,0,0,0,0,0,0,0,0,0,0.0006326,0,0,0,0,0,0,0,0,0,0,0,0,0,0,0,0,0,0,0,0,0,0,0,0,0,0,0,0,0,0,0,0,0,0,0,0,0,0.017113,0,0,0,0,0,0,0,0,0,0,0,10.43,0.002597,0,0,0,0,0,0,0.0063592,0.72179,3.9807,1.3771,0.89279,0,0,0,0,0,0,0,0,0.19587,0.010221,0,0,0,0,0,0,0,0,0,0,0,0,0,0,0,0,0,0,0,0,0,0,0,0,0,0,0,0,0,0,0,0,0,0,0,0,0,0.17613,0,0,0,0,0,0,0,0,0,0,0,0.26476,0.0064924,0,0,0,0,0.00053271,0.039287,0.69486,1.3819,1.0133,0.19577,0,0,0,0,0,0,0,0,0,0.049309,0,0,0,0,0,0,0,0,0,0,0,0,0,0,0,0,0,0,0,0,0,0,0,0,0,0,0,0,0,0,0,0,0,0,0,0,0,0,2.142,0,0,0,0,0,0,0,0,0,0,0,0.04012,0.0087897,0,0,0,0,0.013684,0.59877,2.2548,2.2671,0.53281,0.040286,0,0,0,0,0,0,0,0,0,0.014783,0,0,0,0,0,0,0,0,0,0,0,0,0,0,0,0,0,0,0,0,0,0,0,0,0,0,0,0,0,0,0,0,0,0,0,0,0,0
6,0,0,0,0,0,0,0,0,0,0,0,0,0.62664,0,0,0,0,0,0,0,0,0,0,0,0,0,0,0,0,0,0,0,0,0,0,0,0,0,0,0,0,0,0,0,0,0,0,0,0,0,0,0,0,0,0,0,0,0,0,0,0,0,0,0,0,0,0,0,0,0,0,0,0.10671,0,0,0,0,0,0,0,0,0,0,0,58.114,5.6245,0.49223,0.006559,0,0,0,3.3294e-05,0.0027967,0.073115,0.20949,0.35299,0,0,0,0,0,0,0,0,0,0,0,0,0,0,0,0,0,0,0,0,0,0,0,0,0,0,0,0,0,0,0,0,0,0,0,0,0,0,0,0,0,0,0,0,0,0,0,0,0.70345,0,0,0,0,0,0,0,0,0,0,0,21.231,3.3348,1.2874,0.21785,0.0038289,0,0,0.021974,0.08297,0.32712,1.161,1.449,0,0,0,0,0,0,0,0,0,0,0,0,0,0,0,0,0,0,0,0,0,0,0,0,0,0,0,0,0,0,0,0,0,0,0,0,0,0,0,0,0,0,0,0,0,0,0,0,0.57007,0,0,0,0,0,0,0,0,0,0,0,0.42933,0.093924,0.045946,0.0022973,0,0,0,0.0077243,0.10271,0.16234,0.23799,0.10368,0,0,0,0,0,0,0,0,0,0,0,0,0,0,0,0,0,0,0,0,0,0,0,0,0,0,0,0,0,0,0,0,0,0,0,0,0,0,0,0,0,0,0,0,0,0,0,0,2.1077,0,0,0,0,0,0,0,0,0,0,0,0.16461,0.030831,0.00083236,0,0,0,0,0.0035958,0.091094,0.18189,0.1732,0.061462,0,0,0,0,0,0,0,0,0,0,0,0,0,0,0,0,0,0,0,0,0,0,0,0,0,0,0,0,0,0,0,0,0,0,0,0,0,0,0,0,0,0,0,0,0,0,0,0
6,0,0,0,0,0,0,0,0,0,0,0,0,0.15289,0.018778,0,0,0,0,0,0,0,0,0.0011653,0.0025637,0,0,0,0,0,0,0,0,0,0,0,0,0,0,0,0,0,0,0,0,0,0,0,0,0,0,0,0,0,0,0,0,0,0,0,0,0,0,0,0,0,0,0,0,0,0,0,0,0.010521,0,0,0,0,0,0,0,0,0,0,0,29.168,0.08893,0,0,0,0,0,0,0.0028633,0.13494,1.0206,8.3,0,0,0,0,0,0,0,0,0,0.0020643,0,0,0,0,0,0,0,0,0,0,0,0,0,0,0,0,0,0,0,0,0,0,0,0,0,0,0,0,0,0,0,0,0,0,0,0,0,0,0.08813,0,0,0,0,0,0,0,0,0,0,0,29.147,4.9494,0.13994,0,0,0,0,0,0.10075,1.2736,1.8129,18.607,0,0,0,0,0,0,0,0,0.00016647,0.0286,0,0,0,0,0,0,0,0,0,0,0,0,0,0,0,0,0,0,0,0,0,0,0,0,0,0,0,0,0,0,0,0,0,0,0,0,0,0,0.046313,0,0,0,0,0,0,0,0,0,0,0,0.11353,0.32742,0.0018978,0,0,0,0,0,0.14014,0.87268,0.30261,0.20133,0,0,0,0,0,0,0,0,0.00079907,0.017413,0,0,0,0,0,0,0,0,0,0,0,0,0,0,0,0,0,0,0,0,0,0,0,0,0,0,0,0,0,0,0,0,0,0,0,0,0,0,1.0284,0,0,0,0,0,0,0,0,0,0,0,0.031363,0,0,0,0,0,0,0,0.093524,0.71114,0.99281,0.058965,0,0,0,0,0,0,0,0,0,0.0096221,0,0,0,0,0,0,0,0,0,0,0,0,0,0,0,0,0,0,0,0,0,0,0,0,0,0,0,0,0,0,0,0,0,0,0,0,0,0
6,0,0,0,0,0,0,0,0,0,0,0,0,2.2873,0.16597,0,0,0,0,0,0,0,0,0,0,0,0,0,0,0,0,0,0,0,0,0,0,0,0,0,0,0,0,0,0,0,0,0,0,0,0,0,0,0,0,0,0,0,0,0,0,0,0,0,0,0,0,0,0,0,0,0,0,0.014583,0,0,0,0,0,0,0,0,0,0,0,43.152,4.4114,0,0,0,0,0,0,0,0.04325,1.0617,3.3427,0.1462,0.14909,0,0,0,0,0,0,0,0,0,0,0,0,0,0,0,0,0,0,0,0,0,0,0,0,0,0,0,0,0,0,0,0,0,0,0,0,0,0,0,0,0,0,0,0,0,0,0.1181,0,0,0,0,0,0,0,0,0,0,0,10.979,6.7417,0.019644,0,0,0,0,0,0.035692,0.55389,1.3098,1.1315,0.6605,10.288,0,0,0,0,0,0,0,0.0025304,0,0,0,0,0,0,0,0,0,0,0,0,0,0,0,0,0,0,0,0,0,0,0,0,0,0,0,0,0,0,0,0,0,0,0,0,0,0,0.30391,0,0,0,0,0,0,0,0,0,0,0,0.77739,3.5808,0.13301,0,0,0,0,0,0.29336,0.67451,0.53611,0.32212,0,3.3309,0,0,0,0,0,0,0,0,0,0,0,0,0,0,0,0,0,0,0,0,0,0,0,0,0,0,0,0,0,0,0,0,0,0,0,0,0,0,0,0,0,0,0,0,0,0,1.6042,0,0,0,0,0,0,0,0,0,0,0,0.15815,0.11733,0.010688,0,0,0,0,0.0034959,0.18126,0.56441,0.65067,0.14426,0,0,0,0,0,0,0,0,0,0,0,0,0,0,0,0,0,0,0,0,0,0,0,0,0,0,0,0,0,0,0,0,0,0,0,0,0,0,0,0,0,0,0,0,0,0,0,0
