1,0,0,0,0,0,0,0,0,0,0,0,0,0,0,0,0,0,0,0,0,0,0,0,0,0,0,0,0,0,0,0,0,0,0,0,0,0,0,0,0,0,0,0,0,0,0,0,0,0,0,0,0,0,0,0,0,0,0,0,0,0,0,0,0,0,0,0,0,0,0,0,0,0,0,0,0,0,0,0,0,0,0,0,0,0,0,0,0,0,0,0,0,0,0,0,0,0,0,0,0,0,0,0,0,0,0,0,0,0,0,0,0,0,0,0,0,0,0,0,0,0,0,0,0,0,0,0,0,0,0,0,0,0,0,0,0,0,0,0,0,0,0,0,0,9.8175,0.0052938,0,0,0,0,0,0,0,0,0,0,0,0,0,0,0,0,0,0,0,0,0,23.993,1.6507,0,0,0,0,0,0,0,0,0,0,0,0,0,0,0,0,0,0,0,0,0,0,0.00069918,0,0,0,0,0,0,0,0,0,0,0,0,0,0,0,0,0,0,0,0,0,0,0,0,0,0,0,0,0,0,0,0,0,0,0,0,0,0,0,0,0,0,0,0,0,0,0,0,2.3127,0,0,0,0,0,0,0,0,0,0,0,0,0,0,0,0,0,0,0,0,0,0,0,4.5425,0.087631,0.29389,0.13697,0.0028633,0,0,0,0,0,0,0,0,0.011953,0.06256,0.58445,0.78066,0.42187,0.23709,0.28131,0.64188,2.1404,1.1011,50.323,0.052239,0,0,0,0,0,0,0,0,0,0,0,0,0,0,0,0,0,0,0,0,0,0,6.6589E-05,0,0,0,0,0,0,0,0,0,0,0,0,0,0,0,0,0,0,0,0,0,0,0,0,0,0,0,0,0,0,0,0,0,0,0,0,0,0,0,0,0,0,0,0,0,0,0,0,0.094523,0,0,0,0,0,0,0,0,0,0,0,0,0,0,0,0,0,0,0,0,0,0,0,0.0046612,0,0,0,0,0,0,0,0,0,0,0,0,0.0018312,0.058399,0.19291,0.12895,0.025137,0.0064591,0.00076577,0,0,0,0.0036957,0,0,0,0,0,0,0,0,0,0,0,0,0,0,0,0,0,0,0,0,0,0,0,0,0,0,0,0,0,0,0,0,0,0,0,0,0,0,0,0,0,0,0,0,0,0,0,0,0,0,0,0,0,0,0,0,0,0,0,0,0,0,0,0,0,0,0,0,0,0,0,0
1,6.6589E-05,0,0,0,0,0,0,0,0,0,0,0,0,0,0,0,0,0,0,0,0,0,0,0,8.4496,0.0014983,0,0,0,0,0,0,0,0,0,0,0,0,0,0,0,0.00046612,0.0014317,0.00016647,0.010421,0.011986,0.0055602,2.9978,0,0,0,0,0,0,0,0,0,0,0,0,0,0,0,0,0,0,0,0,0,0,0,0,0,0,0,0,0,0,0,0,0,0,0,0,0,0,0,0,0,0,0,0,0,0,0,0,0,0,0,0,0,0,0,0,0,0,0,0,0,0,0,0,0,0,0,0,0,0,0,0,0.036258,0,0,0,0,0,0,0,0,0,0,0,0,0,0,0,0,0,0,0,0,0,0,0,47.76,1.3591,0,0,0,0,0,0,0,0,0,0,0,0,0,0,0,0.0056268,0.025204,0.097686,0.4268,1.1924,1.6975,12.668,8.1136,0.0016647,0,0,0,0,0,0,0,0,0,0,0,0,0,0,0,0,0,0,0,0,0.03143,0.049842,0,0,0,0,0,0,0,0,0,0,0,0,0,0,0,0,0,0,0,0,0,0,0,0,0,0,0,0,0,0,0,0,0,0,0,0,0,0,0,0,0,0,0,0,0,0,0,0,0.17013,0,0,0,0,0,0,0,0,0,0,0,0,0,0,0,0,0,0,0,0,0,0,0,5.0196,1.3023,0.10947,0.00033294,0,0,0,0,0,0,0,0,0,0,0,0,0,0.010488,0.037889,0.09459,0.19344,0.34836,0.4304,1.285,2.1742,0.086199,0,0,0,0,0,0,0,0,0,0,0,0,0,0,0,0,0,0,0,0,0.0006326,0.038755,0,0,0,0,0,0,0,0,0,0,0,0,0,0,0,0,0,0,0,0,0,0,0,0,0,0,0,0,0,0,0,0,0,0,0,0,0,0,0,0,0,0,0,0,0,0,0,0,1.4952,0,0,0,0,0,0,0,0,0,0,0,0,0,0,0,0,0,0,0,0,0,0,0,0.14726,0.038588,0.0036624,0.00039953,0,0,0,0,0,0,0,0,0,0,0,0,0,0.01112,0.045514,0.13498,0.89992,0.58522,0.22374,0.1678,0.0014317,0,0,0,0,0,0,0,0,0,0,0,0,0,0,0,0,0,0,0,0,0,0,0,0,0,0,0,0,0,0,0,0,0,0,0,0,0,0,0,0,0,0,0,0,0,0,0,0,0,0,0,0,0,0,0,0,0,0,0,0,0,0,0,0,0,0,0,0,0,0,0
1,0,0,0,0,0,0,0,0,0,0,0,0,0,0,0,0,0,0,0,0,0,0,0,0,1.1398,0.00039953,0,0,0,0,0,0,0,0,0,0,0,0,0,0,0,0,0,0,0,0.00093225,0.0015981,0.0090894,0,0,0,0,0,0,0,0,0,0,0,0,0,0,0,0,0,0,0,0,0,0,0,0,0,0,0,0,0,0,0,0,0,0,0,0,0,0,0,0,0,0,0,0,0,0,0,0,0,0,0,0,0,0,0,0,0,0,0,0,0,0,0,0,0,0,0,0,0,0,0,0,0,0,0,0,0,0,0,0,0,0,0,0,0,0,0,0,0,0,0,0,0,0,0,0,37.345,0.0079574,0,0,0,0,0,0,0,0,0,0,0,0,0,0,0,0,0,0,0,0.0085567,0.092392,12.102,9.7805,0,0,0,0,0,0,0,0,0,0,0,0,0,0,0,0,0,0,0,0,0,0,0.29236,0,0,0,0,0,0,0,0,0,0,0,0,0,0,0,0,0,0,0,0,0,0,0,0,0,0,0,0,0,0,0,0,0,0,0,0,0,0,0,0,0,0,0,0,0,0,0,0,0,0,0,0,0,0,0,0,0,0,0,0,0,0,0,0,0,0,0,0,0,0,0,0,14.01,0.020476,3.3294E-05,0,0,0,0,0,0,0,0,0,0,0,0,0,0,0,0,0,0.00039953,0.012053,0.25926,12.795,7.3224,0,0,0,0,0,0,0,0,0,0,0,0,0,0,0,0,0,0,0,0,0,0.011154,0.171,0,0,0,0,0,0,0,0,0,0,0,0,0,0,0,0,0,0,0,0,0,0,0,0,0,0,0,0,0,0,0,0,0,0,0,0,0,0,0,0,0,0,0,0,0,0,0,0,0.03739,0,0,0,0,0,0,0,0,0,0,0,0,0,0,0,0,0,0,0,0,0,0,0,1.7714,0.16954,0.039587,0.011287,0.001132,0,0,0,0,0,0,0,0,0,0,0,0,0,0,3.3294E-05,0.0050275,0.068487,0.24904,2.0456,0.19454,0,0,0,0,0,0,0,0,0,0,0,0,0,0,0,0,0,0,0,0,0,3.3294E-05,0.023073,0,0,0,0,0,0,0,0,0,0,0,0,0,0,0,0,0,0,0,0,0,0,0,0,0,0,0,0,0,0,0,0,0,0,0,0,0,0,0,0,0,0,0,0,0,0,0,0
1,9.9883E-05,0,0,0,0,0,0,0,0,0,0,0,0,0,0,0,0,0,0,0,0,0,0,0,0.00043283,0,0,0,0,0,0,0,0,0,0,0,0,0,0,0,0,0,6.6589E-05,0.00039953,0.0012985,0.001132,0.0028966,0.0035625,0,0,0,0,0,0,0,0,0,0,0,0,0,0,0,0,0,0,0,0,0,0,0,0,0,0,0,0,0,0,0,0,0,0,0,0,0,0,0,0,0,0,0,0,0,0,0,0,0,0,0,0,0,0,0,0,0,0,0,0,0,0,0,0,0,0,0,0,0,0,0,0,0.0036624,0,0,0,0,0,0,0,0,0,0,0,0,0,0,0,0,0,0,0,0,0,0,0,5.0595,0.0078908,0.00056601,0,0,0,0,0,0,0,0,0,0,0,0,0,0,0.001132,0.022907,0.06872,0.14486,0.39324,1.4532,8.9104,21.421,0,0,0,0,0,0,0,0,0,0,0,0,0,0,0,0,0,0,0,0.0033294,0.023672,0.41169,11.314,0,0,0,0,0,0,0,0,0,0,0,0,0,0,0,0,0,0,0,0,0,0,0,0,0,0,0,0,0,0,0,0,0,0,0,0,0,0,0,0,0,0,0,0,0,0,0,0,0.013085,0,0,0,0,0,0,0,0,0,0,0,0,0,0,0,0,0,0,0,0,0,0,0,3.1917,0.36221,0.0091893,0,0,0,0,0,0,0,0,0,0,0,0,0,0,0.001132,0.012352,0.049542,0.092559,0.34593,1.5909,12.336,21.15,0,0,0,0,0,0,0,0,0,0,0,0,0,0,0,0,0,0,0,0.001132,0.0063592,0.37396,7.8103,0,0,0,0,0,0,0,0,0,0,0,0,0,0,0,0,0,0,0,0,0,0,0,0,0,0,0,0,0,0,0,0,0,0,0,0,0,0,0,0,0,0,0,0,0,0,0,0,0.63609,0,0,0,0,0,0,0,0,0,0,0,0,0,0,0,0,0,0,0,0,0,0,0,0.12066,0.15192,0.05417,0.028833,0.0052605,0,0,0,0,0,0,0,0,0,0,0,3.3294E-05,0.0006326,0.0099218,0.065057,0.82534,0.66949,0.48433,0.27218,0.031963,0,0,0,0,0,0,0,0,0,0,0,0,0,0,0,0,0,0,0,0.00046612,0.0016647,0.0079574,0.038289,0,0,0,0,0,0,0,0,0,0,0,0,0,0,0,0,0,0,0,0,0,0,0,0,0,0,0,0,0,0,0,0,0,0,0,0,0,0,0,0,0,0,0,0,0,0,0,0
1,0.002264,0,0,0,0,0,0,0,0,0,0,0,0,0,0,0,0,0,0,0,0,0,0,0,18.452,2.0726,0,0,0,0,0,0,0,0,0,0,0,0,0,0.00023306,0.00053271,0.0016314,0.0014317,9.9883E-05,0.0012652,0.0024305,0.0023306,0.0036624,0,0,0,0,0,0,0,0,0,0,0,0,0,0,0,0,0,0,0,0,0,0,0,0,0,0,0,0,0,0,0,0,0,0,0,0,0,0,0,0,0,0,0,0,0,0,0,0,0,0,0,0,0,0,0,0,0,0,0,0,0,0,0,0,0,0,0,0,0,0,0,0,0.1111,0,0,0,0,0,0,0,0,0,0,0,0,0,0,0,0,0,0,0,0,0,0,0,29.562,1.5969,0.0075578,0.0011986,0,0,0,0,0,0,0,0,0,0,0,0.019777,0.0853,0.073481,0.015182,0.0090228,0.022907,0.097686,0.27198,0.80263,7.7691,3.4675,0,0,0,0,0,0,0,0,0,0,0,0,0,0,0,0,0,0,0,0,0,0,0,0,0,0,0,0,0,0,0,0,0,0,0,0,0,0,0,0,0,0,0,0,0,0,0,0,0,0,0,0,0,0,0,0,0,0,0,0,0,0,0,0,0,0,0,0,0,0,0.15675,0,0,0,0,0,0,0,0,0,0,0,0,0,0,0,0,0,0,0,0,0,0,0,2.7489,0.90694,0.001132,0.0045946,9.9883E-05,0,0,0,0,0,0,0,0,0,0.00013318,0.038289,0.1141,0.082537,0.034793,0.0081239,0.01425,0.078508,0.1729,0.3718,4.3761,23.686,0,0,0,0,0,0,0,0,0,0,0,0,0,0,0,0,0,0,0,0,0,0.0015648,0,0,0,0,0,0,0,0,0,0,0,0,0,0,0,0,0,0,0,0,0,0,0,0,0,0,0,0,0,0,0,0,0,0,0,0,0,0,0,0,0,0,0,0,0,0,0,0,0.51187,0,0,0,0,0,0,0,0,0,0,0,0,0,0,0,0,0,0,0,0,0,0,0,0.75728,0.38725,0.051773,0.0055602,0.00016647,3.3294E-05,0,0,0,0,0,0,0,6.6589E-05,0.0022307,0.08297,0.17803,0.072981,0.033594,0.01182,0.021874,0.10185,0.13358,0.22098,0.064258,0.11057,0,0,0,0,0,0,0,0,0,0,0,0,0,0,0,0,0,0,0,0,0,0.00016647,0,0,0,0,0,0,0,0,0,0,0,0,0,0,0,0,0,0,0,0,0,0,0,0,0,0,0,0,0,0,0,0,0,0,0,0,0,0,0,0,0,0,0,0,0,0,0,0
1,0,0,0,0,0,0,0,0,0,0,0,0,0,0,0,0,0,0,0,0,0,0,0,0,21.634,1.2586,0,0,0,0,0,0,0,0,0,0,0,0,0,0,0,0,0,0.00069918,0.0045946,0.0081239,0.094889,0.043649,0,0,0,0,0,0,0,0,0,0,0,0,0,0,0,0,0,0,0,0,0,0,0,0,0,0,0,0,0,0,0,0,0,0,0,0,0,0,0,0,0,0,0,0,0,0,0,0,0,0,0,0,0,0,0,0,0,0,0,0,0,0,0,0,0,0,0,0,0,0,0,0,0,0,0,0,0,0,0,0,0,0,0,0,0,0,0,0,0,0,0,0,0,0,0,0,9.0832,2.1416,0.67235,0.052539,0.048244,0,0,0,0,0,0,0,0,0,0,0,0,0,0,0.00066589,0.0025637,0.059497,1.0047,0.97846,17.007,7.492,1.8691,0,0,0,0,0,0,0,0,0,0,0,0,0,0,0,0,0,0,6.6589E-05,0.0057599,0.024039,0,0,0,0,0,0,0,0,0,0,0,0,0,0,0,0,0,0,0,0,0,0,0,0,0,0,0,0,0,0,0,0,0,0,0,0,0,0,0,0,0,0,0,0,0,0,0,0,0.00026636,0,0,0,0,0,0,0,0,0,0,0,0,0,0,0,0,0,0,0,0,0,0,0,0.40666,0.2324,0.60489,0.57273,1.4718,0.01415,0,0,0,0,0,0,0,0,0,0,0,0,0,0.00056601,0.0088896,0.076211,0.29502,0.22507,4.1859,25.277,0.96484,0.0024305,0,0,0,0,0,0,0,0,0,0,0,0,0,0,0,0,0,0,0.018678,0.089895,0.1101,0.32019,0,0,0,0,0,0,0,0,0,0,0,0,0,0,0,0,0,0,0,0,0,0,0,0,0,0,0,0,0,0,0,0,0,0,0,0,0,0,0,0,0,0,0,0,0,0,0.04558,0,0,0,0,0,0,0,0,0,0,0,0,0,0,0,0,0,0,0,0,0,0,0,0.11756,0.041984,0.012952,0.00079907,0.035991,0.00019977,0,0,0,0,0,0,0,0,0,0,0,0,0,0.0031963,0.15236,0.23256,0.28946,0.15239,0.035958,0.45171,0.037589,0,0,0,0,0,0,0,0,0,0,0,0,0,0,0,0,0,0,0,0.00036624,0.0029632,0,0.022973,0,0,0,0,0,0,0,0,0,0,0,0,0,0,0,0,0,0,0,0,0,0,0,0,0,0,0,0,0,0,0,0,0,0,0,0,0,0,0,0,0,0,0,0,0,0
1,0,0,0,0,0,0,0,0,0,0,0,0,0,0,0,0,0,0,0,0,0,0,0,0,0.63309,0,0,0,0,0,0,0,0,0,0,0,0,0,0,0,0,0,0,0,0.0087232,0.023339,0.17077,0.38575,0,0,0,0,0,0,0,0,0,0,0,0,0,0,0,0,0,0,0,0,0,0,0,0,0,0,0,0,0,0,0,0,0,0,0,0,0,0,0,0,0,0,0,0,0,0,0,0,0,0,0,0,0,0,0,0,0,0,0,0,0,0,0,0,0,0,0,0,0,0,0,0,0.004295,0,0,0,0,0,0,0,0,0,0,0,0,0,0,0,0,0,0,0,0,0,0,0,5.8076,0,0,0,0,0,0,0,0,0,0,0,0,0.00016647,0.0015981,0.0016647,0.0045613,0.011287,0.086865,0.20469,0.15775,0.23506,2.1579,42.183,8.0225,0,0,0,0,0,0,0,0,0,0,0,0,0,0,0,0,0,0,0,0,0,0.0070251,8.9287,0,0,0,0,0,0,0,0,0,0,0,0,0,0,0,0,0,0,0,0,0,0,0,0,0,0,0,0,0,0,0,0,0,0,0,0,0,0,0,0,0,0,0,0,0,0,0,0,0.15395,0,0,0,0,0,0,0,0,0,0,0,0,0,0,0,0,0,0,0,0,0,0,0,2.41,0.033561,0.007125,0.0039953,0,0,0,0,0,0.00066589,0.0069918,0.0010654,0.0023306,0.058731,0.074646,0.057366,0.067721,0.088097,0.069719,0.048077,0.04841,0.44744,1.4656,8.8997,15.085,0,0,0,0,0,0,0,0,0,0,0,0,0,0,0,0,0,0,0,0,0,0.001132,1.1733,0,0,0,0,0,0,0,0,0,0,0,0,0,0,0,0,0,0,0,0,0,0,0,0,0,0,0,0,0,0,0,0,0,0,0,0,0,0,0,0,0,0,0,0,0,0,0,0,0.039221,0,0,0,0,0,0,0,0,0,0,0,0,0,0,0,0,0,0,0,0,0,0,0,0.02254,0.0043283,0.00096554,0,0,0,0,0,0,0,0.00069918,0.00086566,0.050541,0.32675,0.092925,0.054137,0.036291,0.031663,0.011886,0.0060929,0.004861,0.01971,0.035825,0.01971,0,0,0,0,0,0,0,0,0,0,0,0,0,0,0,0,0,0,0,0,0,0,0,0.00013318,0,0,0,0,0,0,0,0,0,0,0,0,0,0,0,0,0,0,0,0,0,0,0,0,0,0,0,0,0,0,0,0,0,0,0,0,0,0,0,0,0,0,0,0,0,0,0,0
1,0,0,0,0,0,0,0,0,0,0,0,0,0,0,0,0,0,0,0,0,0,0,0,0,5.7591,0,0,0,0,0,0,0,0,0,0,0,0,0,0,0,0,0,0,0,0,0,0.00026636,0.98242,0,0,0,0,0,0,0,0,0,0,0,0,0,0,0,0,0,0,0,0,0,0,0,0,0,0,0,0,0,0,0,0,0,0,0,0,0,0,0,0,0,0,0,0,0,0,0,0,0,0,0,0,0,0,0,0,0,0,0,0,0,0,0,0,0,0,0,0,0,0,0,0,0.016581,0,0,0,0,0,0,0,0,0,0,0,0,0,0,0,0,0,0,0,0,0,0,0,12.887,0.0086566,0.35242,0.053005,0,0,0,0,0,0,0,0,0,0,0,0.00093225,0.083835,0.082371,0.12332,0.39531,0.77353,1.0595,1.5253,7.8504,24.285,0,0,0,0,0,0,0,0,0,0,0,0,0,0,0,0,0,0,0,0,0.0047944,0.13807,3.5006,0,0,0,0,0,0,0,0,0,0,0,0,0,0,0,0,0,0,0,0,0,0,0,0,0,0,0,0,0,0,0,0,0,0,0,0,0,0,0,0,0,0,0,0,0,0,0,0,0.34317,0,0,0,0,0,0,0,0,0,0,0,0,0,0,0,0,0,0,0,0,0,0,0,2.8426,0.47981,1.0448,0.80489,0.4552,0.52079,0.65507,0.27798,0.073647,0.029632,0.012053,0.024471,0.0029632,0.017446,0.046246,0.53544,0.76021,0.66209,0.55712,0.73404,0.7701,0.80449,0.83759,2.5704,8.2507,0,0,0,0,0,0,0,0,0,0,0,0,0,0,0,0,0,0,0,0,0.023772,0.062694,1.1458,0,0,0,0,0,0,0,0,0,0,0,0,0,0,0,0,0,0,0,0,0,0,0,0,0,0,0,0,0,0,0,0,0,0,0,0,0,0,0,0,0,0,0,0,0,0,0,0,0.10931,0,0,0,0,0,0,0,0,0,0,0,0,0,0,0,0,0,0,0,0,0,0,0,0,0,0,0,0,0.00093225,0.38415,1.43,1.3768,0.51786,0.093591,0.06559,0.18801,0.59517,3.4069,4.2574,1.592,0.36964,0.17756,0.1149,0.047045,0.031164,0.014383,0.00066589,0,0,0,0,0,0,0,0,0,0,0,0,0,0,0,0,0,0,0,0,0,0,0,0,0,0,0,0,0,0,0,0,0,0,0,0,0,0,0,0,0,0,0,0,0,0,0,0,0,0,0,0,0,0,0,0,0,0,0,0,0,0,0,0,0,0,0,0,0,0,0,0
1,0,0,0,0,0,0,0,0,0,0,0,0,0,0,0,0,0,0,0,0,0,0,0,0,0,0,0,0,0,0,0,0,0,0,0,0,0,0,0,0,0,0,0,0,0,0,0,0,0,0,0,0,0,0,0,0,0,0,0,0,0,0,0,0,0,0,0,0,0,0,0,0,0,0,0,0,0,0,0,0,0,0,0,0,0,0,0,0,0,0,0,0,0,0,0,0,0,0,0,0,0,0,0,0,0,0,0,0,0,0,0,0,0,0,0,0,0,0,0,0,0,0,0,0,0,0,0,0,0,0,0,0,0,0,0,0,0,0,0,0,0,0,0,0,32.859,0.44445,0.09106,0.050807,0.011753,0,0,0,0,0,0,0,0,0,0,0,0,0,0,0,0,0.0054603,0.034193,7.2529,21.314,0,0,0,0,0,0,0,0,0,0,0,0,0,0,0,0,0,0,0,0,0,0.00099883,0.81821,0,0,0,0,0,0,0,0,0,0,0,0,0,0,0,0,0,0,0,0,0,0,0,0,0,0,0,0,0,0,0,0,0,0,0,0,0,0,0,0,0,0,0,0,0,0,0,0,0.018745,0,0,0,0,0,0,0,0,0,0,0,0,0,0,0,0,0,0,0,0,0,0,0,8.8922,0.32465,0.20636,0.31423,0.81934,0.36447,0.071816,0.017013,0,0,0,0,0,0,0,0,0,0,0,0,0.00083236,0.01465,0.12908,7.2655,15.801,0,0,0,0,0,0,0,0,0,0,0,0,0,0,0,0,0,0,0,0,0,0.00073248,0.62237,0,0,0,0,0,0,0,0,0,0,0,0,0,0,0,0,0,0,0,0,0,0,0,0,0,0,0,0,0,0,0,0,0,0,0,0,0,0,0,0,0,0,0,0,0,0,0,0,0.0021641,0,0,0,0,0,0,0,0,0,0,0,0,0,0,0,0,0,0,0,0,0,0,0,0.017846,0.00089895,0,0.0010987,0.21748,1.0958,0.65777,0.054769,0,0,0,0,0,0,0,0,0,0,0,0,0.00036624,0.010022,0.051606,0.14323,0,0,0,0,0,0,0,0,0,0,0,0,0,0,0,0,0,0,0,0,0,0,0.00019977,6.6589E-05,0,0,0,0,0,0,0,0,0,0,0,0,0,0,0,0,0,0,0,0,0,0,0,0,0,0,0,0,0,0,0,0,0,0,0,0,0,0,0,0,0,0,0,0,0,0,0,0
1,0,0,0,0,0,0,0,0,0,0,0,0,0,0,0,0,0,0,0,0,0,0,0,0,13.257,0.2041,0,0,0,0,0,0,0,0,0,0,0,0,0,0,0,0,0,0,0,0,0.0045613,0.1974,0,0,0,0,0,0,0,0,0,0,0,0,0,0,0,0,0,0,0,0,0,0,0,0,0,0,0,0,0,0,0,0,0,0,0,0,0,0,0,0,0,0,0,0,0,0,0,0,0,0,0,0,0,0,0,0,0,0,0,0,0,0,0,0,0,0,0,0,0,0,0,0,0,0,0,0,0,0,0,0,0,0,0,0,0,0,0,0,0,0,0,0,0,0,0,0,17.492,0.063293,0,0,0,0,0,0,0,0,0,0,0,0,0,0,0,0,0,0,0,0.0063925,0.017946,0.21512,40.935,0,0,0,0,0,0,0,0,0,0,0,0,0,0,0,0,0,0,0,0,0,0.00039953,0.23213,0,0,0,0,0,0,0,0,0,0,0,0,0,0,0,0,0,0,0,0,0,0,0,0,0,0,0,0,0,0,0,0,0,0,0,0,0,0,0,0,0,0,0,0,0,0,0,0,0,0,0,0,0,0,0,0,0,0,0,0,0,0,0,0,0,0,0,0,0,0,0,0,0.36554,0.15931,0.24834,0.0077909,0,0,0,0,0,0,0,0,0,0,0,0,0,0,0,0,0,0.0010654,0.020576,0.22993,22.761,0,0,0,0,0,0,0,0,0,0,0,0,0,0,0,0,0,0,0,0,0,0.069985,1.6604,0,0,0,0,0,0,0,0,0,0,0,0,0,0,0,0,0,0,0,0,0,0,0,0,0,0,0,0,0,0,0,0,0,0,0,0,0,0,0,0,0,0,0,0,0,0,0,0,0,0,0,0,0,0,0,0,0,0,0,0,0,0,0,0,0,0,0,0,0,0,0,0,0.68247,0.028134,0,0,0,0,0,0,0,0,0,0,0,0,0,0,0,0,0,0,0,0.0054603,0.027834,0.5676,0.4571,0,0,0,0,0,0,0,0,0,0,0,0,0,0,0,0,0,0,0,0,0,0.0013318,0.080839,0,0,0,0,0,0,0,0,0,0,0,0,0,0,0,0,0,0,0,0,0,0,0,0,0,0,0,0,0,0,0,0,0,0,0,0,0,0,0,0,0,0,0,0,0,0,0,0
1,0,0,0,0,0,0,0,0,0,0,0,0,0,0,0,0,0,0,0,0,0,0,0,0,3.7201,3.5065,0,0,0,0,0,0,0,0,0,0,0,0,0,0,0,0,0,0.00023306,0.0019644,0.013351,0.043449,0.088031,0,0,0,0,0,0,0,0,0,0,0,0,0,0,0,0,0,0,0,0,0,0,0,0,0,0,0,0,0,0,0,0,0,0,0,0,0,0,0,0,0,0,0,0,0,0,0,0,0,0,0,0,0,0,0,0,0,0,0,0,0,0,0,0,0,0,0,0,0,0,0,0,0,0,0,0,0,0,0,0,0,0,0,0,0,0,0,0,0,0,0,0,0,0,0,0,59.605,21.672,0.12056,0,0,0,0,0,0,0,0,0,0,0,0,0,0,0,0,0.00283,0.030964,0.2025,1.4551,2.0196,2.1912,0.00026636,0,0,0,0,0,0,0,0,0,0,0,0,0,0,0,0,0,0,0,0,0,0,0,0,0,0,0,0,0,0,0,0,0,0,0,0,0,0,0,0,0,0,0,0,0,0,0,0,0,0,0,0,0,0,0,0,0,0,0,0,0,0,0,0,0,0,0,0,0,0,0,0,0,0,0,0,0,0,0,0,0,0,0,0,0,0,0,0,0,0,0,0,0,0,1.5296,0.27904,0.091194,0,0,0,0,0,0,0,0,0,0,0,0,0,0,0,0,0.0015315,0.008024,0.073847,0.2292,0.29885,0.016214,0,0,0,0,0,0,0,0,0,0,0,0,0,0,0,0,0,0,0,0,0,0,0,0,0,0,0,0,0,0,0,0,0,0,0,0,0,0,0,0,0,0,0,0,0,0,0,0,0,0,0,0,0,0,0,0,0,0,0,0,0,0,0,0,0,0,0,0,0,0,0,0.13314,0,0,0,0,0,0,0,0,0,0,0,0,0,0,0,0,0,0,0,0,0,0,0,0.78089,0.18688,0.032795,0.00099883,0,0,0,0,0,0,0,0,0,0,0,0,0,0,0,0.0024305,0.29895,0.44948,0.42447,0.48673,0.002264,0,0,0,0,0,0,0,0,0,0,0,0,0,0,0,0,0,0,0,0,0,0,0,0,0,0,0,0,0,0,0,0,0,0,0,0,0,0,0,0,0,0,0,0,0,0,0,0,0,0,0,0,0,0,0,0,0,0,0,0,0,0,0,0,0,0,0,0,0,0,0
1,0.00016647,0,0,0,0,0,0,0,0,0,0,0,0,0,0,0,0,0,0,0,0,0,0,0,10.381,0.8826,0,0,0,0,0,0,0,0,0,0,0,0,0,0,0,0,0.020609,0.17779,0.73484,0.43662,0.072649,0.039521,0,0,0,0,0,0,0,0,0,0,0,0,0,0,0,0,0,0,0,0,0,0,0,0,0,0,0,0,0,0,0,0,0,0,0,0,0,0,0,0,0,0,0,0,0,0,0,0,0,0,0,0,0,0,0,0,0,0,0,0,0,0,0,0,0,0,0,0,0,0,0,0,0.0032629,0,0,0,0,0,0,0,0,0,0,0,0,0,0,0,0,0,0,0,0,0,0,0,20.429,0.41475,0,0,0,0,0,0,0,0,0,0,0,0,0,0,0.00016647,0.0012319,0.10894,0.89459,3.471,7.9356,8.1561,6.261,4.6826,0.074114,0,0,0,0,0,0,0,0,0,0,0,0,0,0,0,0,0,0,0,0.036258,0.41302,0.80596,0,0,0,0,0,0,0,0,0,0,0,0,0,0,0,0,0,0,0,0,0,0,0,0,0,0,0,0,0,0,0,0,0,0,0,0,0,0,0,0,0,0,0,0,0,0,0,0,0.003962,0,0,0,0,0,0,0,0,0,0,0,0,0,0,0,0,0,0,0,0,0,0,0,1.9694,0.83383,0,0,0,0,0,0,0,0,0,0,0,0,0,0.00016647,0.001132,0.0034959,0.10331,0.70521,1.4986,1.9527,1.5485,1.5089,4.0886,1.0214,0,0,0,0,0,0,0,0,0,0,0,0,0,0,0,0,0,0,0,0.0067588,0.033561,0.35206,0,0,0,0,0,0,0,0,0,0,0,0,0,0,0,0,0,0,0,0,0,0,0,0,0,0,0,0,0,0,0,0,0,0,0,0,0,0,0,0,0,0,0,0,0,0,0,0,1.0625,0,0,0,0,0,0,0,0,0,0,0,0,0,0,0,0,0,0,0,0,0,0,0,0.87761,0.36917,0.039121,0.0051606,0.00043283,0,0,0,0,0,0,0,0,0,0,0,0.0014983,0.0085234,0.17563,1.4725,7.1331,3.8411,1.7333,1.0946,0.026735,0.07974,0,0,0,0,0,0,0,0,0,0,0,0,0,0,0,0,0,0,0,3.3294E-05,0.0013318,0.012818,0,0,0,0,0,0,0,0,0,0,0,0,0,0,0,0,0,0,0,0,0,0,0,0,0,0,0,0,0,0,0,0,0,0,0,0,0,0,0,0,0,0,0,0,0,0,0,0
1,0,0,0,0,0,0,0,0,0,0,0,0,0,0,0,0,0,0,0,0,0,0,0,0,0.90887,0.41135,0,0,0,0,0,0,0,0,0,0,0,0,0,0,0,0,0,0,0.00073248,0.0021974,0.0027301,0.0041618,0,0,0,0,0,0,0,0,0,0,0,0,0,0,0,0,0,0,0,0,0,0,0,0,0,0,0,0,0,0,0,0,0,0,0,0,0,0,0,0,0,0,0,0,0,0,0,0,0,0,0,0,0,0,0,0,0,0,0,0,0,0,0,0,0,0,0,0,0,0,0,0,0,0,0,0,0,0,0,0,0,0,0,0,0,0,0,0,0,0,0,0,0,0,0,0,89.815,3.8163,0.16827,0,0,0,0,0,0,0,0,0,0,0,0,0,0,0,0,0,0.0016647,0.0059597,0.011686,0.037856,0.039354,0,0,0,0,0,0,0,0,0,0,0,0,0,0,0,0,0,0,0,0,0,0,0,0,0,0,0,0,0,0,0,0,0,0,0,0,0,0,0,0,0,0,0,0,0,0,0,0,0,0,0,0,0,0,0,0,0,0,0,0,0,0,0,0,0,0,0,0,0,0,0,0,0,0,0,0,0,0,0,0,0,0,0,0,0,0,0,0,0,0,0,0,0,0,0,2.4062,1.7007,0.23612,0,0,0,0,0,0,0,0,0,0,0,0,0,0,0,0,0,0.0017646,0.0022307,0.0020976,0.0054936,0,0,0,0,0,0,0,0,0,0,0,0,0,0,0,0,0,0,0,0,0,0,0,0,0,0,0,0,0,0,0,0,0,0,0,0,0,0,0,0,0,0,0,0,0,0,0,0,0,0,0,0,0,0,0,0,0,0,0,0,0,0,0,0,0,0,0,0,0,0,0,0,0.00099883,0,0,0,0,0,0,0,0,0,0,0,0,0,0,0,0,0,0,0,0,0,0,0,0.18435,0.15162,0.048344,0.0065257,9.9883E-05,0,0,0,0,0,0,0,0,0,0,0,0,0,0,0,0.0066256,0.0038955,0.0039953,0.012752,0,0,0,0,0,0,0,0,0,0,0,0,0,0,0,0,0,0,0,0,0,0,0,0,0,0,0,0,0,0,0,0,0,0,0,0,0,0,0,0,0,0,0,0,0,0,0,0,0,0,0,0,0,0,0,0,0,0,0,0,0,0,0,0,0,0,0,0,0,0,0,0
1,0,0,0,0,0,0,0,0,0,0,0,0,0,0,0,0,0,0,0,0,0,0,0,0,0.0015981,0,0,0,0,0,0,0,0,0,0,0,0,0,0,0,0,0,0,0,0,0,0,0,0,0,0,0,0,0,0,0,0,0,0,0,0,0,0,0,0,0,0,0,0,0,0,0,0,0,0,0,0,0,0,0,0,0,0,0,0,0,0,0,0,0,0,0,0,0,0,0,0,0,0,0,0,0,0,0,0,0,0,0,0,0,0,0,0,0,0,0,0,0,0,0,0.011187,0,0,0,0,0,0,0,0,0,0,0,0,0,0,0,0,0,0,0,0,0,0,0,51.674,3.1822,0,0,0,0,0,0,0,0,0,0,0,0,0,0,0,0,0.0030964,0.016281,0.087831,0.19617,0.35099,2.6419,17.943,0.066522,0,0,0,0,0,0,0,0,0,0,0,0,0,0,0,0,0,0,0,0,0.00039953,0.0018312,0,0,0,0,0,0,0,0,0,0,0,0,0,0,0,0,0,0,0,0,0,0,0,0,0,0,0,0,0,0,0,0,0,0,0,0,0,0,0,0,0,0,0,0,0,0,0,0,0.034227,0,0,0,0,0,0,0,0,0,0,0,0,0,0,0,0,0,0,0,0,0,0,0,4.59,1.0542,0.00859,0.00066589,6.6589E-05,0,0,0,0,0,0,0,0,0,0,0,0,0,0.038155,0.018445,0.11483,0.37669,0.53521,1.6528,12.679,0.062127,0,0,0,0,0,0,0,0,0,0,0,0,0,0,0,0,0,0,0,0,0,0.0012985,0,0,0,0,0,0,0,0,0,0,0,0,0,0,0,0,0,0,0,0,0,0,0,0,0,0,0,0,0,0,0,0,0,0,0,0,0,0,0,0,0,0,0,0,0,0,0,0,0.74963,0,0,0,0,0,0,0,0,0,0,0,0,0,0,0,0,0,0,0,0,0,0,0,0.17593,0.2,0.018545,0.0048943,0.00083236,0,0,0,0,0,0,0,0,0,0,0,0.0010654,0.01415,0.022074,0.037689,0.2823,0.50115,0.35315,0.28966,0.0055269,0,0,0,0,0,0,0,0,0,0,0,0,0,0,0,0,0,0,0,0,0,0,0,0,0,0,0,0,0,0,0,0,0,0,0,0,0,0,0,0,0,0,0,0,0,0,0,0,0,0,0,0,0,0,0,0,0,0,0,0,0,0,0,0,0,0,0,0,0,0,0
1,0.00023306,0,0,0,0,0,0,0,0,0,0,0,0,0,0,0,0,0,0,0,0,0,0,0,0.00013318,0,0,0,0,0,0,0,0,0,0,0,0,0,0,0,0,0.0014317,0.0045946,0.0077243,0.013518,0.012718,0.010521,0.0065923,0,0,0,0,0,0,0,0,0,0,0,0,0,0,0,0,0,0,0,0,0,0,0,0,0,0,0,0,0,0,0,0,0,0,0,0,0,0,0,0,0,0,0,0,0,0,0,0,0,0,0,0,0,0,0,0,0,0,0,0,0,0,0,0,0,0,0,0,0,0,0,0,0.026203,0,0,0,0,0,0,0,0,0,0,0,0,0,0,0,0,0,0,0,0,0,0,0,0.19124,0.0013651,0,0,0,0,0,0,0,0,0,0,0,0,0,0.0006326,0.0057932,0.077243,0.16198,0.27887,0.76318,1.9096,8.2497,32.869,0.18938,0,0,0,0,0,0,0,0,0,0,0,0,0,0,0,0,0,0.00019977,0.00079907,0,0,0.013085,0.78748,0,0,0,0,0,0,0,0,0,0,0,0,0,0,0,0,0,0,0,0,0,0,0,0,0,0,0,0,0,0,0,0,0,0,0,0,0,0,0,0,0,0,0,0,0,0,0,0,0.050907,0,0,0,0,0,0,0,0,0,0,0,0,0,0,0,0,0,0,0,0,0,0,0,0.19024,0.0061928,0.00043283,0,0,0,0,0,0,0,0,0,0,0,0,0.0012319,0.0094223,0.075212,0.16058,0.4243,3.0521,4.2689,8.2251,33.799,0.17603,0,0,0,0,0,0,0,0,0,0,0,0,0,0,0,0,0,0,0.0006326,0,0,0.00079907,0.38126,0,0,0,0,0,0,0,0,0,0,0,0,0,0,0,0,0,0,0,0,0,0,0,0,0,0,0,0,0,0,0,0,0,0,0,0,0,0,0,0,0,0,0,0,0,0,0,0,0.88943,0,0,0,0,0,0,0,0,0,0,0,0,0,0,0,0,0,0,0,0,0,0,0,0.065357,0.031497,0.014983,0.0097553,0.00029965,0,0,0,0,0,0,0,0,0,0.00013318,0.0026636,0.011553,0.14703,0.24881,0.33098,0.55558,0.46169,0.46396,0.36111,0,0,0,0,0,0,0,0,0,0,0,0,0,0,0,0,0,0,0,0.00016647,0,0,3.3294E-05,0,0,0,0,0,0,0,0,0,0,0,0,0,0,0,0,0,0,0,0,0,0,0,0,0,0,0,0,0,0,0,0,0,0,0,0,0,0,0,0,0,0,0,0,0,0,0,0,0
1,0,0,0,0,0,0,0,0,0,0,0,0,0,0,0,0,0,0,0,0,0,0,0,0,0,0,0,0,0,0,0,0,0,0,0,0,0,0,0,0,0,0,0,0,0,0,0,0,0,0,0,0,0,0,0,0,0,0,0,0,0,0,0,0,0,0,0,0,0,0,0,0,0,0,0,0,0,0,0,0,0,0,0,0,0,0,0,0,0,0,0,0,0,0,0,0,0,0,0,0,0,0,0,0,0,0,0,0,0,0,0,0,0,0,0,0,0,0,0,0,0.00056601,0,0,0,0,0,0,0,0,0,0,0,0,0,0,0,0,0,0,0,0,0,0,0,9.7344,0.046446,0,0,0,0,0,0,0,0,0,0,0,0,0,0,0,0,3.3294E-05,0.0005993,0.0044615,0.01678,0.03749,0.35292,24.835,0,0,0,0,0,0,0,0,0,0,0,0,0,0,0,0,0,0,0,0,0.0030964,0.010954,2.7284,0,0,0,0,0,0,0,0,0,0,0,0,0,0,0,0,0,0,0,0,0,0,0,0,0,0,0,0,0,0,0,0,0,0,0,0,0,0,0,0,0,0,0,0,0,0,0,0,0.053438,0,0,0,0,0,0,0,0,0,0,0,0,0,0,0,0,0,0,0,0,0,0,0,7.3873,2.5522,0.012952,0.0006326,0.00043283,3.3294E-05,0,0,0,0,0,0,0,0,0,0.00069918,0.00016647,0.0052938,0.0077576,0.014117,0.060563,0.18612,0.29922,2.6009,43.136,0,0,0,0,0,0,0,0,0,0,0,0,0,0,0,0,0,0,0,0,0.009389,0.11373,4.3563,0,0,0,0,0,0,0,0,0,0,0,0,0,0,0,0,0,0,0,0,0,0,0,0,0,0,0,0,0,0,0,0,0,0,0,0,0,0,0,0,0,0,0,0,0,0,0,0,0.41242,0,0,0,0,0,0,0,0,0,0,0,0,0,0,0,0,0,0,0,0,0,0,0,0.14536,0.055901,0.0055269,0.0014983,0.00043283,0.00036624,6.6589E-05,0,0,0,0,0,0,0.00023306,0.0032629,0.025637,0.038122,0.065157,0.049875,0.057,0.12652,0.1729,0.12535,0.12232,0.010887,0,0,0,0,0,0,0,0,0,0,0,0,0,0,0,0,0,0,0,0,0.00093225,0.00283,0.0092892,0,0,0,0,0,0,0,0,0,0,0,0,0,0,0,0,0,0,0,0,0,0,0,0,0,0,0,0,0,0,0,0,0,0,0,0,0,0,0,0,0,0,0,0,0,0,0,0
1,0,0,0,0,0,0,0,0,0,0,0,0,0,0,0,0,0,0,0,0,0,0,0,0,5.17,0.58312,0,0,0,0,0,0,0,0,0,0,0,0,0,0,0,0,0,6.6589E-05,0.00089895,0.00023306,0.0015315,0.027335,0,0,0,0,0,0,0,0,0,0,0,0,0,0,0,0,0,0,0,0,0,0,0,0,0,0,0,0,0,0,0,0,0,0,0,0,0,0,0,0,0,0,0,0,0,0,0,0,0,0,0,0,0,0,0,0,0,0,0,0,0,0,0,0,0,0,0,0,0,0,0,0,6.6589E-05,0,0,0,0,0,0,0,0,0,0,0,0,0,0,0,0,0,0,0,0,0,0,0,19.682,1.0728,0,0,0,0,0,0,0,0,0,0,0,0,0,0.00026636,0.0032629,0.037823,0.24818,0.30088,0.53651,0.6593,0.65041,1.1398,1.4599,1.6181,3.3294E-05,0,0,0,0,0,0,0,0,0,0,0,0,0,0,0,0,0,0,0,0,9.9883E-05,0,0,0,0,0,0,0,0,0,0,0,0,0,0,0,0,0,0,0,0,0,0,0,0,0,0,0,0,0,0,0,0,0,0,0,0,0,0,0,0,0,0,0,0,0,0,0,0,0.31979,0,0,0,0,0,0,0,0,0,0,0,0,0,0,0,0,0,0,0,0,0,0,0,10.557,3.2885,0.0043616,0,0,0,0,0,0,0,0,0,0,0.00086566,0.029965,0.22684,0.40872,0.4004,0.55469,0.38412,0.50345,1.1967,1.6731,4.7742,1.3012,33.981,0.38508,0,0,0,0,0,0,0,0,0,0,0,0,0,0,0,0,0,0,0,0.00013318,0,0,0,0,0,0,0,0,0,0,0,0,0,0,0,0,0,0,0,0,0,0,0,0,0,0,0,0,0,0,0,0,0,0,0,0,0,0,0,0,0,0,0,0,0,0,0,0,0,1.7203,0,0,0,0,0,0,0,0,0,0,0,0,0,0,0,0,0,0,0,0,0,0,0,0.61535,0.29153,0.01142,0,0,0,0,0,0,0,0,0,0.00073248,0.071583,0.32782,0.40609,0.21142,0.12465,0.2879,0.2535,0.48367,0.68753,0.65457,0.66642,0,0.0033627,3.3294E-05,0,0,0,0,0,0,0,0,0,0,0,0,0,0,0,0,0,0,0,0,0,0,0,0,0,0,0,0,0,0,0,0,0,0,0,0,0,0,0,0,0,0,0,0,0,0,0,0,0,0,0,0,0,0,0,0,0,0,0,0,0,0,0,0,0,0,0,0,0
1,0,0,0,0,0,0,0,0,0,0,0,0,0,0,0,0,0,0,0,0,0,0,0,0,0.39487,1.146,0,0,0,0,0,0,0,0,0,0,0,0,0,0,0,0,6.6589E-05,0.00016647,0.0026969,0.0011986,0.00013318,0.00019977,0,0,0,0,0,0,0,0,0,0,0,0,0,0,0,0,0,0,0,0,0,0,0,0,0,0,0,0,0,0,0,0,0,0,0,0,0,0,0,0,0,0,0,0,0,0,0,0,0,0,0,0,0,0,0,0,0,0,0,0,0,0,0,0,0,0,0,0,0,0,0,0,0.0005993,0,0,0,0,0,0,0,0,0,0,0,0,0,0,0,0,0,0,0,0,0,0,0,24.016,10.962,0.14973,0.047578,0.017979,0.0013651,0,0,0,0,0,0,0,0,0,0,0.0049609,0.0093557,0.034127,0.094257,0.28863,0.45866,0.79567,1.835,4.4234,10.107,0.0046612,0,0,0,0,0,0,0,0,0,0,0,0,0,0,0,0.0018978,0.00056601,0,0,0,0,0,0,0,0,0,0,0,0,0,0,0,0,0,0,0,0,0,0,0,0,0,0,0,0,0,0,0,0,0,0,0,0,0,0,0,0,0,0,0,0,0,0,0,0,0,0,0,0,0.027035,0,0,0,0,0,0,0,0,0,0,0,0,0,0,0,0,0,0,0,0,0,0,0,6.767,11.595,0.25397,0.21685,0.68234,0.2871,0.23153,0.2314,0.090028,0,0,0,0,0.00066589,0.023772,0.04022,0.046912,0.056601,0.05397,0.06599,0.10921,0.19354,0.35768,0.63999,1.2965,18.503,0.59004,0,0,0,0,0,0,0,0,0,0,0,0,0,0,0,0.0005993,0.00023306,0,0,0,0,0,0,0,0,0,0,0,0,0,0,0,0,0,0,0,0,0,0,0,0,0,0,0,0,0,0,0,0,0,0,0,0,0,0,0,0,0,0,0,0,0,0,0,0,0,0,0,0,0.25167,0,0,0,0,0,0,0,0,0,0,0,0,0,0,0,0,0,0,0,0,0,0,0,0.10381,0.13634,0.016847,0.0067255,0.055502,0.13334,0.14796,0.10951,0.05437,0,3.3294E-05,0.0035292,0.030265,0.14596,0.27461,0.30391,0.11503,0.10165,0.086765,0.11826,0.12013,0.18815,0.18725,0.13711,0,0.010421,0,0,0,0,0,0,0,0,0,0,0,0,0,0,0,0,0,0,0,0,0,0,0,0,0,0,0,0,0,0,0,0,0,0,0,0,0,0,0,0,0,0,0,0,0,0,0,0,0,0,0,0,0,0,0,0,0,0,0,0,0,0,0,0,0,0,0,0,0,0
1,0.00013318,0,0,0,0,0,0,0,0,0,0,0,0,0,0,0,0,0,0,0,0,0,0,0,0.36534,0,0,0,0,0,0,0,0,0,0,0,0,0,0,0,0,0,0,0,0,0.0026303,0.037356,0.69369,0,0,0,0,0,0,0,0,0,0,0,0,0,0,0,0,0,0,0,0,0,0,0,0,0,0,0,0,0,0,0,0,0,0,0,0,0,0,0,0,0,0,0,0,0,0,0,0,0,0,0,0,0,0,0,0,0,0,0,0,0,0,0,0,0,0,0,0,0,0,0,0,0.063792,0,0,0,0,0,0,0,0,0,0,0,0,0,0,0,0,0,0,0,0,0,0,0,37.381,0.0042284,0,0,0,0,0,0,0,0,3.3294E-05,0.0010987,0.00023306,0.0010987,6.6589E-05,0.00026636,0,0.25913,0.53434,0.53538,0.75086,1.7835,3.5461,18.684,0.31383,0,0,0,0,0,0,0,0,0,0,0,0,0,0,0,0,0,0,0,0,0,0,0,0,0,0,0,0,0,0,0,0,0,0,0,0,0,0,0,0,0,0,0,0,0,0,0,0,0,0,0,0,0,0,0,0,0,0,0,0,0,0,0,0,0,0,0,0,0,0,0,0.79654,0,0,0,0,0,0,0,0,0,0,0,0,0,0,0,0,0,0,0,0,0,0,0,13.854,0.13584,0.032928,0.041385,0.0069918,0.0035292,0.00086566,0,0,6.6589E-05,0.00049942,0.00099883,0.00086566,0.00096554,0.0030298,0.068653,0.17699,0.53331,0.39704,0.33341,0.45737,0.91626,5.4567,6.9034,3.3415,0,0,0,0,0,0,0,0,0,0,0,0,0,0,0,0,0,0,0,0,0,0,0.00023306,0,0,0,0,0,0,0,0,0,0,0,0,0,0,0,0,0,0,0,0,0,0,0,0,0,0,0,0,0,0,0,0,0,0,0,0,0,0,0,0,0,0,0,0,0,0,0,0,0.77606,0,0,0,0,0,0,0,0,0,0,0,0,0,0,0,0,0,0,0,0,0,0,0,0.054104,0.01748,0.0029632,0.0285,0.048077,0.092825,0.035059,0.0053271,0,0.00013318,0.0016647,0.0013318,0.0018312,0.0012319,6.6589E-05,6.6589E-05,6.6589E-05,0.016048,0.0086566,0.017313,0.04275,0.059531,0.1707,0.19664,0,0,0,0,0,0,0,0,0,0,0,0,0,0,0,0,0,0,0,0,0,0,0,0,0,0,0,0,0,0,0,0,0,0,0,0,0,0,0,0,0,0,0,0,0,0,0,0,0,0,0,0,0,0,0,0,0,0,0,0,0,0,0,0,0,0,0,0,0,0,0,0
1,0.00036624,0,0,0,0,0,0,0,0,0,0,0,0,0,0,0,0,0,0,0,0,0,0,0,22.83,2.8436,0,0,0,0,0,0,0,0,0,0,0,0,0,0,0,0,0,0.0036624,0.019344,0.035126,0.037989,0.22234,0,0,0,0,0,0,0,0,0,0,0,0,0,0,0,0,0,0,0,0,0,0,0,0,0,0,0,0,0,0,0,0,0,0,0,0,0,0,0,0,0,0,0,0,0,0,0,0,0,0,0,0,0,0,0,0,0,0,0,0,0,0,0,0,0,0,0,0,0,0,0,0,0.0071583,0,0,0,0,0,0,0,0,0,0,0,0,0,0,0,0,0,0,0,0,0,0,0,18.338,5.2232,0.14397,3.3294E-05,0,0,0,0,0,0,0,0,0,6.6589E-05,9.9883E-05,0.0021974,0.013851,0.070351,0.1119,0.13211,0.16095,0.15216,0.18785,0.84868,21.856,0.56517,0.15432,0.0075578,0,0,0,0,0,0,0,0,0,0,0,0,0,0.00056601,0.00073248,0,0,0,0,0,0,0,0,0,0,0,0,0,0,0,0,0,0,0,0,0,0,0,0,0,0,0,0,0,0,0,0,0,0,0,0,0,0,0,0,0,0,0,0,0,0,0,0,0,0,0,0,0,0.1142,0,0,0,0,0,0,0,0,0,0,0,0,0,0,0,0,0,0,0,0,0,0,0,3.0928,0.36364,0.26539,0.56581,0,0,0,0,0,0,3.3294E-05,0.00029965,0.0015981,0.037123,0.077743,0.053038,0.062594,0.12236,0.073781,0.11107,0.1692,0.31843,0.37533,1.2915,9.3445,4.5673,1.7457,0.66189,0,0,0,0,0,0,0,0,0,0,0,0,0,0.001465,0.00019977,0,0,0.001698,0.032429,0.072382,0,0,0,0,0,0,0,0,0,0,0,0,0,0,0,0,0,0,0,0,0,0,0,0,0,0,0,0,0,0,0,0,0,0,0,0,0,0,0,0,0,0,0,0,0,0,0,0,0.65856,0,0,0,0,0,0,0,0,0,0,0,0,0,0,0,0,0,0,0,0,0,0,0,0.081372,0.074979,0,0.033727,0,0,0,0,0,6.6589E-05,0,0.0018978,0.0092559,0.15712,0.34909,0.13607,0.18116,0.1451,0.095988,0.087232,0.064991,0.099451,0.05437,0.047045,0,0.20599,0.018478,0.0051939,0,0,0,0,0,0,0,0,0,0,0,0,0,0,0,0,0,0,0,0,0,0,0,0,0,0,0,0,0,0,0,0,0,0,0,0,0,0,0,0,0,0,0,0,0,0,0,0,0,0,0,0,0,0,0,0,0,0,0,0,0,0,0,0,0,0,0,0
1,0,0,0,0,0,0,0,0,0,0,0,0,0,0,0,0,0,0,0,0,0,0,0,0,0,0,0,0,0,0,0,0,0,0,0,0,0,0,0,0,0,0,0,0,0,0,0,0,0,0,0,0,0,0,0,0,0,0,0,0,0,0,0,0,0,0,0,0,0,0,0,0,0,0,0,0,0,0,0,0,0,0,0,0,0,0,0,0,0,0,0,0,0,0,0,0,0,0,0,0,0,0,0,0,0,0,0,0,0,0,0,0,0,0,0,0,0,0,0,0,0.01415,0,0,0,0,0,0,0,0,0,0,0,0,0,0,0,0,0,0,0,0,0,0,0,46.42,0.15219,0.0018978,0.20439,0.0079574,0,0,0,0,0,0,0,0,0,0,0,0,0,0,0,0,0,0.001698,1.4203,0.38928,0,0,0,0,0,0,0,0,0,0,0,0,0,0,0,0,0,0,0,0,0,0,0.0019311,0,0,0,0,0,0,0,0,0,0,0,0,0,0,0,0,0,0,0,0,0,0,0,0,0,0,0,0,0,0,0,0,0,0,0,0,0,0,0,0,0,0,0,0,0,0,0,0,0.28054,0,0,0,0,0,0,0,0,0,0,0,0,0,0,0,0,0,0,0,0,0,0,0,30.095,0.487,0.45427,1.4994,0.56131,0.12639,0.0066256,0,0,0,0,0,0,0,0,0,0,0,0,0,0,0.0012985,0.0013651,1.1952,11.717,0,0,0,0,0,0,0,0,0,0,0,0,0,0,0,0,0,0,0,0,0,0,0.013085,0,0,0,0,0,0,0,0,0,0,0,0,0,0,0,0,0,0,0,0,0,0,0,0,0,0,0,0,0,0,0,0,0,0,0,0,0,0,0,0,0,0,0,0,0,0,0,0,0.32848,0,0,0,0,0,0,0,0,0,0,0,0,0,0,0,0,0,0,0,0,0,0,0,0.068054,0.020643,0.010255,0.21185,3.1418,1.1199,0.04275,0,0,0,0,0,0,0,0,0,0,0,0,0,0,0.00096554,0.0016647,0.0025637,0,0,0,0,0,0,0,0,0,0,0,0,0,0,0,0,0,0,0,0,0,0,0,0,0,0,0,0,0,0,0,0,0,0,0,0,0,0,0,0,0,0,0,0,0,0,0,0,0,0,0,0,0,0,0,0,0,0,0,0,0,0,0,0,0,0,0,0,0,0,0,0
1,0,0,0,0,0,0,0,0,0,0,0,0,0,0,0,0,0,0,0,0,0,0,0,0,6.4279,0.018212,0,0,0,0,0,0,0,0,0,0,0,0,0,0,0,0,0,0,0,0,0,0,0,0,0,0,0,0,0,0,0,0,0,0,0,0,0,0,0,0,0,0,0,0,0,0,0,0,0,0,0,0,0,0,0,0,0,0,0,0,0,0,0,0,0,0,0,0,0,0,0,0,0,0,0,0,0,0,0,0,0,0,0,0,0,0,0,0,0,0,0,0,0,0,0,0,0,0,0,0,0,0,0,0,0,0,0,0,0,0,0,0,0,0,0,0,0,0,33.968,0.23206,0,0,0,0,0,0,0,0,0,0,0,0,0,0,0,0,0,0,0.041452,0.20506,0.53211,5.5847,15.234,0.47278,0,0,0,0,0,0,0,0,0,0,0,0,0,0,0,0,0,0,0,0,0,0.00026636,0,0,0,0,0,0,0,0,0,0,0,0,0,0,0,0,0,0,0,0,0,0,0,0,0,0,0,0,0,0,0,0,0,0,0,0,0,0,0,0,0,0,0,0,0,0,0,0,0.00016647,0,0,0,0,0,0,0,0,0,0,0,0,0,0,0,0,0,0,0,0,0,0,0,1.6087,0,0,0,0,0,0,0,0,0,0,0,0,0,0,0,0,0.0054603,1.008,2.5157,4.0104,3.8028,2.0097,3.1958,13.641,3.1006,0,0,0,0,0,0,0,0,0,0,0,0,0,0,0,0,0,0,0,0,0,0.00029965,0,0,0,0,0,0,0,0,0,0,0,0,0,0,0,0,0,0,0,0,0,0,0,0,0,0,0,0,0,0,0,0,0,0,0,0,0,0,0,0,0,0,0,0,0,0,0,0,0.002031,0,0,0,0,0,0,0,0,0,0,0,0,0,0,0,0,0,0,0,0,0,0,0,0.007691,0,0,0,0,0,0,0,0,0,0,0,0,0,0,0,0,0,0.29339,0.67025,0.40097,0.79767,0.17316,0.038821,0.00029965,0,0,0,0,0,0,0,0,0,0,0,0,0,0,0,0,0,0,0,0,0,0,0,0,0,0,0,0,0,0,0,0,0,0,0,0,0,0,0,0,0,0,0,0,0,0,0,0,0,0,0,0,0,0,0,0,0,0,0,0,0,0,0,0,0,0,0,0,0,0,0
1,0,0,0,0,0,0,0,0,0,0,0,0,0,0,0,0,0,0,0,0,0,0,0,0,0,0.19604,0,0,0,0,0,0,0,0,0,0,0,0,0,0,0,0,0,0,0,0,0,0,0,0,0,0,0,0,0,0,0,0,0,0,0,0,0,0,0,0,0,0,0,0,0,0,0,0,0,0,0,0,0,0,0,0,0,0,0,0,0,0,0,0,0,0,0,0,0,0,0,0,0,0,0,0,0,0,0,0,0,0,0,0,0,0,0,0,0,0,0,0,0,0,0.00039953,0,0,0,0,0,0,0,0,0,0,0,0,0,0,0,0,0,0,0,0,0,0,0,52.131,4.4368,0,0,0,0,0,0,0,0,0,0,0,0,0,0,0,0,0,0.0027634,0.12645,0.56844,2.3943,3.4353,19.709,1.462,0,0,0,0,0,0,0,0,0,0,0,0,0,0,0,0,0,0,0,0,0.0006326,0.0087564,0,0,0,0,0,0,0,0,0,0,0,0,0,0,0,0,0,0,0,0,0,0,0,0,0,0,0,0,0,0,0,0,0,0,0,0,0,0,0,0,0,0,0,0,0,0,0,0,0.22251,0,0,0,0,0,0,0,0,0,0,0,0,0,0,0,0,0,0,0,0,0,0,0,4.0889,0.57633,0.0010321,0.00016647,0,0,0,0,0,0,0,0,0,6.6589E-05,0.00019977,0.00079907,0.00046612,0.0014317,0.004861,0.026136,0.21075,1.363,2.345,2.3195,0.38269,0.058865,0,0,0,0,0,0,0,0,0,0,0,0,0,0,0,0,0,0,0,0,0,0,0,0,0,0,0,0,0,0,0,0,0,0,0,0,0,0,0,0,0,0,0,0,0,0,0,0,0,0,0,0,0,0,0,0,0,0,0,0,0,0,0,0,0,0,0,0,0,0,0.84848,0,0,0,0,0,0,0,0,0,0,0,0,0,0,0,0,0,0,0,0,0,0,0,0.39511,0.090028,0.0054936,0.0041618,3.3294E-05,0,0,0,0,0,0,0,0,0,0,0,0,0.0039953,0.023073,0.072915,0.24741,0.99327,0.86339,0.37683,0.0013651,6.6589E-05,0,0,0,0,0,0,0,0,0,0,0,0,0,0,0,0,0,0,0,0,0,0,0,0,0,0,0,0,0,0,0,0,0,0,0,0,0,0,0,0,0,0,0,0,0,0,0,0,0,0,0,0,0,0,0,0,0,0,0,0,0,0,0,0,0,0,0,0,0,0
1,0,0,0,0,0,0,0,0,0,0,0,0,0,0,0,0,0,0,0,0,0,0,0,0,1.6626,0.67395,0,0,0,0,0,0,0,0,0,0,0,0,0,0,0,0,0,0,0,0,0,0,0,0,0,0,0,0,0,0,0,0,0,0,0,0,0,0,0,0,0,0,0,0,0,0,0,0,0,0,0,0,0,0,0,0,0,0,0,0,0,0,0,0,0,0,0,0,0,0,0,0,0,0,0,0,0,0,0,0,0,0,0,0,0,0,0,0,0,0,0,0,0,0,0,0,0,0,0,0,0,0,0,0,0,0,0,0,0,0,0,0,0,0,0,0,0,0,28.205,0.78841,0,0,0,0,0,0,0,0,0,0,0,0,0,0,0,0,0.0021641,0.093358,0.29695,1.6922,1.2647,2.5005,7.9833,0.59614,0,0,0,0,0,0,0,0,0,0,0,0,0,0,0,0,0,0,0,0,0,0,0,0,0,0,0,0,0,0,0,0,0,0,0,0,0,0,0,0,0,0,0,0,0,0,0,0,0,0,0,0,0,0,0,0,0,0,0,0,0,0,0,0,0,0,0,0,0,0,0.17846,0,0,0,0,0,0,0,0,0,0,0,0,0,0,0,0,0,0,0,0,0,0,0,2.9299,0.60476,0.032695,0.00053271,0,0,0,0,0,0,0,0,0,0,0,0,0.032063,2.4041,3.37,3.799,5.4238,2.1228,0.75535,1.5168,13.792,8.0487,0,0,0,0,0,0,0,0,0,0,0,0,0,0,0,0,0,0,0,0,0.0038289,0.15206,0,0,0,0,0,0,0,0,0,0,0,0,0,0,0,0,0,0,0,0,0,0,0,0,0,0,0,0,0,0,0,0,0,0,0,0,0,0,0,0,0,0,0,0,0,0,0,0,0.22367,0,0,0,0,0,0,0,0,0,0,0,0,0,0,0,0,0,0,0,0,0,0,0,0.096521,0.38602,0,0,0,0,0,0,0,0,0,0,0,0,0,0,0.11323,4.5071,1.8897,0.29339,0.19361,0.76531,0.21971,0.18239,0,0.2027,0,0,0,0,0,0,0,0,0,0,0,0,0,0,0,0,0,0,0,0,0,0,0,0,0,0,0,0,0,0,0,0,0,0,0,0,0,0,0,0,0,0,0,0,0,0,0,0,0,0,0,0,0,0,0,0,0,0,0,0,0,0,0,0,0,0,0,0,0,0
1,6.6589E-05,0,0,0,0,0,0,0,0,0,0,0,0,0,0,0,0,0,0,0,0,0,0,0,0.2306,0.52612,0.3435,0.53171,0.041285,0,0,0,0,0,0,0,0,0,0,0,0,0,0,0,0,0,0,0.00093225,0,0,0,0,0,0,0,0,0,0,0,0,0,0,0,0,0,0,0,0,0,0,0,0,0,0,0,0,0,0,0,0,0,0,0,0,0,0,0,0,0,0,0,0,0,0,0,0,0,0,0,0,0,0,0,0,0,0,0,0,0,0,0,0,0,0,0,0,0,0,0,0,0,0,0,0,0,0,0,0,0,0,0,0,0,0,0,0,0,0,0,0,0,0,0,0,19.214,0.90967,0.0042617,0.020942,0.0087897,0,0,0,0,0,0,0,0,0,0,0,0,0,0,0,0.0019644,0.013584,0.69416,17.835,1.3126,0,0,0,0,0,0,0,0,0,0,0,0,0,0,0,0,0,0,0,0,0,0,0,0,0,0,0,0,0,0,0,0,0,0,0,0,0,0,0,0,0,0,0,0,0,0,0,0,0,0,0,0,0,0,0,0,0,0,0,0,0,0,0,0,0,0,0,0,0,0,0,0,0,0,0,0,0,0,0,0,0,0,0,0,0,0,0,0,0,0,0,0,0,0,0,20.524,1.9682,0.15855,0.22777,0.27704,0,0,0,0,0,0,0,0,0,0,0,0,0,0,0,0.0018645,0.01172,0.25723,32.778,0.20819,0,0,0,0,0,0,0,0,0,0,0,0,0,0,0,0,0,0,0,0,0,0,6.6589E-05,0,0,0,0,0,0,0,0,0,0,0,0,0,0,0,0,0,0,0,0,0,0,0,0,0,0,0,0,0,0,0,0,0,0,0,0,0,0,0,0,0,0,0,0,0,0,0,0,0.021974,0,0,0,0,0,0,0,0,0,0,0,0,0,0,0,0,0,0,0,0,0,0,0,0.26469,0.5972,0.18332,0.21575,0.45886,0,0,0,0,0,0,0,0,0,0,0,0,0,0,0.00039953,0.034327,0.034193,0.029532,0.058931,0,0,0,0,0,0,0,0,0,0,0,0,0,0,0,0,0,0,0,0,0,0,0,0,0,0,0,0,0,0,0,0,0,0,0,0,0,0,0,0,0,0,0,0,0,0,0,0,0,0,0,0,0,0,0,0,0,0,0,0,0,0,0,0,0,0,0,0,0,0,0,0
1,0,0,0,0,0,0,0,0,0,0,0,0,0,0,0,0,0,0,0,0,0,0,0,0,0.010488,0,0,0,0,0,0,0,0,0,0,0,0,0,0,0,0,0,3.3294E-05,0.0015648,0.0036291,0.012452,0.012918,0.0084235,0,0,0,0,0,0,0,0,0,0,0,0,0,0,0,0,0,0,0,0,0,0,0,0,0,0,0,0,0,0,0,0,0,0,0,0,0,0,0,0,0,0,0,0,0,0,0,0,0,0,0,0,0,0,0,0,0,0,0,0,0,0,0,0,0,0,0,0,0,0,0,0,0.00056601,0,0,0,0,0,0,0,0,0,0,0,0,0,0,0,0,0,0,0,0,0,0,0,14.188,0,0,0,0,0,0,0,0,0,0,0,0,0,0,0,0,0.0017646,0.03396,0.082371,0.25757,1.0391,2.3617,3.813,43.673,0,0,0,0,0,0,0,0,0,0,0,0,0,0,0,0,0,0,0,0.00066589,0.066522,0.81954,4.0086,0,0,0,0,0,0,0,0,0,0,0,0,0,0,0,0,0,0,0,0,0,0,0,0,0,0,0,0,0,0,0,0,0,0,0,0,0,0,0,0,0,0,0,0,0,0,0,0,0.0055935,0,0,0,0,0,0,0,0,0,0,0,0,0,0,0,0,0,0,0,0,0,0,0,2.6787,0.0016314,0,0,0,0,0,0,0,0,0,0,0,0,0,0,0,0.004528,0.0286,0.064858,0.13841,0.64601,1.2698,0.97193,17.435,0.28254,0,0,0,0,0,0,0,0,0,0,0,0,0,0,0,0,0,0,0,0.012119,0.26622,1.3546,0,0,0,0,0,0,0,0,0,0,0,0,0,0,0,0,0,0,0,0,0,0,0,0,0,0,0,0,0,0,0,0,0,0,0,0,0,0,0,0,0,0,0,0,0,0,0,0,0.56674,0,0,0,0,0,0,0,0,0,0,0,0,0,0,0,0,0,0,0,0,0,0,0,0.074546,0.0014983,0,0,0,0,0,0,0,0,0,0,0,0,0,0,3.3294E-05,0.0061595,0.033894,0.096021,1.4158,1.0737,0.77633,0.35392,0.021874,0,0,0,0,0,0,0,0,0,0,0,0,0,0,0,0,0,0,0,0,0.00023306,0.0084568,0.014084,0,0,0,0,0,0,0,0,0,0,0,0,0,0,0,0,0,0,0,0,0,0,0,0,0,0,0,0,0,0,0,0,0,0,0,0,0,0,0,0,0,0,0,0,0,0,0,0
1,0,0,0,0,0,0,0,0,0,0,0,0,0,0,0,0,0,0,0,0,0,0,0,0,2.1946,0.002597,0,0,0,0,0,0,0,0,0,0,0,0,0,0,0,0,0,0,3.3294E-05,0,0,0,0,0,0,0,0,0,0,0,0,0,0,0,0,0,0,0,0,0,0,0,0,0,0,0,0,0,0,0,0,0,0,0,0,0,0,0,0,0,0,0,0,0,0,0,0,0,0,0,0,0,0,0,0,0,0,0,0,0,0,0,0,0,0,0,0,0,0,0,0,0,0,0,0.0021308,0,0,0,0,0,0,0,0,0,0,0,0,0,0,0,0,0,0,0,0,0,0,0,46.929,1.7335,0,0,0,0,0,0,0,0,0,0,0,0,0,0,0.00029965,0.004861,0.0061928,0.061994,0.24352,0.24455,0.14313,0.26815,33.931,1.5318,0,0,0,0,0,0,0,0,0,0,0,0,0,0,0,0,0,9.9883E-05,0.01415,0.13374,0.041085,0.070618,0,0,0,0,0,0,0,0,0,0,0,0,0,0,0,0,0,0,0,0,0,0,0,0,0,0,0,0,0,0,0,0,0,0,0,0,0,0,0,0,0,0,0,0,0,0,0,0,0.011586,0,0,0,0,0,0,0,0,0,0,0,0,0,0,0,0,0,0,0,0,0,0,0,3.1929,0.012619,0,0,0,0,0,0,0,0,0,0,0,0,0,0.0012319,0.01405,0.064392,0.078342,0.24675,0.53334,0.41002,0.3165,0.47235,3.2894,0.15329,0,0,0,0,0,0,0,0,0,0,0,0,0,0,0,0,0.010854,0.11453,0.0287,0.027335,0.035459,0.023339,0,0,0,0,0,0,0,0,0,0,0,0,0,0,0,0,0,0,0,0,0,0,0,0,0,0,0,0,0,0,0,0,0,0,0,0,0,0,0,0,0,0,0,0,0,0,0,0,1.3187,0,0,0,0,0,0,0,0,0,0,0,0,0,0,0,0,0,0,0,0,0,0,0,0.08307,0.010022,0.0011653,0,0,0,0,0,0,0,0,0,0,6.6589E-05,0.0024638,0.033627,0.14203,0.28154,0.1963,0.32382,0.49619,0.32495,0.11017,0.062927,0.0046612,0,0,0,0,0,0,0,0,0,0,0,0,0,0,0,0,0,0.0030964,0.010821,0,0,0,3.3294E-05,0,0,0,0,0,0,0,0,0,0,0,0,0,0,0,0,0,0,0,0,0,0,0,0,0,0,0,0,0,0,0,0,0,0,0,0,0,0,0,0,0,0,0,0,0,0,0,0
1,0,0,0,0,0,0,0,0,0,0,0,0,0,0,0,0,0,0,0,0,0,0,0,0,0,0,0,0,0,0,0,0,0,0,0,0,0,0,0,0,0,0,0,0,0,0,0,0,0,0,0,0,0,0,0,0,0,0,0,0,0,0,0,0,0,0,0,0,0,0,0,0,0,0,0,0,0,0,0,0,0,0,0,0,0,0,0,0,0,0,0,0,0,0,0,0,0,0,0,0,0,0,0,0,0,0,0,0,0,0,0,0,0,0,0,0,0,0,0,0,0,0,0,0,0,0,0,0,0,0,0,0,0,0,0,0,0,0,0,0,0,0,0,0,24.424,0,0,0,0,0,0,0,0,0,0,0,0,0,0,0,0,0,0.00016647,0.00083236,0.018612,0.095588,0.2266,9.1354,22.819,0,0,0,0,0,0,0,0,0,0,0,0,0,0,0,0,0,0,0,0,0,0.0013318,5.9017,0,0,0,0,0,0,0,0,0,0,0,0,0,0,0,0,0,0,0,0,0,0,0,0,0,0,0,0,0,0,0,0,0,0,0,0,0,0,0,0,0,0,0,0,0,0,0,0,0.0034626,0,0,0,0,0,0,0,0,0,0,0,0,0,0,0,0,0,0,0,0,0,0,0,2.5424,0.0059597,0,0,0,0,0,0,0,0,0,0,0,0,0,0,0,0.00036624,0.01435,0.10381,0.3433,0.41888,0.37932,13.326,15.091,0,0,0,0,0,0,0,0,0,0,0,0,0,0,0,0,0,6.6589E-05,0.0044615,0,0.00056601,0.0081239,3.0989,0,0,0,0,0,0,0,0,0,0,0,0,0,0,0,0,0,0,0,0,0,0,0,0,0,0,0,0,0,0,0,0,0,0,0,0,0,0,0,0,0,0,0,0,0,0,0,0,0.7711,0,0,0,0,0,0,0,0,0,0,0,0,0,0,0,0,0,0,0,0,0,0,0,0.005993,0.01162,0.0094223,0,0,0,0,0,0,0,0,0,0,0,0,0,0,0.0010987,0.020609,0.15362,0.88886,0.13055,0.030098,0.010754,0,0,0,0,0,0,0,0,0,0,0,0,0,0,0,0,0,0,0.00036624,0.00073248,0,0,0,0,0,0,0,0,0,0,0,0,0,0,0,0,0,0,0,0,0,0,0,0,0,0,0,0,0,0,0,0,0,0,0,0,0,0,0,0,0,0,0,0,0,0,0,0,0,0,0,0
1,0,0,0,0,0,0,0,0,0,0,0,0,0,0,0,0,0,0,0,0,0,0,0,0,1.5913,1.1754,0,0,0,0,0,0,0,0,0,0,0,0,0,0,0,0,0,0,0,0.0047944,0.15718,0.15762,0,0,0,0,0,0,0,0,0,0,0,0,0,0,0,0,0,0,0,0,0,0,0,0,0,0,0,0,0,0,0,0,0,0,0,0,0,0,0,0,0,0,0,0,0,0,0,0,0,0,0,0,0,0,0,0,0,0,0,0,0,0,0,0,0,0,0,0,0,0,0,0,0,0,0,0,0,0,0,0,0,0,0,0,0,0,0,0,0,0,0,0,0,0,0,0,12.522,3.9712,0,0,0,0,0,0,0,0,0,0,0,0,0,0,0,0,0,0,0.0012985,0.020043,0.54996,1.5246,6.5321,10.137,0.016547,0,0,0,0,0,0,0,0,0,0,0,0,0,0,0,0,0,0,0,0.00023306,0.0037956,0,0,0,0,0,0,0,0,0,0,0,0,0,0,0,0,0,0,0,0,0,0,0,0,0,0,0,0,0,0,0,0,0,0,0,0,0,0,0,0,0,0,0,0,0,0,0,0,0,0,0,0,0,0,0,0,0,0,0,0,0,0,0,0,0,0,0,0,0,0,0,0,3.2297,1.7292,0.017579,0.0066922,0.00029965,0,0,0,0,0,0,0,0,0,0,0,0,0,0,0,0.0017646,0.015948,0.28024,0.98395,0.8288,49.303,0.77376,0,0,0,0,0,0,0,0,0,0,0,0,0,0,0,0,0,0,0,0.0022973,0.0029299,0,0,0,0,0,0,0,0,0,0,0,0,0,0,0,0,0,0,0,0,0,0,0,0,0,0,0,0,0,0,0,0,0,0,0,0,0,0,0,0,0,0,0,0,0,0,0,0,0.062594,0,0,0,0,0,0,0,0,0,0,0,0,0,0,0,0,0,0,0,0,0,0,0,1.3849,1.0441,0.25191,0.024838,0.0015315,0,0,0,0,0,0,0,0,0,0,0,0,0,0,0,0.0029632,0.029099,0.27388,0.63299,0.049942,0.59547,0.10128,0,0,0,0,0,0,0,0,0,0,0,0,0,0,0,0,0,0,0.00049942,0.0017979,0.00083236,0,0,0,0,0,0,0,0,0,0,0,0,0,0,0,0,0,0,0,0,0,0,0,0,0,0,0,0,0,0,0,0,0,0,0,0,0,0,0,0,0,0,0,0,0,0,0,0
1,0,0,0,0,0,0,0,0,0,0,0,0,0,0,0,0,0,0,0,0,0,0,0,0,3.8978,0.070651,0,0,0,0,0,0,0,0,0,0,0,0,0,0,0,0,0,0,0,0,3.3294E-05,0.00023306,0,0,0,0,0,0,0,0,0,0,0,0,0,0,0,0,0,0,0,0,0,0,0,0,0,0,0,0,0,0,0,0,0,0,0,0,0,0,0,0,0,0,0,0,0,0,0,0,0,0,0,0,0,0,0,0,0,0,0,0,0,0,0,0,0,0,0,0,0,0,0,0,0,0,0,0,0,0,0,0,0,0,0,0,0,0,0,0,0,0,0,0,0,0,0,0,9.5396,0.060629,0,0,0,0,0,0,0,0,0,0,0,0,0,0,0,0,0,0,0,0.00016647,0.026036,0.1741,7.6088,9.0145,0.2861,0,0,0,0,0,0,0,0,0,0,0,0,0,0,0,0,0,0,0,0.0053604,0.36444,0,0,0,0,0,0,0,0,0,0,0,0,0,0,0,0,0,0,0,0,0,0,0,0,0,0,0,0,0,0,0,0,0,0,0,0,0,0,0,0,0,0,0,0,0,0,0,0,0,0,0,0,0,0,0,0,0,0,0,0,0,0,0,0,0,0,0,0,0,0,0,0,0.30814,0.5398,0.22058,0.1386,0,0,0,0,0,0,0,0,0,0,0,0,0,0,0,0,0,0.00066589,0.03113,0.21988,19.698,26.043,9.2402,0.87268,0,0,0,0,0,0,0,0,0,0,0,0,0,0,0,0,0,0,0.0005993,0.086998,0,0.72242,3.3294E-05,0,0,0,0,0,0,0,0,0,0,0,0,0,0,0,0,0,0,0,0,0,0,0,0,0,0,0,0,0,0,0,0,0,0,0,0,0,0,0,0,0,0,0,0,0,0.00036624,0,0,0,0,0,0,0,0,0,0,0,0,0,0,0,0,0,0,0,0,0,0,0,0.3176,0.23716,0.32386,1.8128,0,0,0,0,0,0,0,0,0,0,0,0,0,0,0,0.00016647,0.020643,0.037656,0.090395,0.22604,0.50511,4.0969,0.95745,1.2424,0,0,0,0,0,0,0,0,0,0,0,0,0,0,0,0,0,0,9.9883E-05,0.009156,0,0.92212,0.028833,0,0,0,0,0,0,0,0,0,0,0,0,0,0,0,0,0,0,0,0,0,0,0,0,0,0,0,0,0,0,0,0,0,0,0,0,0,0,0,0,0,0,0,0,0
1,0,0,0,0,0,0,0,0,0,0,0,0,0,0,0,0,0,0,0,0,0,0,0,0,0,0,0,0,0,0,0,0,0,0,0,0,0,0,0,0,0,0,0,0,0,0,0,0,0,0,0,0,0,0,0,0,0,0,0,0,0,0,0,0,0,0,0,0,0,0,0,0,0,0,0,0,0,0,0,0,0,0,0,0,0,0,0,0,0,0,0,0,0,0,0,0,0,0,0,0,0,0,0,0,0,0,0,0,0,0,0,0,0,0,0,0,0,0,0,0,0,0,0,0,0,0,0,0,0,0,0,0,0,0,0,0,0,0,0,0,0,0,0,0,28.849,0.00013318,0,0,0,0,0,0,0,0,0,0,0,0,0,0,0,0,0,0,0,0,0,0.0092892,1.002,0,0,0,0,0,0,0,0,0,0,0,0,0,0,0,0,0,0,0,0,0,0,0,0,0,0,0,0,0,0,0,0,0,0,0,0,0,0,0,0,0,0,0,0,0,0,0,0,0,0,0,0,0,0,0,0,0,0,0,0,0,0,0,0,0,0,0,0,0,0,0,1.0032,0,0,0,0,0,0,0,0,0,0,0,0,0,0,0,0,0,0,0,0,0,0,0,32.39,1.4137,0.56954,0.75322,0.083702,0.012252,0.0010654,0,0,0,0,0,0,0,0,0,0,0,0,0,0,0,0.0040952,2.5071,18.139,0.11823,0,0,0,0,0,0,0,0,0,0,0,0,0,0,0,0,0,0,0,0,0,0.001132,0,0,0,0,0,0,0,0,0,0,0,0,0,0,0,0,0,0,0,0,0,0,0,0,0,0,0,0,0,0,0,0,0,0,0,0,0,0,0,0,0,0,0,0,0,0,0,0,4.8568,0,0,0,0,0,0,0,0,0,0,0,0,0,0,0,0,0,0,0,0,0,0,0,1.0866,1.1135,2.857,2.306,0.26589,0.10591,0.012519,0,0,0,0,0,0,0,0,0,0,0,0,0,0,0,0.00029965,0.16551,0.36697,0.0066256,0,0,0,0,0,0,0,0,0,0,0,0,0,0,0,0,0,0,0,0,0,0,0,0,0,0,0,0,0,0,0,0,0,0,0,0,0,0,0,0,0,0,0,0,0,0,0,0,0,0,0,0,0,0,0,0,0,0,0,0,0,0,0,0,0,0,0,0,0,0
1,0,0,0,0,0,0,0,0,0,0,0,0,0,0,0,0,0,0,0,0,0,0,0,0,15.861,0.11277,0,0,0,0,0,0,0,0,0,0,0,0,0,0,0,0,0,0,0,0,0,0.30341,0,0,0,0,0,0,0,0,0,0,0,0,0,0,0,0,0,0,0,0,0,0,0,0,0,0,0,0,0,0,0,0,0,0,0,0,0,0,0,0,0,0,0,0,0,0,0,0,0,0,0,0,0,0,0,0,0,0,0,0,0,0,0,0,0,0,0,0,0,0,0,0,0,0,0,0,0,0,0,0,0,0,0,0,0,0,0,0,0,0,0,0,0,0,0,0,9.1579,0.069419,0,0,0,0,0,0,0,0,0,0,0,0,0,0,0,0,0,0,0,0,0.087098,2.4734,14.676,0.15242,0,0,0,0,0,0,0,0,0,0,0,0,0,0,0,0,0,0,0,0,0,0.0052272,0,0,0,0,0,0,0,0,0,0,0,0,0,0,0,0,0,0,0,0,0,0,0,0,0,0,0,0,0,0,0,0,0,0,0,0,0,0,0,0,0,0,0,0,0,0,0,0,0.48061,0,0,0,0,0,0,0,0,0,0,0,0,0,0,0,0,0,0,0,0,0,0,0,12.912,1.4092,1.4029,0.85956,0.073548,0.0011986,0,0,0,0,0,0,0,0,0,0,0,0,0,0,0,0.090395,1.5941,5.5856,22.75,1.5474,0.88037,0,0,0,0,0,0,0,0,0,0,0,0,0,0,0,0,0,0,0,0,0.14706,0,0,0,0,0,0,0,0,0,0,0,0,0,0,0,0,0,0,0,0,0,0,0,0,0,0,0,0,0,0,0,0,0,0,0,0,0,0,0,0,0,0,0,0,0,0,0,0,0.70095,0,0,0,0,0,0,0,0,0,0,0,0,0,0,0,0,0,0,0,0,0,0,0,1.0514,0.41542,0.10521,1.4093,2.646,0.1735,0,0,0,0,0,0,0,0,0,0,0,0,0,0,0,0.11064,0.13218,0.18072,0.10205,0.32742,0.013251,0,0,0,0,0,0,0,0,0,0,0,0,0,0,0,0,0,0,0,0,0,0,0,0,0,0,0,0,0,0,0,0,0,0,0,0,0,0,0,0,0,0,0,0,0,0,0,0,0,0,0,0,0,0,0,0,0,0,0,0,0,0,0,0,0,0,0,0,0
1,0,0,0,0,0,0,0,0,0,0,0,0,0,0,0,0,0,0,0,0,0,0,0,0,0.24002,0,0,0,0,0,0,0,0,0,0,0,0,0,0,0,0,0,0,0,0,0,0,0.0039287,0,0,0,0,0,0,0,0,0,0,0,0,0,0,0,0,0,0,0,0,0,0,0,0,0,0,0,0,0,0,0,0,0,0,0,0,0,0,0,0,0,0,0,0,0,0,0,0,0,0,0,0,0,0,0,0,0,0,0,0,0,0,0,0,0,0,0,0,0,0,0,0,0,0,0,0,0,0,0,0,0,0,0,0,0,0,0,0,0,0,0,0,0,0,0,0,51.945,0.2272,0.0024971,0,0,0,0,0,0,0,0,0,0,0,0,0,0,0,0,0,0,0.00069918,3.9247,27.525,0.60786,0.00013318,0,0,0,0,0,0,0,0,0,0,0,0,0,0,0,0,0,0,0,0,0,0,0,0,0,0,0,0,0,0,0,0,0,0,0,0,0,0,0,0,0,0,0,0,0,0,0,0,0,0,0,0,0,0,0,0,0,0,0,0,0,0,0,0,0,0,0,0,0,0,0,0,0,0,0,0,0,0,0,0,0,0,0,0,0,0,0,0,0,0,0,0,0,0,6.2146,1.1695,1.7548,0.089995,0,0,0,0,0,0,0,0,0,0,0,0,0,0,0,0,0,0,0.09732,4.2108,3.3294E-05,0.038322,0.043283,0,0,0,0,0,0,0,0,0,0,0,0,0,0,0,0,0,0,0,0,0,0,0,0,0,0,0,0,0,0,0,0,0,0,0,0,0,0,0,0,0,0,0,0,0,0,0,0,0,0,0,0,0,0,0,0,0,0,0,0,0,0,0,0,0,0,0,0,0,0.011254,0,0,0,0,0,0,0,0,0,0,0,0,0,0,0,0,0,0,0,0,0,0,0,0.12822,0.12133,0.68077,0.87125,0.010022,0,0,0,0,0,0,0,0,0,0,0,0,0,0,0,0,0,0.012585,0.045114,0,0.0048277,0.018578,0,0,0,0,0,0,0,0,0,0,0,0,0,0,0,0,0,0,0,0,0,0,0,0,0,0,0,0,0,0,0,0,0,0,0,0,0,0,0,0,0,0,0,0,0,0,0,0,0,0,0,0,0,0,0,0,0,0,0,0,0,0,0,0,0,0,0,0,0
1,0,0,0,0,0,0,0,0,0,0,0,0,0,0,0,0,0,0,0,0,0,0,0,0,9.4242,0.32272,0,0,0,0,0,0,0,0,0,0,0,0,0,0,0,0.00013318,0.0010321,0.0049609,0.010055,0.0099883,0.003962,0.0026303,0,0,0,0,0,0,0,0,0,0,0,0,0,0,0,0,0,0,0,0,0,0,0,0,0,0,0,0,0,0,0,0,0,0,0,0,0,0,0,0,0,0,0,0,0,0,0,0,0,0,0,0,0,0,0,0,0,0,0,0,0,0,0,0,0,0,0,0,0,0,0,0,0.0013318,0,0,0,0,0,0,0,0,0,0,0,0,0,0,0,0,0,0,0,0,0,0,0,32.033,1.2323,0.44828,0.19028,0.0095888,0,0,0,0,0,0,0,0,0,0,0,0.0027634,0.012952,0.053604,0.16208,0.31553,0.41801,1.2043,1.8732,25.508,0.4528,0,0,0,0,0,0,0,0,0,0,0,0,0,0,0,0,0,0,0.0006326,0.0060929,0.07115,0.60649,0,0,0,0,0,0,0,0,0,0,0,0,0,0,0,0,0,0,0,0,0,0,0,0,0,0,0,0,0,0,0,0,0,0,0,0,0,0,0,0,0,0,0,0,0,0,0,0,0.021874,0,0,0,0,0,0,0,0,0,0,0,0,0,0,0,0,0,0,0,0,0,0,0,0.77869,0.005993,0.2875,0.87698,0.49945,0.038821,0,0,0,0,0,0,0,0,0,0.0010321,0.0069253,0.12602,0.21575,0.32842,0.28956,0.39231,0.73671,0.86073,11.576,2.7566,0,0,0,0,0,0,0,0,0,0,0,0,0,0,0,0,0,0,0.0010654,0.032162,0.066556,0.42071,9.9883E-05,0.034127,0,0,0,0,0,0,0,0,0,0,0,0,0,0,0,0,0,0,0,0,0,0,0,0,0,0,0,0,0,0,0,0,0,0,0,0,0,0,0,0,0,0,0,0,0,0,0.36454,0,0,0,0,0,0,0,0,0,0,0,0,0,0,0,0,0,0,0,0,0,0,0,0.5748,0.02547,0.00283,0.0054936,0.0040286,0.00043283,0,0,0,0,0,0,0,0,0,0.0029632,0.030931,0.32539,0.33471,0.24814,0.66775,0.91144,0.90984,0.75638,0.089196,0,0,0,0,0,0,0,0,0,0,0,0,0,0,0,0,0,0,0,0,6.6589E-05,0.00073248,0.0092892,0,0,0,0,0,0,0,0,0,0,0,0,0,0,0,0,0,0,0,0,0,0,0,0,0,0,0,0,0,0,0,0,0,0,0,0,0,0,0,0,0,0,0,0,0,0,0,0
1,0,0,0,0,0,0,0,0,0,0,0,0,0,0,0,0,0,0,0,0,0,0,0,0,11.268,0.55598,0,0,0,0,0,0,0,0,0,0,0,0,0,0,0,0,0,0,0,0,0,1.995,0,0,0,0,0,0,0,0,0,0,0,0,0,0,0,0,0,0,0,0,0,0,0,0,0,0,0,0,0,0,0,0,0,0,0,0,0,0,0,0,0,0,0,0,0,0,0,0,0,0,0,0,0,0,0,0,0,0,0,0,0,0,0,0,0,0,0,0,0,0,0,0,0,0,0,0,0,0,0,0,0,0,0,0,0,0,0,0,0,0,0,0,0,0,0,0,51.835,10.205,0.023173,0,0,0,0,0,0,0,0,0,0,0,0,0,0,0,0,0,0,0,0.013018,11.645,0,0.018079,0,0,0,0,0,0,0,0,0,0,0,0,0,0,0,0,0,0,0,0,0,0,0,0,0,0,0,0,0,0,0,0,0,0,0,0,0,0,0,0,0,0,0,0,0,0,0,0,0,0,0,0,0,0,0,0,0,0,0,0,0,0,0,0,0,0,0,0,0,0,0,0,0,0,0,0,0,0,0,0,0,0,0,0,0,0,0,0,0,0,0,0,0,0,4.3877,7.2175,0.6026,0,0,0,0,0,0,0,0,0,0,0,0,0,0,0,0,0,0,0,0,0.08843,0,0.064059,0,0,0,0,0,0,0,0,0,0,0,0,0,0,0,0,0,0,0,0,0,0,0,0,0,0,0,0,0,0,0,0,0,0,0,0,0,0,0,0,0,0,0,0,0,0,0,0,0,0,0,0,0,0,0,0,0,0,0,0,0,0,0,0,0,0,0,0,0,0,0,0,0,0,0,0,0,0,0,0,0,0,0,0,0,0,0,0,0,0,0,0,0,0,0.0039287,6.6589E-05,0.076677,0,0,0,0,0,0,0,0,0,0,0,0,0,0,0,0,0,0,0,0,0,0,0,0,0,0,0,0,0,0,0,0,0,0,0,0,0,0,0,0,0,0,0,0,0,0,0,0,0,0,0,0,0,0,0,0,0,0,0,0,0,0,0,0,0,0,0,0,0,0,0,0,0,0,0,0,0,0,0,0,0,0,0,0,0,0,0,0,0,0,0,0,0
1,0,0,0,0,0,0,0,0,0,0,0,0,0,0,0,0,0,0,0,0,0,0,0,0,9.4673,1.5576,0,0,0,0,0,0,0,0,0,0,0,0,0,0,0,0,0,0,0.0005993,0.003396,0.010288,0.031363,0,0,0,0,0,0,0,0,0,0,0,0,0,0,0,0,0,0,0,0,0,0,0,0,0,0,0,0,0,0,0,0,0,0,0,0,0,0,0,0,0,0,0,0,0,0,0,0,0,0,0,0,0,0,0,0,0,0,0,0,0,0,0,0,0,0,0,0,0,0,0,0,0.033528,0,0,0,0,0,0,0,0,0,0,0,0,0,0,0,0,0,0,0,0,0,0,0,31.68,20.49,1.4376,1.0559,0.0053937,0,0,0,0,0,0,0,0,0,0,6.6589E-05,0.00093225,0.057433,0.1101,0.48533,0.84128,0.77763,0.65454,1.1341,6.4812,1.0545,0.00066589,0,0,0,0,0,0,0,0,0,0,0,0,0,0,0,0,0,0,0,0,0,0,0,0,0,0,0,0,0,0,0,0,0,0,0,0,0,0,0,0,0,0,0,0,0,0,0,0,0,0,0,0,0,0,0,0,0,0,0,0,0,0,0,0,0,0,0,0,0,0.08813,0,0,0,0,0,0,0,0,0,0,0,0,0,0,0,0,0,0,0,0,0,0,0,2.7264,2.2421,0.097753,1.1485,1.7792,0,0,0,0,0,3.3294E-05,0,0,6.6589E-05,0.0030964,0.024871,0.02021,0.10471,0.17523,0.46975,0.26592,0.25427,0.31373,0.40949,1.1441,5.5002,0.50578,0.014183,0,0,0,0,0,0,0,0,0,0,0,0,0,0,0,0.00089895,0,0,0,0,0,0,0,0,0,0,0,0,0,0,0,0,0,0,0,0,0,0,0,0,0,0,0,0,0,0,0,0,0,0,0,0,0,0,0,0,0,0,0,0,0,0,0,0,0,0,0,0,1.489,0,0,0,0,0,0,0,0,0,0,0,0,0,0,0,0,0,0,0,0,0,0,0,0.2551,0.26569,0.058399,0.031563,0.2026,0.00066589,0,0,0,0.00079907,0.0048943,0.0084901,0.0016314,0.036191,0.056101,0.082903,0.035459,0.33028,0.38845,0.6574,0.67764,0.29702,0.25057,0.20892,0,0,0,0,0,0,0,0,0,0,0,0,0,0,0,0,0,0,0,0,0,0,0,0,0,0,0,0,0,0,0,0,0,0,0,0,0,0,0,0,0,0,0,0,0,0,0,0,0,0,0,0,0,0,0,0,0,0,0,0,0,0,0,0,0,0,0,0,0,0,0,0
2,0.93025,0,0,0,0,0,0,0,0,0,0,0,0,0,0,0,0,0,0,0,0,0,0,0,1.1209,1.8654,0,0,0,0,0,0,0,0,0,0.018745,0.0032296,0.066789,0.00093225,0.00043283,0,0.00023306,0.0022307,0.003396,0.010022,0.064591,0.34183,1.7319,0,0,0,0,0,0,0,0,0,0,0,0,0,0,0,0,0,0,0,0,0,0,0,0,0,0,0,0,0,0,0,0,0,0,0,0,0,0,0,0,0,0,0,0,0,0,0,0,0,0,0,0,0,0,0,0,0,0,0,0,0,0,0,0,0,0,0,0,0,0,0,0,0.93767,0,0,0,0,0,0,0,0,0,0,0,0,0,0,0,0,0,0,0,0,0,0,0,29.564,6.5879,0.32066,0.0046612,0,0,0,0,0,0,0.0035292,0.037656,0.0057267,0.10668,0.002031,0.0091227,0.00049942,0.0013651,0.012685,0.0077576,0.008257,0.041085,1.4482,27.114,0.11923,0,0,0,0,0,0,0,0,0,0,0,0,0,0,0,0,0,0,0,0,0,0,0,0,0,0,0,0,0,0,0,0,0,0,0,0,0,0,0,0,0,0,0,0,0,0,0,0,0,0,0,0,0,0,0,0,0,0,0,0,0,0,0,0,0,0,0,0,0,0,0,1.8209,0,0,0,0,0,0,0,0,0,0,0,0,0,0,0,0,0,0,0,0,0,0,0,15.574,4.7391,0.72445,0.049076,0,0,0,0,0,0,0,0,0,0.00069918,0.00029965,0.00029965,9.9883E-05,0.00026636,0.0020976,0.0017313,0.0012652,0.011686,0.49169,2.2838,1.4599,0.0025304,0,0,0,0,0,0,0,0,0,0,0,0,0,0,0,0,0,0,0,0,0,0,0,0,0,0,0,0,0,0,0,0,0,0,0,0,0,0,0,0,0,0,0,0,0,0,0,0,0,0,0,0,0,0,0,0,0,0,0,0,0,0,0,0,0,0,0,0,0,0,0.14476,0,0,0,0,0,0,0,0,0,0,0,0,0,0,0,0,0,0,0,0,0,0,0,0.084501,0.024638,0.0040286,0.00033294,0,0,0,0,0,0,0,0,0,0.0005993,0,0.00013318,0,6.6589E-05,0.00069918,0.0026636,0.0057932,0.013984,0.016847,0.043216,0,0,0,0,0,0,0,0,0,0,0,0,0,0,0,0,0,0,0,0,0,0,0,0,0,0,0,0,0,0,0,0,0,0,0,0,0,0,0,0,0,0,0,0,0,0,0,0,0,0,0,0,0,0,0,0,0,0,0,0,0,0,0,0,0,0,0,0,0,0,0,0
2,0,0,0,0,0,0,0,0,0,0,0,0,0,0,0,0,0,0,0,0,0,0,0,0,3.3977,0,0,0,0,0,0,0,0,0,0,0,0,0,0,0,0,0,0,0,0,0,0,0,0,0,0,0,0,0,0,0,0,0,0,0,0,0,0,0,0,0,0,0,0,0,0,0,0,0,0,0,0,0,0,0,0,0,0,0,0,0,0,0,0,0,0,0,0,0,0,0,0,0,0,0,0,0,0,0,0,0,0,0,0,0,0,0,0,0,0,0,0,0,0,0,0.083136,0,0,0,0,0,0,0,0,0,0,0,0,0,0,0,0,0,0,0,0,0,0,0,52.511,0.80136,0,0,0,0,0,0,0,0,0,0,0,0,0,0,0,6.6589E-05,0.0046279,0.020443,0.044481,0.17426,0.25886,0.23865,20.804,0.81268,0.039421,0,0,0,0,0,0,0,0,0,0,0,0,0,0,0,0,0,0,0.0014317,0.0083569,0.024605,0,0,0,0,0,0,0,0,0,0,0,0,0,0,0,0,0,0,0,0,0,0,0,0,0,0,0,0,0,0,0,0,0,0,0,0,0,0,0,0,0,0,0,0,0,0,0,0,0.13384,0,0,0,0,0,0,0,0,0,0,0,0,0,0,0,0,0,0,0,0,0,0,0,3.0001,2.2978,0.15975,0.0035958,0,0,0,0,0,0,0,0,0,0,0,0,0,0.0016314,0.010321,0.024272,0.060962,0.39937,0.62813,0.87298,6.2221,3.2781,0.72475,0.024305,0,0,0,0,0,0,0,0,0,0,0,0,0,0,0,0,0,0.00026636,0.084801,0.16391,0,0,0,0,0,0,0,0,0,0,0,0,0,0,0,0,0,0,0,0,0,0,0,0,0,0,0,0,0,0,0,0,0,0,0,0,0,0,0,0,0,0,0,0,0,0,0,0,1.7803,0,0,0,0,0,0,0,0,0,0,0,0,0,0,0,0,0,0,0,0,0,0,0,0.11403,0.076178,0.031463,0.01172,0.00043283,0,0,0,0,0,0,0,0,0,0,0,0,0.001698,0.0061262,0.015082,0.17889,0.24648,0.13774,0.064958,0.009722,0.0070917,0,0,0,0,0,0,0,0,0,0,0,0,0,0,0,0,0,0,0,0,0.00039953,0.0015981,0,0,0,0,0,0,0,0,0,0,0,0,0,0,0,0,0,0,0,0,0,0,0,0,0,0,0,0,0,0,0,0,0,0,0,0,0,0,0,0,0,0,0,0,0,0,0,0
2,0,0,0,0,0,0,0,0,0,0,0,0,0,0,0,0,0,0,0,0,0,0,0,0,14.852,0.082903,0,0,0,0,0,0,0,0,0,0,0,0,0,0,0,0,0,0,0,0,0,0.018645,0,0,0,0,0,0,0,0,0,0,0,0,0,0,0,0,0,0,0,0,0,0,0,0,0,0,0,0,0,0,0,0,0,0,0,0,0,0,0,0,0,0,0,0,0,0,0,0,0,0,0,0,0,0,0,0,0,0,0,0,0,0,0,0,0,0,0,0,0,0,0,0,0,0,0,0,0,0,0,0,0,0,0,0,0,0,0,0,0,0,0,0,0,0,0,0,50.775,5.2726,0,0,0,0,0,0,0,0,0,0,0,0,0,0,0,0,6.6589E-05,0.0056268,0.053271,0.33548,0.42757,0.84505,12.584,7.4289,0,0,0,0,0,0,0,0,0,0,0,0,0,0,0,0,0,0,0,0,0,0,0,0,0,0,0,0,0,0,0,0,0,0,0,0,0,0,0,0,0,0,0,0,0,0,0,0,0,0,0,0,0,0,0,0,0,0,0,0,0,0,0,0,0,0,0,0,0,0,0.0046612,0,0,0,0,0,0,0,0,0,0,0,0,0,0,0,0,0,0,0,0,0,0,0,1.1553,0.68973,0.00016647,0,0,0,0,0,0,0,0,0,0,0,0,0,0,0,0.018945,0.08307,0.18525,0.28946,0.36701,0.27558,1.1758,0.61149,0,0,0,0,0,0,0,0,0,0,0,0,0,0,0,0,0,0,0,0,0,0,0,0,0,0,0,0,0,0,0,0,0,0,0,0,0,0,0,0,0,0,0,0,0,0,0,0,0,0,0,0,0,0,0,0,0,0,0,0,0,0,0,0,0,0,0,0,0,0,1.1669,0,0,0,0,0,0,0,0,0,0,0,0,0,0,0,0,0,0,0,0,0,0,0,0.024671,0.035958,0.00053271,0,0,0,0,0,0,0,0,0,0,0,0,0,0,0.017346,0.099151,0.36065,0.29119,0.23899,0.18778,0.038788,0,0,0,0,0,0,0,0,0,0,0,0,0,0,0,0,0,0,0,0,0,0,0,0,0,0,0,0,0,0,0,0,0,0,0,0,0,0,0,0,0,0,0,0,0,0,0,0,0,0,0,0,0,0,0,0,0,0,0,0,0,0,0,0,0,0,0,0,0,0,0,0
2,0,0,0,0,0,0,0,0,0,0,0,0,0,0,0,0,0,0,0,0,0,0,0,0,0,0,0,0,0,0,0,0,0,0,0,0,0,0,0,0,0,0,0,0,0,0,0,0,0,0,0,0,0,0,0,0,0,0,0,0,0,0,0,0,0,0,0,0,0,0,0,0,0,0,0,0,0,0,0,0,0,0,0,0,0,0,0,0,0,0,0,0,0,0,0,0,0,0,0,0,0,0,0,0,0,0,0,0,0,0,0,0,0,0,0,0,0,0,0,0,0.00039953,0,0,0,0,0,0,0,0,0,0,0,0,0,0,0,0,0,0,0,0,0,0,0,20.166,1.533,0,0,0,0,0,0,0,0,0,0,0,0,0,0,0,0,0,0,0,0.0012985,0.0040952,0.23499,15.298,0,0,0,0,0,0,0,0,0,0,0,0,0,0,0,0,0,0,0,0,0,9.9883E-05,0.19231,0,0,0,0,0,0,0,0,0,0,0,0,0,0,0,0,0,0,0,0,0,0,0,0,0,0,0,0,0,0,0,0,0,0,0,0,0,0,0,0,0,0,0,0,0,0,0,0,0.01445,0,0,0,0,0,0,0,0,0,0,0,0,0,0,0,0,0,0,0,0,0,0,0,13.844,2.3403,0.00083236,0,0,0,0,0,0,0,0,0,0,0,0,0,0,0,0,0,0.00066589,0.025071,0.4829,9.7329,33.015,0,0,0,0,0,0,0,0,0,0,0,0,0,0,0,0,0,0,0,0,0,0.0088896,2.1966,0,0,0,0,0,0,0,0,0,0,0,0,0,0,0,0,0,0,0,0,0,0,0,0,0,0,0,0,0,0,0,0,0,0,0,0,0,0,0,0,0,0,0,0,0,0,0,0,0.22271,0,0,0,0,0,0,0,0,0,0,0,0,0,0,0,0,0,0,0,0,0,0,0,0.068953,0.028567,0.0037956,0.0012985,0,0,0,0,0,0,0,0,0,0,0,0,0,0,0,0.00013318,0.03749,0.1434,0.21085,0.18512,0.0053937,0,0,0,0,0,0,0,0,0,0,0,0,0,0,0,0,0,0,0,0,0,9.9883E-05,0.00049942,0,0,0,0,0,0,0,0,0,0,0,0,0,0,0,0,0,0,0,0,0,0,0,0,0,0,0,0,0,0,0,0,0,0,0,0,0,0,0,0,0,0,0,0,0,0,0,0
2,0,0,0,0,0,0,0,0,0,0,0,0,0,0,0,0,0,0,0,0,0,0,0,0,0.9446,1.3822,0,0,0,0,0,0,0,0,0,0,0,0,0,0,0,0,0,0,0,0.00069918,0.0035625,0.0038289,0,0,0,0,0,0,0,0,0,0,0,0,0,0,0,0,0,0,0,0,0,0,0,0,0,0,0,0,0,0,0,0,0,0,0,0,0,0,0,0,0,0,0,0,0,0,0,0,0,0,0,0,0,0,0,0,0,0,0,0,0,0,0,0,0,0,0,0,0,0,0,0,0,0,0,0,0,0,0,0,0,0,0,0,0,0,0,0,0,0,0,0,0,0,0,0,17.45,6.7559,0,0,0,0,0,0,0,0,0,0,0,0,0,0,0,0,0,0,0,0.0087564,0.36521,0.69339,9.2155,12.101,6.6589E-05,0,0,0,0,0,0,0,0,0,0,0,0,0,0,0,0,0,0,0,0,0,0,0,0,0,0,0,0,0,0,0,0,0,0,0,0,0,0,0,0,0,0,0,0,0,0,0,0,0,0,0,0,0,0,0,0,0,0,0,0,0,0,0,0,0,0,0,0,0,0,0,0,0,0,0,0,0,0,0,0,0,0,0,0,0,0,0,0,0,0,0,0,0,2.6445,1.7857,0,0,0,0,0,0,0,0,0,0,0,0,0,0,0,0,0,0,0,0.0043949,0.17906,0.43493,0.65364,40.956,0.22497,0,0,0,0,0,0,0,0,0,0,0,0,0,0,0,0,0,0,0,0,0,0,0,0,0,0,0,0,0,0,0,0,0,0,0,0,0,0,0,0,0,0,0,0,0,0,0,0,0,0,0,0,0,0,0,0,0,0,0,0,0,0,0,0,0,0,0,0,0,0.015315,0,0,0,0,0,0,0,0,0,0,0,0,0,0,0,0,0,0,0,0,0,0,0,0.55309,0.43892,0.028134,0.004861,0,0,0,0,0,0,0,0,0,0,0,0,0,0,0,0.00043283,0.090628,0.20326,0.2814,0.32489,0.0088563,1.9404,0.30161,0,0,0,0,0,0,0,0,0,0,0,0,0,0,0,0,0,0,0,0,0,0,0,0,0,0,0,0,0,0,0,0,0,0,0,0,0,0,0,0,0,0,0,0,0,0,0,0,0,0,0,0,0,0,0,0,0,0,0,0,0,0,0,0,0,0,0,0,0
2,0,0,0,0,0,0,0,0,0,0,0,0,0,0,0,0,0,0,0,0,0,0,0,0,3.7373,9.5858,0.0012652,0,0,0,0,0,0,0,0,0,0,0,0,0,0,0,0.0024305,0.0018312,0.0010654,0.002597,0.0069918,0.0086899,0,0,0,0,0,0,0,0,0,0,0,0,0,0,0,0,0,0,0,0,0,0,0,0,0,0,0,0,0,0,0,0,0,0,0,0,0,0,0,0,0,0,0,0,0,0,0,0,0,0,0,0,0,0,0,0,0,0,0,0,0,0,0,0,0,0,0,0,0,0,0,0,0.0033627,0,0,0,0,0,0,0,0,0,0,0,0,0,0,0,0,0,0,0,0,0,0,0,21.333,12.297,0.18788,0.087731,0,0,0,0,0,0,0,0,0,0,0,0,0,0.00079907,0.0023639,0.00073248,0.00096554,0.013617,0.04851,0.17579,9.3347,2.9807,0.063559,0.0073581,0,0,0,0,0,0,0,0,0,0,0,0,0,0,0,0,0,0,0,3.3294E-05,0,0,0,0,0,0,0,0,0,0,0,0,0,0,0,0,0,0,0,0,0,0,0,0,0,0,0,0,0,0,0,0,0,0,0,0,0,0,0,0,0,0,0,0,0,0,0,0,0.0076577,0,0,0,0,0,0,0,0,0,0,0,0,0,0,0,0,0,0,0,0,0,0,0,0.40133,1.1869,1.1422,4.5577,0.073248,0,0,0,0,0,0,0,0,0,0,0,0,0,0.00069918,0.00046612,0.003396,0.024205,0.046845,0.088463,8.8161,17.83,0.21981,0.018079,0,0,0,0,0,0,0,0,0,0,0,0,0,0,0,0,0,0.00043283,0.0070917,0.023339,0,0.052272,0.00076577,0,0,0,0,0,0,0,0,0,0,0,0,0,0,0,0,0,0,0,0,0,0,0,0,0,0,0,0,0,0,0,0,0,0,0,0,0,0,0,0,0,0,0,0,0,0.071283,0,0,0,0,0,0,0,0,0,0,0,0,0,0,0,0,0,0,0,0,0,0,0,0.13794,0.38049,0.057333,0.58312,0.21878,0,0,0,0,0,0,0,0,0,0,0,0,0,0.00073248,0.0015648,0.027135,0.066988,0.067255,0.077909,0.10318,2.5746,0.77413,0,0,0,0,0,0,0,0,0,0,0,0,0,0,0,0,0,0,0.00013318,0.006326,0.022141,0,0.2609,0.18179,0,0,0,0,0,0,0,0,0,0,0,0,0,0,0,0,0,0,0,0,0,0,0,0,0,0,0,0,0,0,0,0,0,0,0,0,0,0,0,0,0,0,0,0,0
2,0,0,0,0,0,0,0,0,0,0,0,0,0,0,0,0,0,0,0,0,0,0,0,0,0.28094,0.09136,0,0,0,0,0,0,0,0,0,0,0,0,0,0,0,0,0,0,0,0,0,0,0,0,0,0,0,0,0,0,0,0,0,0,0,0,0,0,0,0,0,0,0,0,0,0,0,0,0,0,0,0,0,0,0,0,0,0,0,0,0,0,0,0,0,0,0,0,0,0,0,0,0,0,0,0,0,0,0,0,0,0,0,0,0,0,0,0,0,0,0,0,0,0,0,0,0,0,0,0,0,0,0,0,0,0,0,0,0,0,0,0,0,0,0,0,0,0,51.872,0.96211,0,0,0,0,0,0,0,0,0,0,0,0,0,0,0,0,0,0,0,0,0,0.025104,16.039,0.01142,0,0,0,0,0,0,0,0,0,0,0,0,0,0,0,0,0,0,0,0,0,0,0,0,0,0,0,0,0,0,0,0,0,0,0,0,0,0,0,0,0,0,0,0,0,0,0,0,0,0,0,0,0,0,0,0,0,0,0,0,0,0,0,0,0,0,0,0,0,0,0,0,0,0,0,0,0,0,0,0,0,0,0,0,0,0,0,0,0,0,0,0,0,0,10.169,1.3578,0,0,0,0,0,0,0,0,0,0,0,0,0,0,0,0,0,0,0,0,0,0.018645,15.415,3.6698,0,0,0,0,0,0,0,0,0,0,0,0,0,0,0,0,0,0,0,0,0,0,0,0,0,0,0,0,0,0,0,0,0,0,0,0,0,0,0,0,0,0,0,0,0,0,0,0,0,0,0,0,0,0,0,0,0,0,0,0,0,0,0,0,0,0,0,0,0,0,0,0,0,0,0,0,0,0,0,0,0,0,0,0,0,0,0,0,0,0,0,0,0,0,0.058365,0.026869,0,0,0,0,0,0,0,0,0,0,0,0,0,0,0,0,0,0,0,0,0,0,0.00029965,0.0016314,0,0,0,0,0,0,0,0,0,0,0,0,0,0,0,0,0,0,0,0,0,0,0,0,0,0,0,0,0,0,0,0,0,0,0,0,0,0,0,0,0,0,0,0,0,0,0,0,0,0,0,0,0,0,0,0,0,0,0,0,0,0,0,0,0,0,0,0,0,0
2,0.047711,0,0,0,0,0,0,0,0,0,0,0,0,0,0,0,0,0,0,0,0,0,0,0,10.904,9.3682,0.13661,0,0,0,0,0,0,0,0,0,0,0,0,0,0,0,0,0.00029965,0.0069585,0.037956,0.1127,1.4123,0,0,0,0,0,0,0,0,0,0,0,0,0,0,0,0,0,0,0,0,0,0,0,0,0,0,0,0,0,0,0,0,0,0,0,0,0,0,0,0,0,0,0,0,0,0,0,0,0,0,0,0,0,0,0,0,0,0,0,0,0,0,0,0,0,0,0,0,0,0,0,0,0,0,0,0,0,0,0,0,0,0,0,0,0,0,0,0,0,0,0,0,0,0,0,0,8.9474,26.448,8.3359,1.1265,0,0,0,0,0,0,0,0,0,0,0,0,0,0,0,0.013884,0.029266,0.031463,0.055568,0.12552,1.0173,0.11174,0.025437,6.6589E-05,0,0,0,0,0,0,0,0,0,0,0,0,0,0,0,0,0,0,0,0,0,0,0,0,0,0,0,0,0,0,0,0,0,0,0,0,0,0,0,0,0,0,0,0,0,0,0,0,0,0,0,0,0,0,0,0,0,0,0,0,0,0,0,0,0,0,0,0,0,0,0,0,0,0,0,0,0,0,0,0,0,0,0,0,0,0,0,0,0,0,0,0,5.3403,4.26,4.8557,1.6936,0,0,0,0,0,0,0,0,0,0,0,0,0,0,0,0.0034626,0.0086899,0.018911,0.12489,0.41884,7.2392,2.0609,0.75279,0.20236,0,0,0,0,0,0,0,0,0,0,0,0,0,0,0,0,0,0,0.00066589,0.011653,0,0.00066589,0,0,0,0,0,0,0,0,0,0,0,0,0,0,0,0,0,0,0,0,0,0,0,0,0,0,0,0,0,0,0,0,0,0,0,0,0,0,0,0,0,0,0,0,0,0,0.058632,0,0,0,0,0,0,0,0,0,0,0,0,0,0,0,0,0,0,0,0,0,0,0,0.24675,0.17013,0.3695,1.5551,9.9883E-05,0,0,0,0,0,0,0,0,0,0,0,0,0,0,0.0043616,0.044615,0.052838,0.073215,0.10751,0.10058,1.61,0.2297,0,0,0,0,0,0,0,0,0,0,0,0,0,0,0,0,0,0,0,0,0.0034959,0,0.086532,0,0,0,0,0,0,0,0,0,0,0,0,0,0,0,0,0,0,0,0,0,0,0,0,0,0,0,0,0,0,0,0,0,0,0,0,0,0,0,0,0,0,0,0,0,0
2,1.7058,0,0,0,0,0,0,0,0,0,0,0,0,0,0,0,0,0,0,0,0,0,0,0,0.42028,6.8752,12.548,8.2241,2.1478,0.76764,0.091327,0,0,0,0,0,0,0,0,0,0,0.00023306,3.3294E-05,6.6589E-05,0.00026636,0.00046612,0.00016647,0.0006326,0,0,0,0,0,0,0,0,0,0,0,0,0,0,0,0,0,0,0,0,0,0,0,0,0,0,0,0,0,0,0,0,0,0,0,0,0,0,0,0,0,0,0,0,0,0,0,0,0,0,0,0,0,0,0,0,0,0,0,0,0,0,0,0,0,0,0,0,0,0,0,0,5.2896,0,0,0,0,0,0,0,0,0,0,0,0,0,0,0,0,0,0,0,0,0,0,0,2.0888,20.121,19.513,8.1155,3.372,1.8408,0.22977,0,0,0,0,0,0,0,0,0,0,0.0056601,0.0068587,0.0087232,0.0053937,0.0089229,0.010688,0.01415,0,0,0.10175,0,0,0,0,0,0,0,0,0,0,0,0,0,0,0,0,0,0,0,0,0,0,0,0,0,0,0,0,0,0,0,0,0,0,0,0,0,0,0,0,0,0,0,0,0,0,0,0,0,0,0,0,0,0,0,0,0,0,0,0,0,0,0,0,0,0,0,0,0,0.081139,0,0,0,0,0,0,0,0,0,0,0,0,0,0,0,0,0,0,0,0,0,0,0,0.73637,0.38658,3.0639,0.93121,0.040852,0.004528,3.3294E-05,0,0,0,0,0,0,0,0,0,0,0.00283,0.0057599,0.004528,0.0014317,0.0024638,0.0027634,0.004295,0,0,0.23539,0.0077243,0,0,0,0,0,0,0,0,0,0,0,0,0,0,0,0,0,0,0,0,0,0,0,0,0,0,0,0,0,0,0,0,0,0,0,0,0,0,0,0,0,0,0,0,0,0,0,0,0,0,0,0,0,0,0,0,0,0,0,0,0,0,0,0,0,0,0,0,0.21934,0,0,0,0,0,0,0,0,0,0,0,0,0,0,0,0,0,0,0,0,0,0,0,0.097586,0.22141,0.19814,0.12722,0.076677,0.012286,0,0,0,0,0,0,0,0,0,0,0,0.00043283,0.0010987,0.00093225,0.0015648,0.0027301,0.0044282,0.008257,0,0,0.0026969,0,0,0,0,0,0,0,0,0,0,0,0,0,0,0,0,0,0,0,0,0,0,0,0,0,0,0,0,0,0,0,0,0,0,0,0,0,0,0,0,0,0,0,0,0,0,0,0,0,0,0,0,0,0,0,0,0,0,0,0,0,0,0,0,0,0,0,0,0
2,0,0,0,0,0,0,0,0,0,0,0,0,0,0,0,0,0,0,0,0,0,0,0,0,1.4093,0.18745,0,0,0,0,0,0,0,0,0,0,0,0,0,0,0,0,0,0,0,0,0,0,0,0,0,0,0,0,0,0,0,0,0,0,0,0,0,0,0,0,0,0,0,0,0,0,0,0,0,0,0,0,0,0,0,0,0,0,0,0,0,0,0,0,0,0,0,0,0,0,0,0,0,0,0,0,0,0,0,0,0,0,0,0,0,0,0,0,0,0,0,0,0,0,0,0,0,0,0,0,0,0,0,0,0,0,0,0,0,0,0,0,0,0,0,0,0,0,29.576,7.4536,0.32582,0.00029965,0,0,0,0,0,0,0,0,0,0,0,0,0,0,0,0,0,0,0.00053271,0.0067921,16.728,8.1798,0,0,0,0,0,0,0,0,0,0,0,0,0,0,0,0,0,0,0,0,0,0,0,0,0,0,0,0,0,0,0,0,0,0,0,0,0,0,0,0,0,0,0,0,0,0,0,0,0,0,0,0,0,0,0,0,0,0,0,0,0,0,0,0,0,0,0,0,0,0,0,0,0,0,0,0,0,0,0,0,0,0,0,0,0,0,0,0,0,0,0,0,0,0,0.052039,1.3793,3.2747,0.52386,0,0,0,0,0,0,0,0,0,0,0,0,0,0,0,0,0,0,0.00023306,0.012852,3.6574,26.897,0.0063925,0,0,0,0,0,0,0,0,0,0,0,0,0,0,0,0,0,0,0,0,3.3294E-05,0,0.019644,0,0,0,0,0,0,0,0,0,0,0,0,0,0,0,0,0,0,0,0,0,0,0,0,0,0,0,0,0,0,0,0,0,0,0,0,0,0,0,0,0,0,0,0,0,0,0,0,0,0,0,0,0,0,0,0,0,0,0,0,0,0,0,0,0,0,0,0,0,0,0.019411,0.010122,0.026103,0.098119,0,0,0,0,0,0,0,0,0,0,0,0,0,0,0,0,0,0.00016647,0.00099883,0.0040952,0.0013318,0.14909,0,0,0,0,0,0,0,0,0,0,0,0,0,0,0,0,0,0,0,0,0,0,0,0,0,0,0,0,0,0,0,0,0,0,0,0,0,0,0,0,0,0,0,0,0,0,0,0,0,0,0,0,0,0,0,0,0,0,0,0,0,0,0,0,0,0,0,0,0,0
2,0,0,0,0,0,0,0,0,0,0,0,0,0,0,0,0,0,0,0,0,0,0,0,0,0.41665,4.4245,0,0,0,0,0,0,0,0,0,0,0,0,0,0,0,0,0,0,0,0.00023306,0,0,0,0,0,0,0,0,0,0,0,0,0,0,0,0,0,0,0,0,0,0,0,0,0,0,0,0,0,0,0,0,0,0,0,0,0,0,0,0,0,0,0,0,0,0,0,0,0,0,0,0,0,0,0,0,0,0,0,0,0,0,0,0,0,0,0,0,0,0,0,0,0,0,0.00023306,0,0,0,0,0,0,0,0,0,0,0,0,0,0,0,0,0,0,0,0,0,0,0,0.69306,13.095,0.12096,0,0,0,0,0,0,0,0,0,0,0,0,0,0,0,0.00099883,0.005993,0.034027,0.081205,0.11836,0.23602,0.34203,18.295,0.13428,0,0,0,0,0,0,0,0,0,0,0,0,0,0,0,0,0,0,0,0,0,0,0,0,0,0,0,0,0,0,0,0,0,0,0,0,0,0,0,0,0,0,0,0,0,0,0,0,0,0,0,0,0,0,0,0,0,0,0,0,0,0,0,0,0,0,0,0,0,0.0086899,0,0,0,0,0,0,0,0,0,0,0,0,0,0,0,0,0,0,0,0,0,0,0,1.1257,12.106,2.8107,0.18721,0.00049942,0,0,0,0,0,0,0,0,0,0,0,0,6.6589E-05,0.0021308,0.0050608,0.010688,0.013717,0.021908,0.074613,0.020609,31.605,9.7591,0.0006326,0,0,0,0,0,0,0,0,0,0,0,0,0,0,0,0,0,0,0,0,0,0,0,0,0,0,0,0,0,0,0,0,0,0,0,0,0,0,0,0,0,0,0,0,0,0,0,0,0,0,0,0,0,0,0,0,0,0,0,0,0,0,0,0,0,0,0,0,0.20503,0,0,0,0,0,0,0,0,0,0,0,0,0,0,0,0,0,0,0,0,0,0,0,0.39584,1.0677,0.62058,0.3723,0.0096887,0.0025637,0,0,0,0,0,0,0,0,0,0,0,3.3294E-05,0.0015315,0.0050941,0.041818,0.031963,0.029998,0.077043,0.00089895,0.096854,1.2277,0.062427,0,0,0,0,0,0,0,0,0,0,0,0,0,0,0,0,0,0,0,0,0,0,0,0,0,0,0,0,0,0,0,0,0,0,0,0,0,0,0,0,0,0,0,0,0,0,0,0,0,0,0,0,0,0,0,0,0,0,0,0,0,0,0,0,0,0,0,0
2,0,0,0,0,0,0,0,0,0,0,0,0,0,0,0,0,0,0,0,0,0,0,0,0,18.15,3.9043,0,0,0,0,0,0,0,0,0,0,0,0,0,0,0,3.3294E-05,0.0018312,0.010688,0.081705,0.070052,0.021242,0.01112,0,0,0,0,0,0,0,0,0,0,0,0,0,0,0,0,0,0,0,0,0,0,0,0,0,0,0,0,0,0,0,0,0,0,0,0,0,0,0,0,0,0,0,0,0,0,0,0,0,0,0,0,0,0,0,0,0,0,0,0,0,0,0,0,0,0,0,0,0,0,0,0,0.0081904,0,0,0,0,0,0,0,0,0,0,0,0,0,0,0,0,0,0,0,0,0,0,0,27.555,11.346,0.0061262,0,0,0,0,0,0,0,0,0,0,0,0,0,0,0.054803,0.25896,0.29802,0.49868,1.4691,1.3659,0.96924,4.8663,2.2975,0.0049609,0,0,0,0,0,0,0,0,0,0,0,0,0,0,0,0,0,0,0,0,0,0,0,0,0,0,0,0,0,0,0,0,0,0,0,0,0,0,0,0,0,0,0,0,0,0,0,0,0,0,0,0,0,0,0,0,0,0,0,0,0,0,0,0,0,0,0,0,0,0.041385,0,0,0,0,0,0,0,0,0,0,0,0,0,0,0,0,0,0,0,0,0,0,0,2.0289,3.6321,0.40113,0.021342,0.0028966,0,0,0,0,0,0,0,0,0,0,0,0.00079907,0.085267,0.29346,0.23706,0.22287,0.28264,0.19204,0.29735,2.9702,10.617,1.0118,0,0,0,0,0,0,0,0,0,0,0,0,0,0,0,0,0,0,0,0,0,0,0,0,0,0,0,0,0,0,0,0,0,0,0,0,0,0,0,0,0,0,0,0,0,0,0,0,0,0,0,0,0,0,0,0,0,0,0,0,0,0,0,0,0,0,0,0,0,1.8612,0,0,0,0,0,0,0,0,0,0,0,0,0,0,0,0,0,0,0,0,0,0,0,0.15159,0.16035,0.067155,0.0015315,0.00039953,0.00016647,0,0,0,0,0,0,0,0,0,0,0.002031,0.088097,0.23726,0.31427,0.73707,0.33314,0.15798,0.15562,0,0.0063592,0.13777,0,0,0,0,0,0,0,0,0,0,0,0,0,0,0,0,0,0,0,0,0,0,0,0,0,0,0,0,0,0,0,0,0,0,0,0,0,0,0,0,0,0,0,0,0,0,0,0,0,0,0,0,0,0,0,0,0,0,0,0,0,0,0,0,0,0,0,0,0
2,2.0162,0,0,0,0,0,0,0,0,0,0,0,0,0,0,0,0,0,0,0,0,0,0,0,0.46576,4.9102,0.93178,0.29725,0.039221,0.0079574,0,0,0,0,0,0,0,0,0,0,0,0,0,0,0,0,0.010821,0.31313,0,0,0,0,0,0,0,0,0,0,0,0,0,0,0,0,0,0,0,0,0,0,0,0,0,0,0,0,0,0,0,0,0,0,0,0,0,0,0,0,0,0,0,0,0,0,0,0,0,0,0,0,0,0,0,0,0,0,0,0,0,0,0,0,0,0,0,0,0,0,0,0,17.622,0,0,0,0,0,0,0,0,0,0,0,0,0,0,0,0,0,0,0,0,0,0,0,9.6713,28.241,10.781,3.3327,0.63023,0.20589,0.2292,0.70058,0.74666,0.0014983,0,0,0,0,0,0,0,0,0,0,0,0.0010321,0.094323,1.8118,0,0,0,0,0,0,0,0,0,0,0,0,0,0,0,0,0,0,0,0,0,0,0,0,0,0,0,0,0,0,0,0,0,0,0,0,0,0,0,0,0,0,0,0,0,0,0,0,0,0,0,0,0,0,0,0,0,0,0,0,0,0,0,0,0,0,0,0,0,0,0,0,0.16904,0,0,0,0,0,0,0,0,0,0,0,0,0,0,0,0,0,0,0,0,0,0,0,8.1473,5.403,1.4846,0.34586,0.78505,0.20636,0.041518,0.197,0.083835,0,0,0,0,0,0,0,0,0,0,0,0,0,0.00046612,0.0044282,0.049675,0.012752,0,0,0,0,0,0,0,0,0,0,0,0,0,0,0,0,0,0,0,0,0,0,0,0,0,0,0,0,0,0,0,0,0,0,0,0,0,0,0,0,0,0,0,0,0,0,0,0,0,0,0,0,0,0,0,0,0,0,0,0,0,0,0,0,0,0,0,0,0,0,0,0,0,0,0,0,0,0,0,0,0,0,0,0,0,0,0,0,0,0,0,0,0,0,0,0.0022307,0.0056934,0,0,0,0,0,0,0,0,0,0,0,0,0,0,0,0,0,0,0,0,0,0,0,0,0,0,0,0,0,0,0,0,0,0,0,0,0,0,0,0,0,0,0,0,0,0,0,0,0,0,0,0,0,0,0,0,0,0,0,0,0,0,0,0,0,0,0,0,0,0,0,0,0,0,0,0,0,0,0,0,0,0,0,0,0,0,0,0,0,0,0,0,0
2,0,0,0,0,0,0,0,0,0,0,0,0,0,0,0,0,0,0,0,0,0,0,0,0,2.4252,0.0087897,0,0,0,0,0,0,0,0,0,0,0,0,0,0,0,0,0,0,0,0.00013318,0.00053271,6.6589E-05,0,0,0,0,0,0,0,0,0,0,0,0,0,0,0,0,0,0,0,0,0,0,0,0,0,0,0,0,0,0,0,0,0,0,0,0,0,0,0,0,0,0,0,0,0,0,0,0,0,0,0,0,0,0,0,0,0,0,0,0,0,0,0,0,0,0,0,0,0,0,0,0,0,0,0,0,0,0,0,0,0,0,0,0,0,0,0,0,0,0,0,0,0,0,0,0,34.675,9.4099,0.063659,0,0,0,0,0,0,0,0,0,0,0,0,0,0,0,0,0,0.019244,0.12103,0.36571,1.1138,7.6687,4.9462,0,0,0,0,0,0,0,0,0,0,0,0,0,0,0,0,0,0,0,0,0.0010987,0.015881,0,0,0,0,0,0,0,0,0,0,0,0,0,0,0,0,0,0,0,0,0,0,0,0,0,0,0,0,0,0,0,0,0,0,0,0,0,0,0,0,0,0,0,0,0,0,0,0,0,0,0,0,0,0,0,0,0,0,0,0,0,0,0,0,0,0,0,0,0,0,0,0,4.1848,7.1896,2.8163,0.00026636,0,0,0,0,0,0,0,0,0,0,0,0,0,0,0.0068254,0.032162,0.0283,0.1679,0.32768,1.353,6,14.166,0.00019977,0,0,0,0,0,0,0,0,0,0,0,0,0,0,0,0,0,0,0,6.6589E-05,0.008024,0,0,0,0,0,0,0,0,0,0,0,0,0,0,0,0,0,0,0,0,0,0,0,0,0,0,0,0,0,0,0,0,0,0,0,0,0,0,0,0,0,0,0,0,0,0,0,0,0.2271,0,0,0,0,0,0,0,0,0,0,0,0,0,0,0,0,0,0,0,0,0,0,0,0.58565,0.41345,0.067887,0.010654,0,0,0,0,0,0,0,0,0,0,0,0,0,0,0.0060596,0.030897,0.30385,0.35825,0.31437,0.46712,0.018745,0.078109,0.002031,0,0,0,0,0,0,0,0,0,0,0,0,0,0,0,0,0,0,0,0,0,0,0,0,0,0,0,0,0,0,0,0,0,0,0,0,0,0,0,0,0,0,0,0,0,0,0,0,0,0,0,0,0,0,0,0,0,0,0,0,0,0,0,0,0,0,0,0,0
2,0,0,0,0,0,0,0,0,0,0,0,0,0,0,0,0,0,0,0,0,0,0,0,0,0.65201,0.0065923,0,0,0,0,0,0,0,0,0,0,0,0,0,0,0,0,0,3.3294E-05,0.00033294,0.00016647,0.0029299,0.0058265,0,0,0,0,0,0,0,0,0,0,0,0,0,0,0,0,0,0,0,0,0,0,0,0,0,0,0,0,0,0,0,0,0,0,0,0,0,0,0,0,0,0,0,0,0,0,0,0,0,0,0,0,0,0,0,0,0,0,0,0,0,0,0,0,0,0,0,0,0,0,0,0,0,0,0,0,0,0,0,0,0,0,0,0,0,0,0,0,0,0,0,0,0,0,0,0,66.421,0.010721,0,0,0,0,0,0,0,0,0,0,0,0,0,0,0,0,0.0062261,0.047744,0.10468,0.1171,0.22397,2.3237,0.098585,0,0,0,0,0,0,0,0,0,0,0,0,0,0,0,0,0.00016647,9.9883E-05,0,0,0,0,0,0,0,0,0,0,0,0,0,0,0,0,0,0,0,0,0,0,0,0,0,0,0,0,0,0,0,0,0,0,0,0,0,0,0,0,0,0,0,0,0,0,0,0,0,0,0,0,0,0.00053271,0,0,0,0,0,0,0,0,0,0,0,0,0,0,0,0,0,0,0,0,0,0,0,26.486,0.010488,0.00016647,0,0,0,0,0,0,0,0,0,0,0,0,0,0,0.00019977,0.035026,0.055535,0.098052,0.075911,0.09742,1.0202,0.74456,0,0,0,0,0,0,0,0,0,0,0,0,0,0,0,0,0.0013984,0.0030298,0,0,0,0,0.00013318,0,0,0,0,0,0,0,0,0,0,0,0,0,0,0,0,0,0,0,0,0,0,0,0,0,0,0,0,0,0,0,0,0,0,0,0,0,0,0,0,0,0,0,0,0,0,0,0,0.21908,0,0,0,0,0,0,0,0,0,0,0,0,0,0,0,0,0,0,0,0,0,0,0,0.34347,0.067954,0.024904,0.0097886,0.00043283,0,0,0,0,0,0,0,0,0,0,0,0,6.6589E-05,0.021808,0.035692,0.25414,0.093624,0.072216,0.2019,0,0,0,0,0,0,0,0,0,0,0,0,0,0,0,0,0,9.9883E-05,0.0038955,0,0,0,0,0,0,0,0,0,0,0,0,0,0,0,0,0,0,0,0,0,0,0,0,0,0,0,0,0,0,0,0,0,0,0,0,0,0,0,0,0,0,0,0,0,0,0,0,0,0,0,0,0
2,0,0,0,0,0,0,0,0,0,0,0,0,0,0,0,0,0,0,0,0,0,0,0,0,0,0,0,0,0,0,0,0,0,0,0,0,0,0,0,0,0,0,0,0,0,0,0,0,0,0,0,0,0,0,0,0,0,0,0,0,0,0,0,0,0,0,0,0,0,0,0,0,0,0,0,0,0,0,0,0,0,0,0,0,0,0,0,0,0,0,0,0,0,0,0,0,0,0,0,0,0,0,0,0,0,0,0,0,0,0,0,0,0,0,0,0,0,0,0,0,3.3294E-05,0,0,0,0,0,0,0,0,0,0,0,0,0,0,0,0,0,0,0,0,0,0,0,32.071,0.051373,0,0,0,0,0,0,0,0,0,0,0,0,0,0,0,0,9.9883E-05,0.0020976,0.018345,0.046646,0.088763,0.21648,2.1664,0,0,0,0,0,0,0,0,0,0,0,0,0,0,0,0,0,0,0,0,0,0,0,0,0,0,0,0,0,0,0,0,0,0,0,0,0,0,0,0,0,0,0,0,0,0,0,0,0,0,0,0,0,0,0,0,0,0,0,0,0,0,0,0,0,0,0,0,0,0,0,0.00053271,0,0,0,0,0,0,0,0,0,0,0,0,0,0,0,0,0,0,0,0,0,0,0,49.553,0.65544,0,0,0,0,0,0,0,0,0,0,0,0,0,0,0.00013318,0.03689,0.055568,0.11896,0.20809,0.24358,0.27538,10.879,2.551,0,0,0,0,0,0,0,0,0,0,0,0,0,0,0,0,0,0.00053271,0.00013318,0,0,0,0,0,0,0,0,0,0,0,0,0,0,0,0,0,0,0,0,0,0,0,0,0,0,0,0,0,0,0,0,0,0,0,0,0,0,0,0,0,0,0,0,0,0,0,0,0,0,0,0,0.32632,0,0,0,0,0,0,0,0,0,0,0,0,0,0,0,0,0,0,0,0,0,0,0,0.041785,0.0023306,0.00056601,6.6589E-05,0,0,0,0,0,0,0,0,0,0,0,0,0.0019311,0.030032,0.022108,0.049476,0.20676,0.047578,0.01718,0.01455,0,0,0,0,0,0,0,0,0,0,0,0,0,0,0,0,0,0,0,0,0,0,0,0,0,0,0,0,0,0,0,0,0,0,0,0,0,0,0,0,0,0,0,0,0,0,0,0,0,0,0,0,0,0,0,0,0,0,0,0,0,0,0,0,0,0,0,0,0,0,0,0
2,0,0,0,0,0,0,0,0,0,0,0,0,0,0,0,0,0,0,0,0,0,0,0,0,2.5397,2.183,0.0017979,0,0,0,0,0,0,0,0,0,0,0,0,0,0,0,0,0,0,0,0,3.3294E-05,0,0,0,0,0,0,0,0,0,0,0,0,0,0,0,0,0,0,0,0,0,0,0,0,0,0,0,0,0,0,0,0,0,0,0,0,0,0,0,0,0,0,0,0,0,0,0,0,0,0,0,0,0,0,0,0,0,0,0,0,0,0,0,0,0,0,0,0,0,0,0,0,0.0023639,0,0,0,0,0,0,0,0,0,0,0,0,0,0,0,0,0,0,0,0,0,0,0,14.59,17.186,0.0059597,0.00013318,3.3294E-05,0,0,0,0,0,0,0,0,0,0,0,0,0,0,0.00069918,0.0031297,0.0062594,0.027102,0.18139,1.5515,4.656,0.025936,0,0,0,0,0,0,0,0,0,0,0,0,0,0,0,0,0,0,0,0,0,0,0,0,0,0,0,0,0,0,0,0,0,0,0,0,0,0,0,0,0,0,0,0,0,0,0,0,0,0,0,0,0,0,0,0,0,0,0,0,0,0,0,0,0,0,0,0,0,0.10504,0,0,0,0,0,0,0,0,0,0,0,0,0,0,0,0,0,0,0,0,0,0,0,2.3948,2.9015,0.35575,0.0011653,0.00043283,0.00019977,0,0,0,0,0,0,0,0,0,0,0,0,0,0.00023306,0.00089895,0.015415,0.13388,1.0564,7.2031,23.377,1.1742,0,0,0,0,0,0,0,0,0,0,0,0,0,0,0,0,0,0,0,0.0040952,0.4282,0,0.044814,0,0,0,0,0,0,0,0,0,0,0,0,0,0,0,0,0,0,0,0,0,0,0,0,0,0,0,0,0,0,0,0,0,0,0,0,0,0,0,0,0,0,0,0,0,0,0.88407,0,0,0,0,0,0,0,0,0,0,0,0,0,0,0,0,0,0,0,0,0,0,0,1.2934,1.8665,0.98682,0.084568,0.0075578,0.0032962,0.00033294,0,3.3294E-05,0,0,0,0,0,0,0,0,0,0.00019977,6.6589E-05,0.0011986,0.075745,0.29046,0.94553,0.44931,8.8623,1.8186,0.014749,0,0,0,0,0,0,0,0,0,0,0,0,0,0,0,0,0,0,0,0.041252,0,0.21645,0,0,0,0,0,0,0,0,0,0,0,0,0,0,0,0,0,0,0,0,0,0,0,0,0,0,0,0,0,0,0,0,0,0,0,0,0,0,0,0,0,0,0,0,0,0
2,0,0,0,0,0,0,0,0,0,0,0,0,0,0,0,0,0,0,0,0,0,0,0,0,4.3324,19.275,0.23949,0,0,0,0,0,0,0,0,0,0,0,0,0,0,0,0,0,0,0,0.00086566,0.00036624,0,0,0,0,0,0,0,0,0,0,0,0,0,0,0,0,0,0,0,0,0,0,0,0,0,0,0,0,0,0,0,0,0,0,0,0,0,0,0,0,0,0,0,0,0,0,0,0,0,0,0,0,0,0,0,0,0,0,0,0,0,0,0,0,0,0,0,0,0,0,0,0,0.010954,0,0,0,0,0,0,0,0,0,0,0,0,0,0,0,0,0,0,0,0,0,0,0,0.97053,9.1649,0.80479,0.020443,0,0,0,0,0,0,0,0,0,0,0,0,0,0.00039953,0.00033294,0.00073248,0.0027967,0.015415,0.06852,0.21288,0.84475,22.453,1.2816,0.0012652,0,0,0,0,0,0,0,0,0,0,0,0,0,0,0,0,0,0,0.0017646,0.018811,0,0,0,0,0,0,0,0,0,0,0,0,0,0,0,0,0,0,0,0,0,0,0,0,0,0,0,0,0,0,0,0,0,0,0,0,0,0,0,0,0,0,0,0,0,0,0,0,0.012452,0,0,0,0,0,0,0,0,0,0,0,0,0,0,0,0,0,0,0,0,0,0,0,0.41701,0.45444,0.078209,0.17926,0.07448,0.021908,0.0058931,0.003396,0.0044615,0.0076244,0.0047278,0.0005993,0,0,0,0,0,0.0014317,0.00039953,0.00086566,0.0050608,0.021442,0.082371,0.2257,0.32735,24.273,3.3498,1.2335,0,0,0,0,0,0,0,0,0,0,0,0,0,0,0,0,0,0,0.0051273,0.066123,0,2.3383,0.7998,0,0,0,0,0,0,0,0,0,0,0,0,0,0,0,0,0,0,0,0,0,0,0,0,0,0,0,0,0,0,0,0,0,0,0,0,0,0,0,0,0,0,0,0,0,0.25244,0,0,0,0,0,0,0,0,0,0,0,0,0,0,0,0,0,0,0,0,0,0,0,0.23962,0.3133,0.16827,0.19857,0.10211,0.10408,0.10075,0.099118,0.23123,0.43669,0.4862,0.12359,0.011786,0,0,0,0.00013318,0.00283,0.0031297,0.0047278,0.022174,0.052872,0.10281,0.1729,0.058032,1.2295,0.92459,0.13561,0,0,0,0,0,0,0,0,0,0,0,0,0,0,0,0,0,0,0.00029965,0.017779,0,0.010787,0.67628,0,0,0,0,0,0,0,0,0,0,0,0,0,0,0,0,0,0,0,0,0,0,0,0,0,0,0,0,0,0,0,0,0,0,0,0,0,0,0,0,0,0,0,0,0
2,0.0030964,0,0,0,0,0,0,0,0,0,0,0,0,0,0,0,0,0,0,0,0,0,0,0,0.00076577,0.2822,0.92302,1.0702,0.69223,0.13857,0.0072582,0,0,0,0,0,0,0,0,0,0,0,0,0,0,0,0,0,0,0,0,0,0,0,0,0,0,0,0,0,0,0,0,0,0,0,0,0,0,0,0,0,0,0,0,0,0,0,0,0,0,0,0,0,0,0,0,0,0,0,0,0,0,0,0,0,0,0,0,0,0,0,0,0,0,0,0,0,0,0,0,0,0,0,0,0,0,0,0,0,0.099883,0,0,0,0,0,0,0,0,0,0,0,0,0,0,0,0,0,0,0,0,0,0,0,22.497,2.1381,2.3579,3.2373,5.2459,4.8147,2.0468,0.56284,0.077842,0,0,0,0,0,0,0,0,0,0,0,0,0,0,0,2.2065,0.0069918,0,0,0,0,0,0,0,0,0,0,0,0,0,0,0,0,0,0,0,0,0,0,0,0,0,0,0,0,0,0,0,0,0,0,0,0,0,0,0,0,0,0,0,0,0,0,0,0,0,0,0,0,0,0,0,0,0,0,0,0,0,0,0,0,0,0,0,0,0,0,0,0,0,0,0,0,0,0,0,0,0,0,0,0,0,0,0,0,0,0,0,0,0,0,12.199,13.875,4.2355,0.48344,0.064724,0.1418,0.036191,0.032862,0.014317,0,0,0,0,0,0,0,0,0,0,0,0,0,0,0,18.328,1.2155,0,0,0,0,0,0,0,0,0,0,0,0,0,0,0,0,0,0,0,0,0,0,0,0,0,0,0,0,0,0,0,0,0,0,0,0,0,0,0,0,0,0,0,0,0,0,0,0,0,0,0,0,0,0,0,0,0,0,0,0,0,0,0,0,0,0,0,0,0,0,0,0,0,0,0,0,0,0,0,0,0,0,0,0,0,0,0,0,0,0,0,0,0,0,0.047212,0.68547,0.2292,0.0027634,9.9883E-05,0,0,0,0,0,0,0,0,0,0,0,0,0,0,0,0,0,0,0,0,0,0,0,0,0,0,0,0,0,0,0,0,0,0,0,0,0,0,0,0,0,0,0,0,0,0,0,0,0,0,0,0,0,0,0,0,0,0,0,0,0,0,0,0,0,0,0,0,0,0,0,0,0,0,0,0,0,0,0,0,0,0,0,0,0,0,0,0,0,0,0
2,7.7406,0,0,0,0,0,0,0,0,0,0,0,0,0,0,0,0,0,0,0,0,0,0,0,0.73035,17.204,11.323,2.4036,0.0287,0.0071583,0.00013318,0,0.00053271,0.00079907,0,0,3.3294E-05,9.9883E-05,0,0.018478,0.2595,0.57057,0.10311,0.06599,0.047844,0.042817,0.049442,0.097386,0,0,0,0,0,0,0,0,0,0,0,0,0,0,0,0,0,0,0,0,0,0,0,0,0,0,0,0,0,0,0,0,0,0,0,0,0,0,0,0,0,0,0,0,0,0,0,0,0,0,0,0,0,0,0,0,0,0,0,0,0,0,0,0,0,0,0,0,0,0,0,0,0.27035,0,0,0,0,0,0,0,0,0,0,0,0,0,0,0,0,0,0,0,0,0,0,0,0.085667,3.5376,7.2708,7.4188,1.7699,1.4795,0.81994,0.32645,0.16627,0.08297,0.051373,0.070451,0.043982,0.12542,0.041851,0.0015981,0.033394,0.20869,0.050241,0.01991,0.008823,0.0074913,0.011254,0.030764,0.16834,5.0641,1.1773,0.55062,0,0,0,0,0,0,0,0,0,0,0,0,0,0,0,0,0,0,0,0,0,0,0,0,0,0,0,0,0,0,0,0,0,0,0,0,0,0,0,0,0,0,0,0,0,0,0,0,0,0,0,0,0,0,0,0,0,0,0,0,0,0,0,0,0,0,0,0,0.15542,0,0,0,0,0,0,0,0,0,0,0,0,0,0,0,0,0,0,0,0,0,0,0,0.14859,0.44402,1.0467,2.8368,1.5354,0.87525,0.79514,0.065757,0.030797,0.0085567,0.0099883,0.016048,0.024272,0.058798,0.033494,0.022108,0.019877,0.068453,0.020809,0.0092559,0.0052938,0.0073248,0.021575,0.057799,0.21791,8.1819,3.7412,0.8289,0.0015315,0,0,0,0,0,0,0,0,0,0,0,0,0,0,0,0,0,0.00096554,0.010022,0.12206,1.3796,0.34104,0.0078242,0,0,0,0,0,0,0,0,0,0,0,0,0,0,0,0,0,0,0,0,0,0,0,0,0,0,0,0,0,0,0,0,0,0,0,0,0,0,0,0,0,0,0,0,0.3711,0,0,0,0,0,0,0,0,0,0,0,0,0,0,0,0,0,0,0,0,0,0,0,0.079441,0.15052,0.26286,0.67981,0.59208,0.008024,0.1105,0.001698,0,0.0044615,0.013151,0.051906,0.057133,0.030631,0.0046945,0.0035292,0.007458,0.05417,0.02294,0.012152,0.01142,0.017613,0.015748,0.01688,0.0043616,0.64119,0.20479,0.48853,0,0,0,0,0,0,0,0,0,0,0,0,0,0,0,0,0,0,0,0.00093225,0,0.88287,0.21265,0.24585,0,0,0,0,0,0,0,0,0,0,0,0,0,0,0,0,0,0,0,0,0,0,0,0,0,0,0,0,0,0,0,0,0,0,0,0,0,0,0,0,0,0,0,0
2,0.38129,0,0,0,0,0,0,0,0,0,0,0,0,0,0,0,0,0,0,0,0,0,0,0,0.0011653,1.8994,8.0003,9.5442,4.3875,1.66,0.40772,0.18272,0.029199,0,0,0,0,0,0,0.00019977,3.3294E-05,0,0,0,0,0,0,0,0,0,0,0,0,0,0,0,0,0,0,0,0,0,0,0,0,0,0,0,0,0,0,0,0,0,0,0,0,0,0,0,0,0,0,0,0,0,0,0,0,0,0,0,0,0,0,0,0,0,0,0,0,0,0,0,0,0,0,0,0,0,0,0,0,0,0,0,0,0,0,0,0.43772,0,0,0,0,0,0,0,0,0,0,0,0,0,0,0,0,0,0,0,0,0,0,0,0.0061595,9.2974,13.607,10.553,9.1826,11.856,6.192,6.3438,0.9703,9.9883E-05,3.3294E-05,0,0,0.00043283,0.00043283,0.0069253,0.013418,0.022207,0.0045613,0.0013318,0.0012985,0.0019311,0.0023306,0.0018312,0,0,0,0,0,0,0,0,0,0,0,0,0,0,0,0,0,0,0,0,0,0,0,0,0,0,0,0,0,0,0,0,0,0,0,0,0,0,0,0,0,0,0,0,0,0,0,0,0,0,0,0,0,0,0,0,0,0,0,0,0,0,0,0,0,0,0,0,0,0,0,0,0.1116,0,0,0,0,0,0,0,0,0,0,0,0,0,0,0,0,0,0,0,0,0,0,0,0.0021641,0.17849,0.78119,1.1526,0.18202,0.28074,0.12922,0.21022,0.058698,0,0,0,0,0,0.00023306,0.0032962,0.016447,0.030165,0.0033294,0.0031297,0.0019977,0.0021308,0.0012652,0.00056601,0,0,0,0,0,0,0,0,0,0,0,0,0,0,0,0,0,0,0,0,0,0,0,0,0,0,0,0,0,0,0,0,0,0,0,0,0,0,0,0,0,0,0,0,0,0,0,0,0,0,0,0,0,0,0,0,0,0,0,0,0,0,0,0,0,0,0,0,0,0,0,0,0.29745,0,0,0,0,0,0,0,0,0,0,0,0,0,0,0,0,0,0,0,0,0,0,0,0.00089895,0.02304,0.13651,0.41192,0.18692,0.3729,0.16697,0.21921,0.0092892,0,0,0,0,6.6589E-05,0.00036624,0.0011986,0.0035625,0.011986,0.005427,0.0040286,0.00099883,0.00046612,0.00026636,3.3294E-05,0,0,0,0,0,0,0,0,0,0,0,0,0,0,0,0,0,0,0,0,0,0,0,0,0,0,0,0,0,0,0,0,0,0,0,0,0,0,0,0,0,0,0,0,0,0,0,0,0,0,0,0,0,0,0,0,0,0,0,0,0,0,0,0,0,0,0,0,0,0,0,0
2,0,0,0,0,0,0,0,0,0,0,0,0,0,0,0,0,0,0,0,0,0,0,0,0,0.45347,0.062527,0,0,0,0,0,0,0,0,0,0,0,0,0,0,0,0,0,0,0,0,0,0,0,0,0,0,0,0,0,0,0,0,0,0,0,0,0,0,0,0,0,0,0,0,0,0,0,0,0,0,0,0,0,0,0,0,0,0,0,0,0,0,0,0,0,0,0,0,0,0,0,0,0,0,0,0,0,0,0,0,0,0,0,0,0,0,0,0,0,0,0,0,0,0,0,0,0,0,0,0,0,0,0,0,0,0,0,0,0,0,0,0,0,0,0,0,0,0,19.975,21.488,0.13734,0.0051606,0,0,0,0,0,0,0,0,0,0,0,0,0,0,0,0,0,0,0,0.0030631,1.863,9.7936,0,0,0,0,0,0,0,0,0,0,0,0,0,0,0,0,0,0,0,0,0,0,0,0,0,0,0,0,0,0,0,0,0,0,0,0,0,0,0,0,0,0,0,0,0,0,0,0,0,0,0,0,0,0,0,0,0,0,0,0,0,0,0,0,0,0,0,0,0,0,0.00043283,0,0,0,0,0,0,0,0,0,0,0,0,0,0,0,0,0,0,0,0,0,0,0,2.5987,1.892,0.06852,0.36201,0,0,0,0,0,0,0,0,0,0,0,0,0,0,0,0,0,0,0,0.027701,1.1545,39.393,0.13707,0,0,0,0,0,0,0,0,0,0,0,0,0,0,0,0,0,0,0,0,0,0,0,0,0,0,0,0,0,0,0,0,0,0,0,0,0,0,0,0,0,0,0,0,0,0,0,0,0,0,0,0,0,0,0,0,0,0,0,0,0,0,0,0,0,0,0,0,0,0.0012652,0,0,0,0,0,0,0,0,0,0,0,0,0,0,0,0,0,0,0,0,0,0,0,0.29725,0.098385,0.02284,0.0035625,0,0,0,0,0,0,0,0,0,0,0,0,0,0,0,0,0,0,0.0025304,0.15898,0,0,0,0,0,0,0,0,0,0,0,0,0,0,0,0,0,0,0,0,0,0,0,0,0,0,0,0,0,0,0,0,0,0,0,0,0,0,0,0,0,0,0,0,0,0,0,0,0,0,0,0,0,0,0,0,0,0,0,0,0,0,0,0,0,0,0,0,0,0,0,0
2,0,0,0,0,0,0,0,0,0,0,0,0,0,0,0,0,0,0,0,0,0,0,0,0,1.162,13.608,0.35102,0,0,0,0,0,0,0,0,0,0,0,0,0,0,0,0,0,0.0011653,0.0079574,0.010754,0.022474,0,0,0,0,0,0,0,0,0,0,0,0,0,0,0,0,0,0,0,0,0,0,0,0,0,0,0,0,0,0,0,0,0,0,0,0,0,0,0,0,0,0,0,0,0,0,0,0,0,0,0,0,0,0,0,0,0,0,0,0,0,0,0,0,0,0,0,0,0,0,0,0,0.0035292,0,0,0,0,0,0,0,0,0,0,0,0,0,0,0,0,0,0,0,0,0,0,0,1.2923,14.22,0.78116,0,0,0,0,0,0,0,0,0,0,0,0,0,0,0.0033294,0.008823,0.022241,0.049642,0.068187,0.13171,0.28856,0.061695,11.077,1.3661,0,0,0,0,0,0,0,0,0,0,0,0,0,0,0,0,0,0,0,0,0,0,0,0,0,0,0,0,0,0,0,0,0,0,0,0,0,0,0,0,0,0,0,0,0,0,0,0,0,0,0,0,0,0,0,0,0,0,0,0,0,0,0,0,0,0,0,0,0,0.65487,0,0,0,0,0,0,0,0,0,0,0,0,0,0,0,0,0,0,0,0,0,0,0,2.2058,6.0066,2.2005,0.24768,0.015582,0.004861,0.00033294,0,0,0,0,0.00019977,0,0.0041285,0.050441,0.093191,0.041751,0.079707,0.047311,0.071616,0.097886,0.17183,0.20946,0.42331,0.0048277,9.0855,19.636,0.41458,0,0,0,0,0,0,0,0,0,0,0,0,0,0,0,0,0,0,0,0,0,0.0040286,0.76164,0.0056934,0,0,0,0,0,0,0,0,0,0,0,0,0,0,0,0,0,0,0,0,0,0,0,0,0,0,0,0,0,0,0,0,0,0,0,0,0,0,0,0,0,0,0,0,1.1852,0,0,0,0,0,0,0,0,0,0,0,0,0,0,0,0,0,0,0,0,0,0,0,0.044981,0.3692,2.2147,1.4585,0.29852,0.083802,0.023273,0.010488,0.00019977,0,0,0,0,0.023839,0.063359,0.069153,0.00859,0.0061262,0.012985,0.046879,0.013085,0.0074913,0.04528,0.037223,0,0.60896,5.1249,1.1143,0,0,0,0,0,0,0,0,0,0,0,0,0,0,0,0,0,0,0,0,0,0,0.038955,0.013151,0,0,0,0,0,0,0,0,0,0,0,0,0,0,0,0,0,0,0,0,0,0,0,0,0,0,0,0,0,0,0,0,0,0,0,0,0,0,0,0,0,0,0,0
2,0,0,0,0,0,0,0,0,0,0,0,0,0,0,0,0,0,0,0,0,0,0,0,0,13.994,0.75279,0,0,0,0,0,0,0,0,0,0,0,0,0,0,0,0,0,0.0024638,0.03153,0.040053,0.022907,0.15752,0,0,0,0,0,0,0,0,0,0,0,0,0,0,0,0,0,0,0,0,0,0,0,0,0,0,0,0,0,0,0,0,0,0,0,0,0,0,0,0,0,0,0,0,0,0,0,0,0,0,0,0,0,0,0,0,0,0,0,0,0,0,0,0,0,0,0,0,0,0,0,0,0.0064591,0,0,0,0,0,0,0,0,0,0,0,0,0,0,0,0,0,0,0,0,0,0,0,29.778,4.181,0.00029965,0,0,0,0,0,0,0,0,0,0,0,0,0,0,0.0014317,0.041851,0.55079,1.387,2.2237,2.7544,2.7574,4.7585,5.4244,0.0025304,0,0,0,0,0,0,0,0,0,0,0,0,0,0,0,0.00099883,0.050375,3.3294E-05,0,0,0,0,0,0,0,0,0,0,0,0,0,0,0,0,0,0,0,0,0,0,0,0,0,0,0,0,0,0,0,0,0,0,0,0,0,0,0,0,0,0,0,0,0,0,0,0,0,0,0,0.033294,0,0,0,0,0,0,0,0,0,0,0,0,0,0,0,0,0,0,0,0,0,0,0,1.4996,1.7149,0.06892,0,0,0,0,0,0,0,0,0,0,0,0,0,0,0.0046279,0.058465,0.67854,0.85607,0.75389,0.72332,0.4289,0.43419,13.519,2.6729,0,0,0,0,0,0,0,0,0,0,0,0,0,0,0,0.00016647,0.0061928,0,0,0,0,0,0,0,0,0,0,0,0,0,0,0,0,0,0,0,0,0,0,0,0,0,0,0,0,0,0,0,0,0,0,0,0,0,0,0,0,0,0,0,0,0,0,0,0,0,0,0,0,1.1479,0,0,0,0,0,0,0,0,0,0,0,0,0,0,0,0,0,0,0,0,0,0,0,0.22214,0.18921,0.076444,0.0040286,3.3294E-05,0,0,0,0,0,0,0,0,0,0,0,3.3294E-05,0.0064924,0.044481,0.49389,2.5355,0.98565,0.44754,0.23952,0.0019644,0.1424,1.0888,0,0,0,0,0,0,0,0,0,0,0,0,0,0,0,0,0.00069918,0,0,0,0,0,0,0,0,0,0,0,0,0,0,0,0,0,0,0,0,0,0,0,0,0,0,0,0,0,0,0,0,0,0,0,0,0,0,0,0,0,0,0,0,0,0,0,0,0,0,0,0
2,0.008257,0,0,0,0,0,0,0,0,0,0,0,0,0,0,0,0,0,0,0,0,0,0,0,0.035991,5.2031,1.2627,0.48423,0.1463,0.0041951,0.00016647,0.00019977,0,0,0,0,0,0,0,0,0,0,3.3294E-05,0.00056601,0.00013318,0.00026636,0.00046612,0.00019977,0,0,0,0,0,0,0,0,0,0,0,0,0,0,0,0,0,0,0,0,0,0,0,0,0,0,0,0,0,0,0,0,0,0,0,0,0,0,0,0,0,0,0,0,0,0,0,0,0,0,0,0,0,0,0,0,0,0,0,0,0,0,0,0,0,0,0,0,0,0,0,0,12.421,0,0,0,0,0,0,0,0,0,0,0,0,0,0,0,0,0,0,0,0,0,0,0,0.53311,26.946,17.102,10.205,4.9636,2.4499,1.345,1.6401,0.11633,0,0,0,0,0,0,0,0,0,9.9883E-05,0.00053271,0.00019977,0.00026636,0.031929,0.11134,0,0,0,0,0,0,0,0,0,0,0,0,0,0,0,0,0,0,0,0,0,0,0,0,0,0,0,0,0,0,0,0,0,0,0,0,0,0,0,0,0,0,0,0,0,0,0,0,0,0,0,0,0,0,0,0,0,0,0,0,0,0,0,0,0,0,0,0,0,0,0,0,0.654,0,0,0,0,0,0,0,0,0,0,0,0,0,0,0,0,0,0,0,0,0,0,0,0.83859,7.3454,3.3418,1.0504,0.73954,0.46609,0.26502,0.18858,0.010155,0,0,0,0,0,0,0,0,0,0,0.00013318,9.9883E-05,0.00013318,9.9883E-05,0.0012319,0,0,0,0,0,0,0,0,0,0,0,0,0,0,0,0,0,0,0,0,0,0,0,0,0,0,0,0,0,0,0,0,0,0,0,0,0,0,0,0,0,0,0,0,0,0,0,0,0,0,0,0,0,0,0,0,0,0,0,0,0,0,0,0,0,0,0,0,0,0,0,0,0.0035292,0,0,0,0,0,0,0,0,0,0,0,0,0,0,0,0,0,0,0,0,0,0,0,0.0011653,0.023206,0.03183,0.012619,0.0042617,0.0057599,0.00043283,0,0,0,0,0,0,0,0,0,0,0,0,6.6589E-05,0.00036624,0.00056601,0.00016647,0.00046612,0,0,0,0,0,0,0,0,0,0,0,0,0,0,0,0,0,0,0,0,0,0,0,0,0,0,0,0,0,0,0,0,0,0,0,0,0,0,0,0,0,0,0,0,0,0,0,0,0,0,0,0,0,0,0,0,0,0,0,0,0,0,0,0,0,0,0,0,0,0,0,0
2,0,0,0,0,0,0,0,0,0,0,0,0,0,0,0,0,0,0,0,0,0,0,0,0,0.0010321,0.0042284,0,0,0,0,0,0,0,0,0,0,0,0,0,0,0,0,0,0,0,0,0,0,0,0,0,0,0,0,0,0,0,0,0,0,0,0,0,0,0,0,0,0,0,0,0,0,0,0,0,0,0,0,0,0,0,0,0,0,0,0,0,0,0,0,0,0,0,0,0,0,0,0,0,0,0,0,0,0,0,0,0,0,0,0,0,0,0,0,0,0,0,0,0,0,0.001132,0,0,0,0,0,0,0,0,0,0,0,0,0,0,0,0,0,0,0,0,0,0,0,39.583,29.633,0.00043283,0,0,0,0,0,0,0,0,0,0,0,0,0,0,0,0.0036291,0.29156,0.66586,2.4824,1.3696,1.3288,0,0,0,0,0,0,0,0,0,0,0,0,0,0,0,0,0,0,0,0,0,0,0,0,0,0,0,0,0,0,0,0,0,0,0,0,0,0,0,0,0,0,0,0,0,0,0,0,0,0,0,0,0,0,0,0,0,0,0,0,0,0,0,0,0,0,0,0,0,0,0,0,1.7887,0,0,0,0,0,0,0,0,0,0,0,0,0,0,0,0,0,0,0,0,0,0,0,2.1746,0.83403,0.0024971,0.00013318,0,0,0,0,0,0,0,0,0,0.0013651,0.003163,0.06296,0.21685,0.90141,1.1198,1.7871,2.4148,3.2643,1.4459,1.1904,0,0,0,0,0,0,0,0,0,0,0,0,0,0,0,0,0,0,0,0,0,0,0,0,0,0,0,0,0,0,0,0,0,0,0,0,0,0,0,0,0,0,0,0,0,0,0,0,0,0,0,0,0,0,0,0,0,0,0,0,0,0,0,0,0,0,0,0,0,0,0,0,2.5923,0,0,0,0,0,0,0,0,0,0,0,0,0,0,0,0,0,0,0,0,0,0,0,0.038821,0.023706,0.00069918,0.00049942,0,0,0,0,0,0,0,0,0,0.05963,0.39201,0.48154,0.97316,1.5336,0.67428,0.33324,0.12445,0.14793,0.032662,0.018445,0,0,0,0,0,0,0,0,0,0,0,0,0,0,0,0,0,0,0,0,0,0,0,0,0,0,0,0,0,0,0,0,0,0,0,0,0,0,0,0,0,0,0,0,0,0,0,0,0,0,0,0,0,0,0,0,0,0,0,0,0,0,0,0,0,0,0,0,0,0,0,0
2,0,0,0,0,0,0,0,0,0,0,0,0,0,0,0,0,0,0,0,0,0,0,0,0,0.21355,2.3626,0,0,0,0,0,0,0,0,0,0,0,0,0,0,0,0,0,0,0,0,0,3.3294E-05,0,0,0,0,0,0,0,0,0,0,0,0,0,0,0,0,0,0,0,0,0,0,0,0,0,0,0,0,0,0,0,0,0,0,0,0,0,0,0,0,0,0,0,0,0,0,0,0,0,0,0,0,0,0,0,0,0,0,0,0,0,0,0,0,0,0,0,0,0,0,0,0,0.015582,0,0,0,0,0,0,0,0,0,0,0,0,0,0,0,0,0,0,0,0,0,0,0,11.037,44.758,0.32565,0.00033294,0,0,0,0,0,0,0,0,0,0,0,0,0,0,0,0,0,0.25643,0.44049,1.6553,0,0,0,0,0,0,0,0,0,0,0,0,0,0,0,0,0,0,0,0,0,0,0,0,0,0,0,0,0,0,0,0,0,0,0,0,0,0,0,0,0,0,0,0,0,0,0,0,0,0,0,0,0,0,0,0,0,0,0,0,0,0,0,0,0,0,0,0,0,0,0,0,0.68696,0,0,0,0,0,0,0,0,0,0,0,0,0,0,0,0,0,0,0,0,0,0,0,12.692,13.634,0.30415,0,0,0,0,0,0,0,0,0,0,0,0,0,0,0,0,0,0.0030631,0.87351,1.4192,3.9545,0,0,0,0,0,0,0,0,0,0,0,0,0,0,0,0,0,0,0,0,0,0,0,0,0,0,0,0,0,0,0,0,0,0,0,0,0,0,0,0,0,0,0,0,0,0,0,0,0,0,0,0,0,0,0,0,0,0,0,0,0,0,0,0,0,0,0,0,0,0,0,0,0.84788,0,0,0,0,0,0,0,0,0,0,0,0,0,0,0,0,0,0,0,0,0,0,0,1.5647,0.47458,0.01112,6.6589E-05,0,0,0,0,0,0,0,0,0,0,0,0,0,0,0,6.6589E-05,0.0043283,0.61072,0.64065,1.2135,0,0,0,0,0,0,0,0,0,0,0,0,0,0,0,0,0,0,0,0,0,0,0,0,0,0,0,0,0,0,0,0,0,0,0,0,0,0,0,0,0,0,0,0,0,0,0,0,0,0,0,0,0,0,0,0,0,0,0,0,0,0,0,0,0,0,0,0,0,0,0,0
2,0,0,0,0,0,0,0,0,0,0,0,0,0,0,0,0,0,0,0,0,0,0,0,0,0.0026969,0,0,0,0,0,0,0,0,0,0,0,0,0,0,0,0,0,0,0,0,0,0,0,0,0,0,0,0,0,0,0,0,0,0,0,0,0,0,0,0,0,0,0,0,0,0,0,0,0,0,0,0,0,0,0,0,0,0,0,0,0,0,0,0,0,0,0,0,0,0,0,0,0,0,0,0,0,0,0,0,0,0,0,0,0,0,0,0,0,0,0,0,0,0,0,0,0,0,0,0,0,0,0,0,0,0,0,0,0,0,0,0,0,0,0,0,0,0,0,50.261,0.99344,0,0,0,0,0,0,0,0,0,0,0,0,0,0,0,0,0,0,0.017513,0.1997,0.14946,0.3747,0,0,0,0,0,0,0,0,0,0,0,0,0,0,0,0,0,0,0,0,0,0,0,0,0,0,0,0,0,0,0,0,0,0,0,0,0,0,0,0,0,0,0,0,0,0,0,0,0,0,0,0,0,0,0,0,0,0,0,0,0,0,0,0,0,0,0,0,0,0,0,0,0.0062927,0,0,0,0,0,0,0,0,0,0,0,0,0,0,0,0,0,0,0,0,0,0,0,39.637,3.1833,0.00026636,0,0,0,0,0,0,0,0,0,0,0,0,0,0,0,0,0.032562,0.55841,0.7741,0.60107,0.95865,0.3752,0,0,0,0,0,0,0,0,0,0,0,0,0,0,0,0,0,0,0,0,0,0,0,0,0,0,0,0,0,0,0,0,0,0,0,0,0,0,0,0,0,0,0,0,0,0,0,0,0,0,0,0,0,0,0,0,0,0,0,0,0,0,0,0,0,0,0,0,0,0,0,0.18495,0,0,0,0,0,0,0,0,0,0,0,0,0,0,0,0,0,0,0,0,0,0,0,0.24591,0.050841,0.00093225,0,0,0,0,0,0,0,0,0,0,0,0,0,0,0,0.0093225,0.16324,0.62181,0.22564,0.1715,0.2009,0,0,0,0,0,0,0,0,0,0,0,0,0,0,0,0,0,0,0,0,0,0,0,0,0,0,0,0,0,0,0,0,0,0,0,0,0,0,0,0,0,0,0,0,0,0,0,0,0,0,0,0,0,0,0,0,0,0,0,0,0,0,0,0,0,0,0,0,0,0,0,0
2,0,0,0,0,0,0,0,0,0,0,0,0,0,0,0,0,0,0,0,0,0,0,0,0,0,0,0,0,0,0,0,0,0,0,0,0,0,0,0,0,0,0,0,0,0,0,0,0,0,0,0,0,0,0,0,0,0,0,0,0,0,0,0,0,0,0,0,0,0,0,0,0,0,0,0,0,0,0,0,0,0,0,0,0,0,0,0,0,0,0,0,0,0,0,0,0,0,0,0,0,0,0,0,0,0,0,0,0,0,0,0,0,0,0,0,0,0,0,0,0,0,0,0,0,0,0,0,0,0,0,0,0,0,0,0,0,0,0,0,0,0,0,0,0,23.587,0.46273,0,0,0,0,0,0,0,0,0,0,0,0,0,0,0,0,0,0.00046612,0.11054,0.67028,1.1794,1.8667,0,0,0,0,0,0,0,0,0,0,0,0,0,0,0,0,0,0,0,0,0,0,0,0,0,0,0,0,0,0,0,0,0,0,0,0,0,0,0,0,0,0,0,0,0,0,0,0,0,0,0,0,0,0,0,0,0,0,0,0,0,0,0,0,0,0,0,0,0,0,0,0,0.097786,0,0,0,0,0,0,0,0,0,0,0,0,0,0,0,0,0,0,0,0,0,0,0,27.564,0.46649,0.0040619,0.0010321,0,0,0,0,0,0,0,0,0,0,0.0032629,0.023639,0.048643,0.23066,0.42271,1.1345,2.0939,2.9423,4.4583,30.364,0,0,0,0,0,0,0,0,0,0,0,0,0,0,0,0,0,0,0,0,0,0,0,0,0,0,0,0,0,0,0,0,0,0,0,0,0,0,0,0,0,0,0,0,0,0,0,0,0,0,0,0,0,0,0,0,0,0,0,0,0,0,0,0,0,0,0,0,0,0,0,0,0.87884,0,0,0,0,0,0,0,0,0,0,0,0,0,0,0,0,0,0,0,0,0,0,0,6.6589E-05,9.9883E-05,6.6589E-05,0,0,0,0,0,0,0,0,0,0.00076577,0.019078,0.16554,0.28131,0.23632,0.44778,0.10245,0.065557,0.025603,0.037123,0.0062594,0.00053271,0,0,0,0,0,0,0,0,0,0,0,0,0,0,0,0,0,0,0,0,0,0,0,0,0,0,0,0,0,0,0,0,0,0,0,0,0,0,0,0,0,0,0,0,0,0,0,0,0,0,0,0,0,0,0,0,0,0,0,0,0,0,0,0,0,0,0,0,0,0,0,0
2,0,0,0,0,0,0,0,0,0,0,0,0,0,0,0,0,0,0,0,0,0,0,0,0,0.025137,3.6771,0.016214,0,0,0,0,0,0,0,0,0,0,0,0,0,0,0,0,0,0,0.00039953,0,0,0,0,0,0,0,0,0,0,0,0,0,0,0,0,0,0,0,0,0,0,0,0,0,0,0,0,0,0,0,0,0,0,0,0,0,0,0,0,0,0,0,0,0,0,0,0,0,0,0,0,0,0,0,0,0,0,0,0,0,0,0,0,0,0,0,0,0,0,0,0,0,0,0.112,0,0,0,0,0,0,0,0,0,0,0,0,0,0,0,0,0,0,0,0,0,0,0,7.9585,24.636,1.5876,0.0037956,0,0,0,0,0,0,0,0,0,0,0,0.0035625,0.027401,0.11856,0.15072,0.20936,0.51606,0.89382,0.97147,1.6926,0,0.32226,0.85214,0.014749,0,0,0,0,0,0,0,0,0,0,0,0,0,0,0,0,0,0,0,0,0,0,0,0,0,0,0,0,0,0,0,0,0,0,0,0,0,0,0,0,0,0,0,0,0,0,0,0,0,0,0,0,0,0,0,0,0,0,0,0,0,0,0,0,0,0,0,0,3.0558,0,0,0,0,0,0,0,0,0,0,0,0,0,0,0,0,0,0,0,0,0,0,0,2.9678,9.3209,12.042,5.9058,0.059497,0.0088896,3.3294E-05,0,0,0,0.0021641,0.0041618,0.0092226,0.07691,0.096121,0.1423,0.397,0.63383,0.38578,0.35425,0.4025,2.0896,2.5038,1.655,0,0.93884,7.914,0.46276,0,0,0,0,0,0,0,0,0,0,0,0,0,0,0,0,0,0,0,0,0,0,0,0,0,0,0,0,0,0,0,0,0,0,0,0,0,0,0,0,0,0,0,0,0,0,0,0,0,0,0,0,0,0,0,0,0,0,0,0,0,0,0,0,0,0,0,0,1.3619,0,0,0,0,0,0,0,0,0,0,0,0,0,0,0,0,0,0,0,0,0,0,0,0.03123,0.21778,0.15842,0.1737,0.0058931,0.00079907,9.9883E-05,0,0,0,0.013917,0.031929,0.031963,0.49995,0.73421,0.26413,0.26775,0.3137,0.1431,0.044581,0.029499,0.2852,0.098851,0.073148,0,0,0,0,0,0,0,0,0,0,0,0,0,0,0,0,0,0,0,0,0,0,0,0,0,0,0,0,0,0,0,0,0,0,0,0,0,0,0,0,0,0,0,0,0,0,0,0,0,0,0,0,0,0,0,0,0,0,0,0,0,0,0,0,0,0,0,0,0,0,0,0
2,0,0,0,0,0,0,0,0,0,0,0,0,0,0,0,0,0,0,0,0,0,0,0,0,0.050674,4.2716,0,0,0,0,0,0,0,0,0,0,0,0,0,0,0,0,0,0,0,0,0,0,0,0,0,0,0,0,0,0,0,0,0,0,0,0,0,0,0,0,0,0,0,0,0,0,0,0,0,0,0,0,0,0,0,0,0,0,0,0,0,0,0,0,0,0,0,0,0,0,0,0,0,0,0,0,0,0,0,0,0,0,0,0,0,0,0,0,0,0,0,0,0,0,0.00023306,0,0,0,0,0,0,0,0,0,0,0,0,0,0,0,0,0,0,0,0,0,0,0,1.372,30.909,0.095355,0,0,0,0,0,0,0,0,0,0,0,0,0,0,0,6.6589E-05,0.0083569,0.097719,0.21608,0.15682,0.2244,0.0092559,1.5536,0.18538,0,0,0,0,0,0,0,0,0,0,0,0,0,0,0,0,0,0,0,0,0,0,0,0,0,0,0,0,0,0,0,0,0,0,0,0,0,0,0,0,0,0,0,0,0,0,0,0,0,0,0,0,0,0,0,0,0,0,0,0,0,0,0,0,0,0,0,0,0,0.14656,0,0,0,0,0,0,0,0,0,0,0,0,0,0,0,0,0,0,0,0,0,0,0,5.3533,18.68,1.2062,0.0037956,0,0,0,0,0,0,0,0.0012319,6.6589E-05,0.0043283,6.6589E-05,0.00076577,0.016614,0.061462,0.053404,0.090628,0.13205,0.10714,0.27974,0.54743,0.59724,25.516,4.1637,0,0,0,0,0,0,0,0,0,0,0,0,0,0,0,0,0,0,0,0,0,0,0,0,0,0,0,0,0,0,0,0,0,0,0,0,0,0,0,0,0,0,0,0,0,0,0,0,0,0,0,0,0,0,0,0,0,0,0,0,0,0,0,0,0,0,0,0,0,0.46496,0,0,0,0,0,0,0,0,0,0,0,0,0,0,0,0,0,0,0,0,0,0,0,0.87295,1.0208,0.061795,0.0015315,3.3294E-05,0,0,0,0,0.0020643,0.010721,0.028067,0.022807,0.344,0.33411,0.0098219,0.04548,0.043283,0.01738,0.057866,0.041119,0.030331,0.15219,0.2283,0.00083236,0.0087232,0.089496,0,0,0,0,0,0,0,0,0,0,0,0,0,0,0,0,0,0,0,0,0,0,0,0,0,0,0,0,0,0,0,0,0,0,0,0,0,0,0,0,0,0,0,0,0,0,0,0,0,0,0,0,0,0,0,0,0,0,0,0,0,0,0,0,0,0,0,0,0
2,0.90301,0,0,0,0,0,0,0,0,0,0,0,0,0,0,0,0,0,0,0,0,0,0,0,0.22391,1.9258,1.1802,0.42044,0.045247,0.026702,0.0076244,0.0023639,0.041318,0.5115,0.68706,0.13371,0,0,0,0,0,0,0,0,0,0,0,3.3294E-05,0,0,0,0,0,0,0,0,0,0,0,0,0,0,0,0,0,0,0,0,0,0,0,0,0,0,0,0,0,0,0,0,0,0,0,0,0,0,0,0,0,0,0,0,0,0,0,0,0,0,0,0,0,0,0,0,0,0,0,0,0,0,0,0,0,0,0,0,0,0,0,0,0.42014,0,0,0,0,0,0,0,0,0,0,0,0,0,0,0,0,0,0,0,0,0,0,0,35.893,2.6626,0.27222,0.075745,0.029765,0.035425,0.019178,0.018012,0.053804,0.81608,4.9273,3.6927,0.16511,0,0,0,0,0,0,0,0,0,0.0011653,0.80869,0,0,0,0,0,0,0,0,0,0,0,0,0,0,0,0,0,0,0,0,0,0,0,0,0,0,0,0,0,0,0,0,0,0,0,0,0,0,0,0,0,0,0,0,0,0,0,0,0,0,0,0,0,0,0,0,0,0,0,0,0,0,0,0,0,0,0,0,0,0,0,0,3.2883,0,0,0,0,0,0,0,0,0,0,0,0,0,0,0,0,0,0,0,0,0,0,0,27.186,8.6578,1.1379,0.57503,0.22071,0.15152,0.028866,0.054936,0.084069,0.257,0.91939,0.32848,0.10734,0.00013318,0,0,0,0,0,0,0,0,0.013451,0.72249,0,0,0,0,0,0,0,0,0,0,0,0,0,0,0,0,0,0,0,0,0,0,0,0,0,0,0,0,0,0,0,0,0,0,0,0,0,0,0,0,0,0,0,0,0,0,0,0,0,0,0,0,0,0,0,0,0,0,0,0,0,0,0,0,0,0,0,0,0,0,0,0,0.042584,0,0,0,0,0,0,0,0,0,0,0,0,0,0,0,0,0,0,0,0,0,0,0,0.042617,0.032296,0.0074247,0.003396,0.00079907,0.0031297,0.0011986,0.00023306,0.00016647,0.012352,0.046612,0.0010321,0,0,0,0,0,0,0,0,9.9883E-05,0.0019311,0.014816,0.056534,0,0,0,0,0,0,0,0,0,0,0,0,0,0,0,0,0,0,0,0,0,0,0,0,0,0,0,0,0,0,0,0,0,0,0,0,0,0,0,0,0,0,0,0,0,0,0,0,0,0,0,0,0,0,0,0,0,0,0,0,0,0,0,0,0,0,0,0,0,0,0,0
2,0,0,0,0,0,0,0,0,0,0,0,0,0,0,0,0,0,0,0,0,0,0,0,0,0.54773,2.8893,0.0005993,0,0,0,0,0,0,0,0,0,0,0,0,0,0,0,0,0,0.00026636,0.0005993,0.0011986,0.0080906,0,0,0,0,0,0,0,0,0,0,0,0,0,0,0,0,0,0,0,0,0,0,0,0,0,0,0,0,0,0,0,0,0,0,0,0,0,0,0,0,0,0,0,0,0,0,0,0,0,0,0,0,0,0,0,0,0,0,0,0,0,0,0,0,0,0,0,0,0,0,0,0,0.1731,0,0,0,0,0,0,0,0,0,0,0,0,0,0,0,0,0,0,0,0,0,0,0,1.6097,41.638,3.7448,0.0071916,0,0,0,0,0,0,0,0,0,0,0,0,0.0058265,0.03749,0.089329,0.28357,0.29729,0.30518,0.27475,0.36284,0.00039953,0.17147,0.01718,0,0,0,0,0,0,0,0,0,0,0,0,0,0,0,0,0,0,0,0,0,0,0,0,0,0,0,0,0,0,0,0,0,0,0,0,0,0,0,0,0,0,0,0,0,0,0,0,0,0,0,0,0,0,0,0,0,0,0,0,0,0,0,0,0,0,0,0,0,0.49256,0,0,0,0,0,0,0,0,0,0,0,0,0,0,0,0,0,0,0,0,0,0,0,0.61358,16.724,18.781,0.079507,0.0045946,0.00076577,0,0,0,0,0,0,0,0,0,0.00046612,0.07418,0.080173,0.12099,0.12169,0.16251,0.22793,0.2001,0.25667,0,6.2379,0.81415,0.027768,0,0,0,0,0,0,0,0,0,0,0,0,0,0,0,0,0,0,0,0,0,0,0,0,0,0,0,0,0,0,0,0,0,0,0,0,0,0,0,0,0,0,0,0,0,0,0,0,0,0,0,0,0,0,0,0,0,0,0,0,0,0,0,0,0,0,0,0,1.0693,0,0,0,0,0,0,0,0,0,0,0,0,0,0,0,0,0,0,0,0,0,0,0,0.1163,0.28587,0.14923,0.016281,0.0047944,0.00093225,0,0,0,0,0,0,0,0,0,0.016581,0.098019,0.10914,0.10601,0.13774,0.10088,0.078408,0.060563,0.080073,0,9.9883E-05,0.076977,0.0065257,0,0,0,0,0,0,0,0,0,0,0,0,0,0,0,0,0,0,0,0,0,0,0,0,0,0,0,0,0,0,0,0,0,0,0,0,0,0,0,0,0,0,0,0,0,0,0,0,0,0,0,0,0,0,0,0,0,0,0,0,0,0,0,0,0,0,0,0
2,2.5103,0,0,0,0,0,0,0,0,0,0,0,0,0,0,0,0,0,0,0,0,0,0,0,0.0010654,1.1636,7.6418,3.3561,0.40376,0.15056,0.0052272,0,0,0.013051,0.0060929,0.0010987,0,0,0,0,0,0,0,0,0,0,0,0,0,0,0,0,0,0,0,0,0,0,0,0,0,0,0,0,0,0,0,0,0,0,0,0,0,0,0,0,0,0,0,0,0,0,0,0,0,0,0,0,0,0,0,0,0,0,0,0,0,0,0,0,0,0,0,0,0,0,0,0,0,0,0,0,0,0,0,0,0,0,0,0,0.042351,0,0,0,0,0,0,0,0,0,0,0,0,0,0,0,0,0,0,0,0,0,0,0,1.7569,6.0412,10.97,13.626,8.1797,3.3914,1.4124,0.73394,0.3459,0.204,0.094689,0.014816,0.026669,0.0037623,0,0,0,0,0,0,0,0,0.063992,0.080007,0,0,0,0,0,0,0,0,0,0,0,0,0,0,0,0,0,0,0,0,0,0,0,0,0,0,0,0,0,0,0,0,0,0,0,0,0,0,0,0,0,0,0,0,0,0,0,0,0,0,0,0,0,0,0,0,0,0,0,0,0,0,0,0,0,0,0,0,0,0,0,0,0.21438,0,0,0,0,0,0,0,0,0,0,0,0,0,0,0,0,0,0,0,0,0,0,0,0.80899,4.4935,2.7376,2.9431,3.1583,2.7772,2.8772,2.4027,3.0096,4.8739,2.7784,2.7114,0.7726,0.03406,0.0033627,0,0,0,0,0,0,0,0.11543,0.054836,0,0,0,0,0,0,0,0,0,0,0,0,0,0,0,0,0,0,0,0,0,0,0,0,0,0,0,0,0,0,0,0,0,0,0,0,0,0,0,0,0,0,0,0,0,0,0,0,0,0,0,0,0,0,0,0,0,0,0,0,0,0,0,0,0,0,0,0,0,0,0,0,0,0,0,0,0,0,0,0,0,0,0,0,0,0,0,0,0,0,0,0,0,0,0,0,0,0.0014983,0.00053271,0.00029965,0.0013651,6.6589E-05,0.00066589,0.0043283,0.21505,0.17636,0.04851,0.16624,0.36644,0.010022,0,0,0,0,0,0,0,0,0.0010321,0.00029965,0,0,0,0,0,0,0,0,0,0,0,0,0,0,0,0,0,0,0,0,0,0,0,0,0,0,0,0,0,0,0,0,0,0,0,0,0,0,0,0,0,0,0,0,0,0,0,0,0,0,0,0,0,0,0,0,0,0,0,0,0,0,0,0,0,0,0,0,0,0,0,0
2,0,0,0,0,0,0,0,0,0,0,0,0,0,0,0,0,0,0,0,0,0,0,0,0,0.67631,1.8879,0,0,0,0,0,0,0,0,0,0,0,0,0,0,0,0,0,0,0,0,0,0,0,0,0,0,0,0,0,0,0,0,0,0,0,0,0,0,0,0,0,0,0,0,0,0,0,0,0,0,0,0,0,0,0,0,0,0,0,0,0,0,0,0,0,0,0,0,0,0,0,0,0,0,0,0,0,0,0,0,0,0,0,0,0,0,0,0,0,0,0,0,0,0,0.0033294,0,0,0,0,0,0,0,0,0,0,0,0,0,0,0,0,0,0,0,0,0,0,0,5.6785,58.052,0.0098219,0,0,0,0,0,0,0,0,0,0,0,0,0,0,0,0,0,0,0.001132,0.018079,0.0284,0,0.36088,0,0,0,0,0,0,0,0,0,0,0,0,0,0,0,0,0,0,0,0,0,0,0,0,0,0,0,0,0,0,0,0,0,0,0,0,0,0,0,0,0,0,0,0,0,0,0,0,0,0,0,0,0,0,0,0,0,0,0,0,0,0,0,0,0,0,0,0,0,0,0.11746,0,0,0,0,0,0,0,0,0,0,0,0,0,0,0,0,0,0,0,0,0,0,0,0.19734,14.221,1.7813,0,0,0,0,0,0,0,0,0,0,0,0,0,0,0,0,0,0,0.013118,0.018179,0.024571,0,16.02,0.75878,0,0,0,0,0,0,0,0,0,0,0,0,0,0,0,0,0,0,0,0,0,0,0,0,0,0,0,0,0,0,0,0,0,0,0,0,0,0,0,0,0,0,0,0,0,0,0,0,0,0,0,0,0,0,0,0,0,0,0,0,0,0,0,0,0,0,0,0,0,0.097686,0,0,0,0,0,0,0,0,0,0,0,0,0,0,0,0,0,0,0,0,0,0,0,0.0020976,0.030331,0,0,0,0,0,0,0,0,0,0,0,0,0,0,0,0,0,0,0,0,0,0.00093225,0,0,0,0,0,0,0,0,0,0,0,0,0,0,0,0,0,0,0,0,0,0,0,0,0,0,0,0,0,0,0,0,0,0,0,0,0,0,0,0,0,0,0,0,0,0,0,0,0,0,0,0,0,0,0,0,0,0,0,0,0,0,0,0,0,0,0,0,0,0,0,0
2,0,0,0,0,0,0,0,0,0,0,0,0,0,0,0,0,0,0,0,0,0,0,0,0,0,1.5756,0.043016,0,0,0,0,0,0,0,0,0,0,0,0,0,0,0,0,0,0,0,0,0,0,0,0,0,0,0,0,0,0,0,0,0,0,0,0,0,0,0,0,0,0,0,0,0,0,0,0,0,0,0,0,0,0,0,0,0,0,0,0,0,0,0,0,0,0,0,0,0,0,0,0,0,0,0,0,0,0,0,0,0,0,0,0,0,0,0,0,0,0,0,0,0,0.0012319,0,0,0,0,0,0,0,0,0,0,0,0,0,0,0,0,0,0,0,0,0,0,0,0.38888,16.736,6.9706,0.015981,0,0,0,0,0,0,0,0,0,0,0,0,0,0,0,0.0013651,0.023672,0.089829,0.064292,0.084568,0,0.81355,0.66206,0.045547,0,0,0,0,0,0,0,0,0,0,0,0,0,0,0,0,0,0,0,0,0,0,0,0,0,0,0,0,0,0,0,0,0,0,0,0,0,0,0,0,0,0,0,0,0,0,0,0,0,0,0,0,0,0,0,0,0,0,0,0,0,0,0,0,0,0,0,0,0.339,0,0,0,0,0,0,0,0,0,0,0,0,0,0,0,0,0,0,0,0,0,0,0,1.1784,19.727,14.781,0.41771,0.045214,0.02254,0.0035292,0.00053271,0,0.00056601,0.0011986,0.004861,0.00083236,0.0034959,0.0037623,0.019677,0.0076244,0.010221,0.015848,0.040986,0.062327,0.041851,0.055202,0.24188,0,11.867,19.391,1.0754,0,0,0,0,0,0,0,0,0,0,0,0,0,0,0,0,0,0,0,0,0,0,0,0,0,0,0,0,0,0,0,0,0,0,0,0,0,0,0,0,0,0,0,0,0,0,0,0,0,0,0,0,0,0,0,0,0,0,0,0,0,0,0,0,0,0,0,0,1.1406,0,0,0,0,0,0,0,0,0,0,0,0,0,0,0,0,0,0,0,0,0,0,0,0.086566,0.6268,0.61848,0.26146,0.012019,0.0052272,0.00066589,0,0,0,6.6589E-05,0.002597,0.0066256,0.013185,0.030231,0.15322,0.021375,0.022674,0.018279,0.0094889,0.0046279,0.0028633,0.0053604,0.060962,0,0,0.021874,0,0,0,0,0,0,0,0,0,0,0,0,0,0,0,0,0,0,0,0,0,0,0,0,0,0,0,0,0,0,0,0,0,0,0,0,0,0,0,0,0,0,0,0,0,0,0,0,0,0,0,0,0,0,0,0,0,0,0,0,0,0,0,0,0,0,0,0,0
