1,0,0,0,0,0,0,0,0,0,0,0,0,0,0,0,0,0,0,0,0,0,0,0,0,0,0,0,0,0,0,0,0,0,0,0,0,0,0,0,0,0,0,0,0,0,0,0,0,0,0,0,0,0,0,0,0,0,0,0,0,0,0,0,0,0,0,0,0,0,0,0,0,0,0,0,0,0,0,0,0,0,0,0,0,1.1646,0,0,0,0,0,0,0,0,0,0,0.11187,8.9191,0,0,0,0,0,0,0,0,0,0,0.0012319,0,0,0,0,0,0,0,0,0,0,0,0,0,0,0,0,0,0,0,0,0,0,0,0,0,0,0,0,0,0,0,0,0,0,0,0,0.32465,0,0,0,0,0,0,0,0,0,0,0,43.73,0.3112,0.006326,0,0,0,0,0,0.044615,0.27834,1.2608,3.4914,31.434,0,0,0,0,0,0,0,0,0,0,0.24721,0,0,0,0,0,0,0,0,0,0,0,0,0,0,0,0,0,0,0,0,0,0,0,0,0,0,0,0,0,0,0,0,0,0,0,0,2.0826,0,0,0,0,0,0,0,0,0,0,0,0.6037,0.18395,0.0054936,0,0,0,0.0012985,0.50102,1.597,0.20623,0.24085,1.5362,1.7097,0,0,0,0,0,0,0,0,0,0,0.0020643,0,0,0,0,0,0,0,0,0,0,0,0,0,0,0,0,0,0,0,0,0,0,0,0,0,0,0,0,0,0,0,0,0,0,0,0,0,0,0,0,0,0,0,0,0,0,0,0,0.0049609,0,0,0,0,0,0,0,0,0,0,0,0,0,0,0,0,0,0,0,0,0,0,0,0,0,0,0,0,0,0,0,0,0,0,0,0,0,0,0,0,0,0,0,0,0,0,0,0,0,0,0,0,0,0,0,0,0,0,0
1,0,0,0,0,0,0,0,0,0,0,0,0,0.55568,0,0,0,0,0,0,0,0,0.00053271,0.0012985,0.00073248,0,0,0,0,0,0,0,0,0,0,0,0,0,0,0,0,0,0,0,0,0,0,0,0,0,0,0,0,0,0,0,0,0,0,0,0,0,0,0,0,0,0,0,0,0,0,0,0,0.014217,0,0,0,0,0,0,0,0,0,0,0,42.279,0.005993,0,0,0,0,0,0,6.6589E-05,0.025437,0.62144,1.1056,17.085,0.050308,0,0,0,0,0,0,0,0.00039953,0.010488,0.17416,0,0,0,0,0,0,0,0,0,0,0,0,0,0,0,0,0,0,0,0,0,0,0,0,0,0,0,0,0,0,0,0,0,0,0,0,0.12036,0,0,0,0,0,0,0,0,0,0,0,8.1667,0.057167,0,0,0,0,0,0,0.00029965,0.095921,0.50794,1.7584,20.966,0.33684,0,0,0,0,0,0,0,0.00016647,0.014883,0.86393,0,0,0,0,0,0,0,0,0,0,0,0,0,0,0,0,0,0,0,0,0,0,0,0,0,0,0,0,0,0,0,0,0,0,0,0,0.11024,0,0,0,0,0,0,0,0,0,0,0,0.5725,0.12798,0,0,0,0,0,0,0.0006326,0.069053,0.29276,0.35858,0.22574,0.01718,0,0,0,0,0,0,0,0,0.00049942,0.015249,0,0,0,0,0,0,0,0,0,0,0,0,0,0,0,0,0,0,0,0,0,0,0,0,0,0,0,0,0,0,0,0,0,0,0,0,1.4568,0,0,0,0,0,0,0,0,0,0,0,0.1687,0.0048277,0,0,0,0,0,0,0.0028633,0.085567,1.1683,0.48364,0.016514,0,0,0,0,0,0,0,0,3.3294E-05,0.00029965,0.0031297,0,0,0,0,0,0,0,0,0,0,0,0,0,0,0,0,0,0,0,0,0,0,0,0,0,0,0,0,0,0,0,0,0,0,0,0
1,0,0,0,0,0,0,0,0,0,0,0,0,0.19028,0,0,0,0,0,0,0,0,0,3.3294E-05,0.0010987,0,0,0,0,0,0,0,0,0,0,0,0,0,0,0,0,0,0,0,0,0,0,0,0,0,0,0,0,0,0,0,0,0,0,0,0,0,0,0,0,0,0,0,0,0,0,0,0,0,0,0,0,0,0,0,0,0,0,0,0,12.875,0,0,0,0,0,0,0,0,0,0.0010321,0.22833,14.517,0,0,0,0,0,0,0,0,0,0,0.047478,0,0,0,0,0,0,0,0,0,0,0,0,0,0,0,0,0,0,0,0,0,0,0,0,0,0,0,0,0,0,0,0,0,0,0,0,0,0,0,0,0,0,0,0,0,0,0,0,17.322,0.00026636,0,0,0,0,0,0,0,0,0.0019644,2.0485,40.113,0,0,0,0,0,0,0,0,0,0,0.44918,0,0,0,0,0,0,0,0,0,0,0,0,0,0,0,0,0,0,0,0,0,0,0,0,0,0,0,0,0,0,0,0,0,0,0,0,0,0,0,0,0,0,0,0,0,0,0,0,1.9556,0.0033627,0,0,0,0,0,0,0,0,0.0034959,2.1656,4.3777,0,0,0,0,0,0,0,0,0,0,0.0861,0,0,0,0,0,0,0,0,0,0,0,0,0,0,0,0,0,0,0,0,0,0,0,0,0,0,0,0,0,0,0,0,0,0,0,0,0.03739,0,0,0,0,0,0,0,0,0,0,0,2.0598,0.089829,0.0052272,0,0,0,0,0,0,0,0.014983,0.61239,0.76484,0,0,0,0,0,0,0,0,0,6.6589E-05,0.029033,0,0,0,0,0,0,0,0,0,0,0,0,0,0,0,0,0,0,0,0,0,0,0,0,0,0,0,0,0,0,0,0,0,0,0,0
1,3.3294E-05,0,0,0,0,0,0,0,0,0,0,0,0.00033294,0,0,0,0,0,0,0,0,0,0.00036624,0.00053271,0,0,0,0,0,0,0,0,0,0,0,0,0,0,0,0,0,0,0,0,0,0,0,0,0,0,0,0,0,0,0,0,0,0,0,0,0,0,0,0,0,0,0,0,0,0,0,0,0.0011653,0,0,0,0,0,0,0,0,0,0,0,0.55229,0.00039953,0,0,0,0,0,0,3.3294E-05,0.015515,0.12212,0.45936,1.8125,0,0,0,0,0,0,0,0,3.3294E-05,0.00859,0.33587,0,0,0,0,0,0,0,0,0,0,0,0,0,0,0,0,0,0,0,0,0,0,0,0,0,0,0,0,0,0,0,0,0,0,0,0,0.0083902,0,0,0,0,0,0,0,0,0,0,0,3.4487,0.010321,0,0,0,0,0,0,0.00026636,0.057733,0.31756,3.9952,69.043,0,0,0,0,0,0,0,0,0,0.03466,12.565,0,0,0,0,0,0,0,0,0,0,0,0,0,0,0,0,0,0,0,0,0,0,0,0,0,0,0,0,0,0,0,0,0,0,0,0,0.012019,0,0,0,0,0,0,0,0,0,0,0,0.75575,0.043316,0,0,0,0,0,0,0.00013318,0.021841,0.1398,0.72575,2.2254,0,0,0,0,0,0,0,0,0,0.0068254,0.20809,0,0,0,0,0,0,0,0,0,0,0,0,0,0,0,0,0,0,0,0,0,0,0,0,0,0,0,0,0,0,0,0,0,0,0,0,0.63133,0,0,0,0,0,0,0,0,0,0,0,0.24645,0.12412,0.016647,0,0,0,0,0,9.9883E-05,0.023306,1.1541,0.77633,0.035725,0,0,0,0,0,0,0,0,0,0.0058598,0.0571,0,0,0,0,0,0,0,0,0,0,0,0,0,0,0,0,0,0,0,0,0,0,0,0,0,0,0,0,0,0,0,0,0,0,0,0
1,0,0,0,0,0,0,0,0,0,0,0,0,12.61,0.0017313,0,0,0,0,0,0,0,3.3294E-05,3.3294E-05,0,0,0,0,0,0,0,0,0,0,0,0,0,0,0,0,0,0,0,0,0,0,0,0,0,0,0,0,0,0,0,0,0,0,0,0,0,0,0,0,0,0,0,0,0,0,0,0,0,0.060429,0,0,0,0,0,0,0,0,0,0,0,20.057,0.0023306,0,0,0,0,0,0.004528,0.098352,0.021741,0.040819,0.33727,15.045,0,0,0,0,0,0,0,0,0,0,0,0,0,0,0,0,0,0,0,0,0,0,0,0,0,0,0,0,0,0,0,0,0,0,0,0,0,0,0,0,0,0,0,0,0,0,0,0.12169,0,0,0,0,0,0,0,0,0,0,0,3.7421,0.015981,9.9883E-05,0,0,0,0,0.010721,0.16754,0.032129,0.03719,0.42227,36.511,0.24441,0,0,0,0,0,0,0,0,0,0,2.1375,0,0,0,0,0,0,0,0,0,0,0,0,0,0,0,0,0,0,0,0,0,0,0,0,0,0,0,0,0,0,0,0,0,0,0,0.14014,0,0,0,0,0,0,0,0,0,0,0,0.8286,0.002031,0,0,0,0,0,0.020876,0.17886,0.047212,0.041485,0.24478,4.2724,0.13514,0,0,0,0,0,0,0,0,0,0.00016647,0.19321,0,0,0,0,0,0,0,0,0,0,0,0,0,0,0,0,0,0,0,0,0,0,0,0,0,0,0,0,0,0,0,0,0,0,0,0.45973,0,0,0,0,0,0,0,0,0,0,0,0.87688,0.13687,0.0015648,0,0,0,0,0.042284,0.20633,0.02587,0.044948,0.20033,0.17047,0.0088896,0,0,0,0,0,0,0,0,0,0.00029965,0,0,0,0,0,0,0,0,0,0,0,0,0,0,0,0,0,0,0,0,0,0,0,0,0,0,0,0,0,0,0,0,0,0,0,0
1,0,0,0,0,0,0,0,0,0,0,0,0,13.094,0.00049942,0,0,0,0,0,0,0,0,0.0030298,0.026536,0,0,0,0,0,0,0,0,0,0,0,0,0,0,0,0,0,0,0,0,0,0,0,0,0,0,0,0,0,0,0,0,0,0,0,0,0,0,0,0,0,0,0,0,0,0,0,0,0,0,0,0,0,0,0,0,0,0,0,0,15.435,0.0069253,0.00039953,0,0,0,0,0,0,6.6589E-05,0.011254,1.2003,15.704,0.20253,0,0,0,0,0,0,0,0,0,0.23939,0,0,0,0,0,0,0,0,0,0,0,0,0,0,0,0,0,0,0,0,0,0,0,0,0,0,0,0,0,0,0,0,0,0,0,0,3.3294E-05,0,0,0,0,0,0,0,0,0,0,0,0.25174,0.49512,0.89059,0,0,0,0,0,0,0.00013318,0.017313,0.43236,23.198,5.4343,0.0043616,0,0,0,0,0,0,0,0,0.080439,9.4553,0.089329,0,0,0,0,0,0,0,0,0,0,0,0,0,0,0,0,0,0,0,0,0,0,0,0,0,0,0,0,0,0,0,0,0,0,0.00056601,0,0,0,0,0,0,0,0,0,0,0,0.10361,0.022174,0.97739,0,0,0,0,0,0,0.00013318,0.015848,0.27588,4.1255,0.94933,9.9883E-05,0,0,0,0,0,0,0,0,0.079274,4.9343,1.2903,0,0,0,0,0,0,0,0,0,0,0,0,0,0,0,0,0,0,0,0,0,0,0,0,0,0,0,0,0,0,0,0,0,0,0.045247,0,0,0,0,0,0,0,0,0,0,0,0.13298,0.022674,0.00019977,0,0,0,0,0,0,0.00036624,0.23536,0.41075,0.082404,0.016015,0,0,0,0,0,0,0,0,0,0.0061262,0.00033294,6.6589E-05,0,0,0,0,0,0,0,0,0,0,0,0,0,0,0,0,0,0,0,0,0,0,0,0,0,0,0,0,0,0,0,0,0,0
1,0,0,0,0,0,0,0,0,0,0,0,0,0.16587,0,0,0,0,0,0,0,0,0,0,0,0,0,0,0,0,0,0,0,0,0,0,0,0,0,0,0,0,0,0,0,0,0,0,0,0,0,0,0,0,0,0,0,0,0,0,0,0,0,0,0,0,0,0,0,0,0,0,0,0,0,0,0,0,0,0,0,0,0,0,0,8.4343,0,0,0,0,0,0,0.0010321,0.0023306,0.080772,0.26955,6.9914,15.712,0,0,0,0,0,0,0,0,0,0,0.61681,0,0,0,0,0,0,0,0,0,0,0,0,0,0,0,0,0,0,0,0,0,0,0,0,0,0,0,0,0,0,0,0,0,0,0,0,0.041052,0,0,0,0,0,0,0,0,0,0,0,11.116,0.00093225,0,0,0,0.00056601,0.0041285,0.040186,0.050741,0.22963,0.2026,8.9884,43.318,0,0,0,0,0,0,0,0,0,0,1.0477,0.00036624,0,0,0,0,0,0,0,0,0,0,0,0,0,0,0,0,0,0,0,0,0,0,0,0,0,0,0,0,0,0,0,0,0,0,0,0.14613,0,0,0,0,0,0,0,0,0,0,0,0.89502,0.01445,0,0,0,0.0080573,0.054703,0.15911,0.12619,0.051573,0.052272,0.3156,0.32595,0,0,0,0,0,0,0,0,0,0,0.0061928,0.00013318,0,0,0,0,0,0,0,0,0,0,0,0,0,0,0,0,0,0,0,0,0,0,0,0,0,0,0,0,0,0,0,0,0,0,0,0.010288,0,0,0,0,0,0,0,0,0,0,0,0.0021308,0,0,0,0,6.6589E-05,0.22141,0.20037,0.047045,0.015016,0.01182,0.022607,9.9883E-05,0,0,0,0,0,0,0,0,0,0,0.00033294,0,0,0,0,0,0,0,0,0,0,0,0,0,0,0,0,0,0,0,0,0,0,0,0,0,0,0,0,0,0,0,0,0,0,0,0
1,0,0,0,0,0,0,0,0,0,0,0,0,5.6202,0,0,0,0,0,0,0,0,0,0,0.00033294,0,0,0,0,0,0,0,0,0,0,0,0,0,0,0,0,0,0,0,0,0,0,0,0,0,0,0,0,0,0,0,0,0,0,0,0,0,0,0,0,0,0,0,0,0,0,0,0,0,0,0,0,0,0,0,0,0,0,0,0,3.0583,0,0,0,0,0,0,0,0.010288,0.050641,0.56787,0.96887,20.919,0,0,0,0,0,0,0,0,0,0.015349,1.1835,0,0,0,0,0,0,0,0,0,0,0,0,0,0,0,0,0,0,0,0,0,0,0,0,0,0,0,0,0,0,0,0,0,0,0,0,0.22797,0,0,0,0,0,0,0,0,0,0,0,5.5605,1.9668,0.7691,0.24322,0.0051273,0,0,0.0026636,0.37922,0.76098,1.8401,2.4947,24.71,0,0,0,0,0,0,0,0,0.006892,0.07175,2.5069,5.5059,0,0,0,0,0,0,0,0,0,0,0.0017979,0,0,0,0,0,0,0,0,0,0,0,0,0,0,0,0,0,0,0,0,0,0,0,0,0.14333,0,0,0,0,0,0,0,0,0,0,0,0.023106,0.15149,0.28124,1.3692,0.59204,0.061095,0.073448,1.4118,2.0863,0.97816,0.61135,0.41105,0.044115,0,0,0,0,0,0,0,0,0.0036291,0.004528,0.16997,0.72862,0,0,0,0,0,0,0,0,0,0,0.015116,0,0,0,0,0,0,0,0,0,0,0,0,0,0,0,0,0,0,0,0,0,0,0,0,0.097753,0,0,0,0,0,0,0,0,0,0,0,0,0,0,0.37416,2.2962,0.17823,0.44987,5.8954,1.9299,0.12902,0.036091,0.0059597,0,0,0,0,0,0,0,0,0,0,0,0,0,0,0,0,0,0,0,0,0,0,0,0,0,0,0,0,0,0,0,0,0,0,0,0,0,0,0,0,0,0,0,0,0,0,0,0
1,0,0,0,0,0,0,0,0,0,0,0,0,0,0,0,0,0,0,0,0,0,0,0,0,0,0,0,0,0,0,0,0,0,0,0,0,0,0,0,0,0,0,0,0,0,0,0,0,0,0,0,0,0,0,0,0,0,0,0,0,0,0,0,0,0,0,0,0,0,0,0,0,0,0,0,0,0,0,0,0,0,0,0,0,0.75282,0.046413,0.00066589,0,0,0,0,0,0,0,0,0.035492,1.6521,0,0,0,0,0,0,0,0,0,0,0.00076577,0,0,0,0,0,0,0,0,0,0,0,0,0,0,0,0,0,0,0,0,0,0,0,0,0,0,0,0,0,0,0,0,0,0,0,0,0.00033294,0,0,0,0,0,0,0,0,0,0,0,9.4334,0.44355,0.30488,0,0,0,0,0,0,0,0.0018978,1.449,79.021,0,0,0,0,0,0,0,0,0,0,0.47301,0,0,0,0,0,0,0,0,0,0,0,0,0,0,0,0,0,0,0,0,0,0,0,0,0,0,0,0,0,0,0,0,0,0,0,0,0.018911,0,0,0,0,0,0,0,0,0,0,0,1.3642,0.1738,1.6594,0.89436,0.009389,0,0,0,0,0,0.0033294,0.3449,0.92126,0,0,0,0,0,0,0,0,0,0,0.13954,0,0,0,0,0,0,0,0,0,0,0,0,0,0,0,0,0,0,0,0,0,0,0,0,0,0,0,0,0,0,0,0,0,0,0,0,0.0016647,0,0,0,0,0,0,0,0,0,0,0,0.05427,6.6589E-05,0.27628,0.40083,0,0,0,0,0,0,0.0031297,0.1162,0.0012652,0,0,0,0,0,0,0,0,0,0,0.002264,0,0,0,0,0,0,0,0,0,0,0,0,0,0,0,0,0,0,0,0,0,0,0,0,0,0,0,0,0,0,0,0,0,0,0,0
1,0,0,0,0,0,0,0,0,0,0,0,0,7.0815,0,0,0,0,0,0,0,0,0,0,0.0036624,0,0,0,0,0,0,0,0,0,0,0,0,0,0,0,0,0,0,0,0,0,0,0,0,0,0,0,0,0,0,0,0,0,0,0,0,0,0,0,0,0,0,0,0,0,0,0,0,0,0,0,0,0,0,0,0,0,0,0,0,12.398,0,0,0,0,0,0,0,0,0,0,0.060097,26.434,0,0,0,0,0,0,0,0,0,0,0.0078575,0,0,0,0,0,0,0,0,0,0,0,0,0,0,0,0,0,0,0,0,0,0,0,0,0,0,0,0,0,0,0,0,0,0,0,0,0,0,0,0,0,0,0,0,0,0,0,0,0.38705,0.12512,0,0,0,0,0,0,0,0,0,0.026236,44.714,0,0,0,0,0,0,0,0,0,0,0.24911,1.2731,0,0,0,0,0,0,0,0,0,0,0,0,0,0,0,0,0,0,0,0,0,0,0,0,0,0,0,0,0,0,0,0,0,0,0,0,0,0,0,0,0,0,0,0,0,0,0,0.29605,0.20716,0,0,0,0,0,0,0,0,0,0.094357,3.9552,0,0,0,0,0,0,0,0,0,0,0.4535,0.99048,0,0,0,0,0,0,0,0,0,0,0,0,0,0,0,0,0,0,0,0,0,0,0,0,0,0,0,0,0,0,0,0,0,0,0,0,0,0,0,0,0,0,0,0,0,0,0,0.6594,0.00049942,0,0,0,0,0,0,0,0,0.00019977,0.14357,0.40613,0,0,0,0,0,0,0,0,0,0,0.033794,0,0,0,0,0,0,0,0,0,0,0,0,0,0,0,0,0,0,0,0,0,0,0,0,0,0,0,0,0,0,0,0,0,0,0,0
1,0,0,0,0,0,0,0,0,0,0,0,0,1.5561,0.45913,0,0,0,0,0,0,0,0,0.0014317,0.012652,0,0,0,0,0,0,0,0,0,0,0,0,0,0,0,0,0,0,0,0,0,0,0,0,0,0,0,0,0,0,0,0,0,0,0,0,0,0,0,0,0,0,0,0,0,0,0,0,0,0,0,0,0,0,0,0,0,0,0,0,42.064,0.61538,0,0,0,0,0,0,0,6.6589E-05,0.058066,2.33,36.842,0,0,0,0,0,0,0,0,0,0,0.010454,0,0,0,0,0,0,0,0,0,0,0,0,0,0,0,0,0,0,0,0,0,0,0,0,0,0,0,0,0,0,0,0,0,0,0,0,0,0,0,0,0,0,0,0,0,0,0,0,2.7126,0.71816,0,0,0,0,0,0,0,0,0.020343,0.43586,8.317,0,0,0,0,0,0,0,0,0,0,0.002597,0,0,0,0,0,0,0,0,0,0,0,0,0,0,0,0,0,0,0,0,0,0,0,0,0,0,0,0,0,0,0,0,0,0,0,0,0,0,0,0,0,0,0,0,0,0,0,0,0.90971,0.072282,0,0,0,0,0,0,0,0,0.02244,0.34327,0.14273,0,0,0,0,0,0,0,0,0,0,0.00033294,0,0,0,0,0,0,0,0,0,0,0,0,0,0,0,0,0,0,0,0,0,0,0,0,0,0,0,0,0,0,0,0,0,0,0,0,0.13314,0,0,0,0,0,0,0,0,0,0,0,0.88926,0.081039,0.00019977,0,0,0,0,0,0,0.00033294,0.47568,0.73947,0.033827,0,0,0,0,0,0,0,0,0,0,0,0,0,0,0,0,0,0,0,0,0,0,0,0,0,0,0,0,0,0,0,0,0,0,0,0,0,0,0,0,0,0,0,0,0,0,0
1,0,0,0,0,0,0,0,0,0,0,0,0,5.9227,0.00089895,0,0,0,0,0,0,0,0.012918,0.24119,0.027368,0,0,0,0,0,0,0,0,0,0,0,0,0,0,0,0,0,0,0,0,0,0,0,0,0,0,0,0,0,0,0,0,0,0,0,0,0,0,0,0,0,0,0,0,0,0,0,0,0.00283,0,0,0,0,0,0,0,0,0,0,0,18.517,0.0018312,0,0,0,0,0,0,0,0.28637,7.117,12.073,6.3817,0.033694,0,0,0,0,0,0,0,0.0019311,0.0019311,0.44618,0,0,0,0,0,0,0,0,0,0,0,0,0,0,0,0,0,0,0,0,0,0,0,0,0,0,0,0,0,0,0,0,0,0,0,0,0.0019311,0,0,0,0,0,0,0,0,0,0,0,4.5641,0.0016314,0,0,0,0,0,0,0.0012652,0.26735,2.6195,4.7252,9.0001,0.080806,0,0,0,0,0,0,0,0.00093225,0.01132,2.3253,1.3903,0.0020976,0,0,0,0,0,0,0,0,0,0,0,0,0,0,0,0,0,0,0,0,0,0,0,0,0,0,0,0,0,0,0,0,0,0,0.0060596,0,0,0,0,0,0,0,0,0,0,0,0.97976,0.023806,0,0,0,0,0,0,0.0025304,0.30371,2.5808,2.1209,1.0444,0.44914,0,0,0,0,0,0,0,0.00076577,0.00053271,0.08247,0.62284,0.018878,0,0,0,0,0,0,0,0,0,0,0,0,0,0,0,0,0,0,0,0,0,0,0,0,0,0,0,0,0,0,0,0,0,0,1.059,0,0,0,0,0,0,0,0,0,0,0,1.3388,0.11283,0.00093225,0,0,0,0,0,0.0032629,0.4265,9.4233,3.2078,0.10378,0.00016647,0,0,0,0,0,0,0,0.00029965,0,0.026602,0,0,0,0,0,0,0,0,0,0,0,0,0,0,0,0,0,0,0,0,0,0,0,0,0,0,0,0,0,0,0,0,0,0,0,0
1,0,0,0,0,0,0,0,0,0,0,0,0,0.58798,0.002264,0,0,0,0,0,0,0,0,0.00073248,0.0015648,0,0,0,0,0,0,0,0,0,0,0,0,0,0,0,0,0,0,0,0,0,0,0,0,0,0,0,0,0,0,0,0,0,0,0,0,0,0,0,0,0,0,0,0,0,0,0,0,0,0,0,0,0,0,0,0,0,0,0,0,50.728,0.0055935,0,0,0,0,0,0,0,0,0.003962,0.028833,5.3676,0,0,0,0,0,0,0,0,0,0,0,0,0,0,0,0,0,0,0,0,0,0,0,0,0,0,0,0,0,0,0,0,0,0,0,0,0,0,0,0,0,0,0,0,0,0,0,0,0,0,0,0,0,0,0,0,0,0,0,35.621,2.2791,0,0,0,0,0,0,0,0,0.0025637,0.0068587,4.8406,0,0,0,0,0,0,0,0,0,0,0,0,0,0,0,0,0,0,0,0,0,0,0,0,0,0,0,0,0,0,0,0,0,0,0,0,0,0,0,0,0,0,0,0,0,0,0,0,0,0,0,0,0,0,0,0,0,0,0,0.14606,0.0011653,0,0,0,0,0,0,0,0,0.0024638,0.004295,0.00099883,0,0,0,0,0,0,0,0,0,0,0,0,0,0,0,0,0,0,0,0,0,0,0,0,0,0,0,0,0,0,0,0,0,0,0,0,0,0,0,0,0,0,0,0,0,0,0,0.00099883,0,0,0,0,0,0,0,0,0,0,0,0.25314,0.095222,0.0018645,0,0,0,0,0,0,0,0.0079907,0.0084568,3.3294E-05,0,0,0,0,0,0,0,0,0,0,0,0,0,0,0,0,0,0,0,0,0,0,0,0,0,0,0,0,0,0,0,0,0,0,0,0,0,0,0,0,0,0,0,0,0,0,0
1,0,0,0,0,0,0,0,0,0,0,0,0,0,0,0,0,0,0,0,0,0,0,0,0,0,0,0,0,0,0,0,0,0,0,0,0,0,0,0,0,0,0,0,0,0,0,0,0,0,0,0,0,0,0,0,0,0,0,0,0,0,0,0,0,0,0,0,0,0,0,0,0,0.00039953,0,0,0,0,0,0,0,0,0,0,0,17.732,0,0,0,0,0,0,0,0,0,0.0062261,0.053371,24.575,0.0288,0,0,0,0,0,0,0,0,0,0.0018645,0,0,0,0,0,0,0,0,0,0,0,0,0,0,0,0,0,0,0,0,0,0,0,0,0,0,0,0,0,0,0,0,0,0,0,0,0.027035,0,0,0,0,0,0,0,0,0,0,0,6.7695,0.07115,0,0,0,0,0,0,0,0.04881,0.36804,1.2001,43.982,0.28214,0,0,0,0,0,0,0,0,0.00056601,0.29076,0,0,0,0,0,0,0,0,0,0,0,0,0,0,0,0,0,0,0,0,0,0,0,0,0,0,0,0,0,0,0,0,0,0,0,0,0.033827,0,0,0,0,0,0,0,0,0,0,0,1.4056,0.06246,0.00056601,0,0,0,0,0,0,0.010721,0.17376,0.49059,0.24528,0,0,0,0,0,0,0,0,0,0,0.0045613,0,0,0,0,0,0,0,0,0,0,0,0,0,0,0,0,0,0,0,0,0,0,0,0,0,0,0,0,0,0,0,0,0,0,0,0,0.73378,0,0,0,0,0,0,0,0,0,0,0,0.26962,0.018046,0.0011986,0,0,0,0,0,0.010754,0.043749,0.49489,0.55405,0.0073248,0,0,0,0,0,0,0,0,0,0,0.00089895,0,0,0,0,0,0,0,0,0,0,0,0,0,0,0,0,0,0,0,0,0,0,0,0,0,0,0,0,0,0,0,0,0,0,0,0
1,0,0,0,0,0,0,0,0,0,0,0,0,6.6589E-05,0,0,0,0,0,0,0,0,9.9883E-05,0.0026636,0.003729,0,0,0,0,0,0,0,0,0,0,0,0,0,0,0,0,0,0,0,0,0,0,0,0,0,0,0,0,0,0,0,0,0,0,0,0,0,0,0,0,0,0,0,0,0,0,0,0,0.012419,0,0,0,0,0,0,0,0,0,0,0,2.4524,0.00013318,0,0,0,0,0,0.00039953,0.010454,0.19431,0.60579,6.4561,2.7682,0,0,0,0,0,0,0,0,0.0012985,0.00053271,1.4449,0,0,0,0,0,0,0,0,0,0,0,0,0,0,0,0,0,0,0,0,0,0,0,0,0,0,0,0,0,0,0,0,0,0,0,0,0.031963,0,0,0,0,0,0,0,0,0,0,0,7.8998,0.00049942,0,0,0,0,0,0.0006326,0.027102,0.29569,3.9575,38.063,13.774,0,0,0,0,0,0,0,0,0.0030631,0.00043283,6.5861,0,0,0,0,0,0,0,0,0,0,0,0,0,0,0,0,0,0,0,0,0,0,0,0,0,0,0,0,0,0,0,0,0,0,0,0,0.056134,0,0,0,0,0,0,0,0,0,0,0,1.0927,0.0025304,0,0,0,0,0,0.00089895,0.0285,0.22977,2.6935,6.7203,0.99088,0,0,0,0,0,0,0,0,0.00066589,0.00029965,0.56557,0,0,0,0,0,0,0,0,0,0,0,0,0,0,0,0,0,0,0,0,0,0,0,0,0,0,0,0,0,0,0,0,0,0,0,0,0.86626,0,0,0,0,0,0,0,0,0,0,0,0.16065,0.041152,0.00076577,0,0,0,0,0.0014317,0.058965,0.39268,0.81388,0.68024,0.002264,0,0,0,0,0,0,0,0,0.00023306,0.00036624,0.0064591,0,0,0,0,0,0,0,0,0,0,0,0,0,0,0,0,0,0,0,0,0,0,0,0,0,0,0,0,0,0,0,0,0,0,0,0
1,0,0,0,0,0,0,0,0,0,0,0,0,0,0,0,0,0,0,0,0,0,0,0,0,0,0,0,0,0,0,0,0,0,0,0,0,0,0,0,0,0,0,0,0,0,0,0,0,0,0,0,0,0,0,0,0,0,0,0,0,0,0,0,0,0,0,0,0,0,0,0,0,0,0,0,0,0,0,0,0,0,0,0,0,1.0736,0,0,0,0,0,0,0,0,0,0.00026636,0.0018645,4.0147,0,0,0,0,0,0,0,0,0,0,0.0035625,0,0,0,0,0,0,0,0,0,0,0,0,0,0,0,0,0,0,0,0,0,0,0,0,0,0,0,0,0,0,0,0,0,0,0,0,0.0094889,0,0,0,0,0,0,0,0,0,0,0,1.8073,0.55062,0,0,0,0,0,0,0.00036624,0.0058931,0.070484,0.29675,81.307,0,0,0,0,0,0,0,0,0,0.0032296,0.48004,0,0,0,0,0,0,0,0,0,0,0,0,0,0,0,0,0,0,0,0,0,0,0,0,0,0,0,0,0,0,0,0,0,0,0,0,0.07418,0,0,0,0,0,0,0,0,0,0,0,2.2735,0.4265,0.0011986,0,0,0,0,0.0015315,0.0051939,0.021009,0.10438,0.29289,5.9586,0,0,0,0,0,0,0,0,0,0.00016647,0.10797,0,0,0,0,0,0,0,0,0,0,0,0,0,0,0,0,0,0,0,0,0,0,0,0,0,0,0,0,0,0,0,0,0,0,0,0,0.38275,0,0,0,0,0,0,0,0,0,0,0,0.11863,0.01132,6.6589E-05,6.6589E-05,0,0,3.3294E-05,0.013118,0.085667,0.096354,0.19048,0.17543,0.018112,0,0,0,0,0,0,0,0,0,0.00056601,0.015116,0,0,0,0,0,0,0,0,0,0,0,0,0,0,0,0,0,0,0,0,0,0,0,0,0,0,0,0,0,0,0,0,0,0,0,0
1,0,0,0,0,0,0,0,0,0,0,0,0,1.656,0,0,0,0,0,0,0,0,0,0,0,0,0,0,0,0,0,0,0,0,0,0,0,0,0,0,0,0,0,0,0,0,0,0,0,0,0,0,0,0,0,0,0,0,0,0,0,0,0,0,0,0,0,0,0,0,0,0,0,0,0,0,0,0,0,0,0,0,0,0,0,15.477,0,0,0,0,0,0,0,0.00029965,0.054037,0.56734,1.0442,8.5489,0.010454,0,0,0,0,0,0,0,0,0,0.0010654,0,0,0,0,0,0,0,0,0,0,0,0,0,0,0,0,0,0,0,0,0,0,0,0,0,0,0,0,0,0,0,0,0,0,0,0,0.0078908,0,0,0,0,0,0,0,0,0,0,0,2.9189,0.00029965,0,0,0,0,0,0.0018312,0.12589,1.0919,0.79943,1.06,28.256,1.7782,0,0,0,0,0,0,0,0.00019977,0,0.11437,0.0069253,0.24368,0,0,0,0,0,0,0,0,0,0,0,0,0,0,0,0,0,0,0,0,0,0,0,0,0,0,0,0,0,0,0,0,0,0,1.0219,0,0,0,0,0,0,0,0,0,0,0,12.254,0.16654,0,0,0,0,0.0015315,0.24625,0.94986,0.46169,1.2799,4.2798,4.9302,6.0501,0,0,0,0,0,0,0,0,0,0.0067588,0.058099,1.8253,0,0,0,0,0,0,0,0,0,0,0,0,0,0,0,0,0,0,0,0,0,0,0,0,0,0,0,0,0,0,0,0,0,0,1.0104,0,0,0,0,0,0,0,0,0,0,0,0.15782,0.018345,0,0,0,0,0.020742,0.38242,0.26249,0.3176,0.2586,0.27471,0,0,0,0,0,0,0,0,0,0,0,0,0,0,0,0,0,0,0,0,0,0,0,0,0,0,0,0,0,0,0,0,0,0,0,0,0,0,0,0,0,0,0,0,0,0,0,0
1,0,0,0,0,0,0,0,0,0,0,0,0,0.010221,0,0,0,0,0,0,0,0,0,0.00029965,0,0,0,0,0,0,0,0,0,0,0,0,0,0,0,0,0,0,0,0,0,0,0,0,0,0,0,0,0,0,0,0,0,0,0,0,0,0,0,0,0,0,0,0,0,0,0,0,0,0,0,0,0,0,0,0,0,0,0,0,0,10.923,0.0093557,0,0,0,0,0,0,0.00019977,0.018412,0.39271,0.83626,13.546,0.080506,0,0,0,0,0,0,0,0.0015981,0.012019,0.05174,0,0,0,0,0,0,0,0,0,0,0,0,0,0,0,0,0,0,0,0,0,0,0,0,0,0,0,0,0,0,0,0,0,0,0,0,0.0041285,0,0,0,0,0,0,0,0,0,0,0,5.128,2.0207,0.12662,0.091626,0.015049,0,0,0.00069918,0.031197,0.079041,0.25167,1.2316,46.669,5.7179,3.3294E-05,0,0,0,0,0,3.3294E-05,0.033727,0.0070584,0.019943,0,0.0041618,0,0,0,0,0,0,0,0,0,0,0,0,0,0,0,0,0,0,0,0,0,0,0,0,0,0,0,0,0,0,0,0,0,0,0.045114,0,0,0,0,0,0,0,0,0,0,0,0.66323,0.23955,0.969,0.53837,0.29802,0,0.00283,0.10385,0.12043,0.088497,0.19853,0.54426,2.9961,3.866,0.11387,0,0,0,0,0,3.3294E-05,0.0014983,0.00033294,0.0011986,0,0.029199,0,0,0,0,0,0,0,0,0,0,0,0,0,0,0,0,0,0,0,0,0,0,0,0,0,0,0,0,0,0,0,0,0,0,0.23006,0,0,0,0,0,0,0,0,0,0,0,0.12259,0.035891,0.0013318,0.052572,0.026003,3.3294E-05,0.10548,0.47678,0.23949,0.15392,0.1723,0.24248,0.0039287,0.0026969,0,0,0,0,0,0,0,9.9883E-05,0,0,0,0,0,0,0,0,0,0,0,0,0,0,0,0,0,0,0,0,0,0,0,0,0,0,0,0,0,0,0,0,0,0,0,0,0,0
1,0,0,0,0,0,0,0,0,0,0,0,0,0.22524,0,0,0,0,0,0,0,0,0,0.00036624,0.030098,0,0,0,0,0,0,0,0,0,0,0,0,0,0,0,0,0,0,0,0,0,0,0,0,0,0,0,0,0,0,0,0,0,0,0,0,0,0,0,0,0,0,0,0,0,0,0,0,0.013984,0,0,0,0,0,0,0,0,0,0,0,20.116,0,0,0,0,0,3.3294E-05,0.00019977,0.0044615,0.089962,0.33051,4.6724,1.4936,0,0,0,0,0,0,0,0,0,0,0.00013318,0,0,0,0,0,0,0,0,0,0,0,0,0,0,0,0,0,0,0,0,0,0,0,0,0,0,0,0,0,0,0,0,0,0,0,0,0.63796,0,0,0,0,0,0,0,0,0,0,0,27.074,0.023106,0,0,0,0.00029965,0.0030298,0.017213,0.36388,1.5945,2.309,13.052,21.42,0,0,0,0,0,0,0,0,0,0,0.094024,0,0,0,0,0,0,0,0,0,0,0,0,0,0,0,0,0,0,0,0,0,0,0,0,0,0,0,0,0,0,0,0,0,0,0,0,0.75036,0,0,0,0,0,0,0,0,0,0,0,1.255,0.11363,0.09955,0.029565,0,0.00099883,0.0043283,0.0034293,0.067188,0.21112,0.077643,1.5799,1.5205,0,0,0,0,0,0,0,0,0,0,0.0086233,0,0,0,0,0,0,0,0,0,0,0,0,0,0,0,0,0,0,0,0,0,0,0,0,0,0,0,0,0,0,0,0,0,0,0,0,0.23423,0,0,0,0,0,0,0,0,0,0,0,0.1105,0.0073914,0.047644,0.016381,0,0.0012652,0.00056601,0.00019977,0.0043283,0.020243,0.061795,0.20656,0.0012319,0,0,0,0,0,0,0,0,0,0,3.3294E-05,0,0,0,0,0,0,0,0,0,0,0,0,0,0,0,0,0,0,0,0,0,0,0,0,0,0,0,0,0,0,0,0,0,0,0,0
1,0,0,0,0,0,0,0,0,0,0,0,0,21.334,0.0091893,0,0,0,0,0,0,0,0,0.010055,0.032063,0,0,0,0,0,0,0,0,0,0,0,0,0,0,0,0,0,0,0,0,0,0,0,0,0,0,0,0,0,0,0,0,0,0,0,0,0,0,0,0,0,0,0,0,0,0,0,0,0.0052605,0,0,0,0,0,0,0,0,0,0,0,9.8753,0.261,0,0,0,0,0,0,0.023173,0.12998,0.22554,0.25936,22.59,0.10824,0,0,0,0,0,0,0,0.0066256,0,0,0,0,0,0,0,0,0,0,0,0,0,0,0,0,0,0,0,0,0,0,0,0,0,0,0,0,0,0,0,0,0,0,0,0,0,0,0.01708,0,0,0,0,0,0,0,0,0,0,0,6.1994,0.46572,0,0,0,0,0.0032296,0.016514,0.065091,0.14247,0.18755,0.46139,24.018,2.2051,0,0,0,0,0,0,0.0029965,0.025637,0.0022307,0.024904,0.15156,0,0,0,0,0,0,0,0,0,0,0,0,0,0,0,0,0,0,0,0,0,0,0,0,0,0,0,0,0,0,0,0,0,0,0,0.10198,0,0,0,0,0,0,0,0,0,0,0,0.27897,0.064491,0,0,0,3.3294E-05,0.0066589,0.24308,0.16534,0.16854,0.36544,0.54133,5.2412,1.9817,0.00019977,0,0,0,0,0,0.014749,0.0020643,0.025004,0.15046,0.090295,0,0,0,0,0,0,0,0,0,0,0,0,0,0,0,0,0,0,0,0,0,0,0,0,0,0,0,0,0,0,0,0,0,0,0,0.65597,0,0,0,0,0,0,0,0,0,0,0,0.080373,6.6589E-05,0,0,0,6.6589E-05,0.041552,0.43193,0.26642,0.10245,0.050508,0.038588,0.030931,0.0012985,0,0,0,0,0,0,0.00066589,0,0,0,0,0,0,0,0,0,0,0,0,0,0,0,0,0,0,0,0,0,0,0,0,0,0,0,0,0,0,0,0,0,0,0,0,0,0,0
1,0,0,0,0,0,0,0,0,0,0,0,0,0,0,0,0,0,0,0,0,0,0,0,0,0,0,0,0,0,0,0,0,0,0,0,0,0,0,0,0,0,0,0,0,0,0,0,0,0,0,0,0,0,0,0,0,0,0,0,0,0,0,0,0,0,0,0,0,0,0,0,0,0.0013318,0,0,0,0,0,0,0,0,0,0,0,13.31,0.00023306,0.00013318,0,0,0,0,0,0,0,0,0.034227,0.37583,0,0,0,0,0,0,0,0,0,0,0,0,0,0,0,0,0,0,0,0,0,0,0,0,0,0,0,0,0,0,0,0,0,0,0,0,0,0,0,0,0,0,0,0,0,0,0,0.046279,0,0,0,0,0,0,0,0,0,0,0,23.373,0.3691,0.95309,0,0,0,0,0,0,0,0,0.004295,49.865,0,0,0,0,0,0,0,0,0,0,0,0,0,0,0,0,0,0,0,0,0,0,0,0,0,0,0,0,0,0,0,0,0,0,0,0,0,0,0,0,0,0,0,0,0,0,0,0.50624,0,0,0,0,0,0,0,0,0,0,0,1.603,0.84365,1.9785,0.064558,0,0,0,0,0,0,9.9883E-05,0.012818,3.0991,0,0,0,0,0,0,0,0,0,0,0,0,0,0,0,0,0,0,0,0,0,0,0,0,0,0,0,0,0,0,0,0,0,0,0,0,0,0,0,0,0,0,0,0,0,0,0,0.069319,0,0,0,0,0,0,0,0,0,0,0,0.026136,0.012585,3.3404,0.11117,0,0,0,0,0,0,0,0,0,0,0,0,0,0,0,0,0,0,0,0,0,0,0,0,0,0,0,0,0,0,0,0,0,0,0,0,0,0,0,0,0,0,0,0,0,0,0,0,0,0,0,0,0,0,0,0
1,0,0,0,0,0,0,0,0,0,0,0,0,2.0836,0,0,0,0,0,0,0,0,0,0,0,0,0,0,0,0,0,0,0,0,0,0,0,0,0,0,0,0,0,0,0,0,0,0,0,0,0,0,0,0,0,0,0,0,0,0,0,0,0,0,0,0,0,0,0,0,0,0,0,0,0,0,0,0,0,0,0,0,0,0,0,24.805,0,0,0,0,0,0,0,0,0,0.0006326,0.074047,7.4452,0,0,0,0,0,0,0,0,0,0,0,0,0,0,0,0,0,0,0,0,0,0,0,0,0,0,0,0,0,0,0,0,0,0,0,0,0,0,0,0,0,0,0,0,0,0,0,0,0,0,0,0,0,0,0,0,0,0,0,8.584,0,0,0,0,0,0,0,0,0.0282,2.6353,3.881,32.937,0,0,0,0,0,0,0,0,0,0,0.20213,0,0,0,0,0,0,0,0,0,0,0,0,0,0,0,0,0,0,0,0,0,0,0,0,0,0,0,0,0,0,0,0,0,0,0,0,0.0012652,0,0,0,0,0,0,0,0,0,0,0,0.58072,0,0,0,0,0,0,0,0,2.0736,6.7084,3.0893,4.7096,0,0,0,0,0,0,0,0,0,0,0.001132,0,0,0,0,0,0,0,0,0,0,0,0,0,0,0,0,0,0,0,0,0,0,0,0,0,0,0,0,0,0,0,0,0,0,0,0,0.00093225,0,0,0,0,0,0,0,0,0,0,0,0,0,0,0,0,0,0,0,0,0.024971,0.060563,0.073647,0,0,0,0,0,0,0,0,0,0,0,0,0,0,0,0,0,0,0,0,0,0,0,0,0,0,0,0,0,0,0,0,0,0,0,0,0,0,0,0,0,0,0,0,0,0,0,0
1,0,0,0,0,0,0,0,0,0,0,0,0,0,0,0,0,0,0,0,0,0,0,0,0,0,0,0,0,0,0,0,0,0,0,0,0,0,0,0,0,0,0,0,0,0,0,0,0,0,0,0,0,0,0,0,0,0,0,0,0,0,0,0,0,0,0,0,0,0,0,0,0,0,0,0,0,0,0,0,0,0,0,0,0,4.5924,0.63346,0,0,0,0,0,0,0,0,0.047611,1.092,33.658,0,0,0,0,0,0,0,0,0,0,0.49675,0,0,0,0,0,0,0,0,0,0,0,0,0,0,0,0,0,0,0,0,0,0,0,0,0,0,0,0,0,0,0,0,0,0,0,0,0.009955,0,0,0,0,0,0,0,0,0,0,0,11.141,0.12206,0,0,0,0,0,0,0.00029965,0.0047611,0.45797,3.8095,34.655,0,0,0,0,0,0,0,0,0,0.048477,0.98129,0,0,0,0,0,0,0,0,0,0,0,0,0,0,0,0,0,0,0,0,0,0,0,0,0,0,0,0,0,0,0,0,0,0,0,0,0.41808,0,0,0,0,0,0,0,0,0,0,0,1.3052,0.033328,0,0,0,0,0,0.0010654,0.0021641,0.021308,0.51443,3.4692,0.21605,0,0,0,0,0,0,0,0,0,0,0.0029299,0,0,0,0,0,0,0,0,0,0,0,0,0,0,0,0,0,0,0,0,0,0,0,0,0,0,0,0,0,0,0,0,0,0,0,0,0.64335,0,0,0,0,0,0,0,0,0,0,0,0.34739,0.021775,6.6589E-05,0,0,0,0,0,0.0026969,0.046912,0.38948,0.78149,0.032262,0,0,0,0,0,0,0,0,0,0,0,0,0,0,0,0,0,0,0,0,0,0,0,0,0,0,0,0,0,0,0,0,0,0,0,0,0,0,0,0,0,0,0,0,0,0,0
1,0,0,0,0,0,0,0,0,0,0,0,0,0.92495,0,0,0,0,0,0,0,0,0,0,0,0,0,0,0,0,0,0,0,0,0,0,0,0,0,0,0,0,0,0,0,0,0,0,0,0,0,0,0,0,0,0,0,0,0,0,0,0,0,0,0,0,0,0,0,0,0,0,0,0,0,0,0,0,0,0,0,0,0,0,0,13.413,0,0,0,0,0,0,0,0,0.0052605,0.083369,1.6029,18.234,0,0,0,0,0,0,0,0,0,0,0.060263,0,0,0,0,0,0,0,0,0,0,0,0,0,0,0,0,0,0,0,0,0,0,0,0,0,0,0,0,0,0,0,0,0,0,0,0,0.0085234,0,0,0,0,0,0,0,0,0,0,0,3.3896,0.066589,0,0,0,0,0,0,0.0058931,0.81332,4.5848,3.5399,18.452,0.071084,0,0,0,0,0,0,0,0,0,0.12932,3.0377,0,0,0,0,0,0,0,0,0,0,0,0,0,0,0,0,0,0,0,0,0,0,0,0,0,0,0,0,0,0,0,0,0,0,0,0.22424,0,0,0,0,0,0,0,0,0,0,0,1.9118,0.053304,0,0,0,0,0,0,1.1298,8.7661,5.8688,1.1047,6.3024,0.60613,0,0,0,0,0,0,0,0,0,0.091993,1.6992,0.19597,0,0,0,0,0,0,0,0,0,0,0,0,0,0,0,0,0,0,0,0,0,0,0,0,0,0,0,0,0,0,0,0,0,0,0.16937,0,0,0,0,0,0,0,0,0,0,0,0.03426,0,0,0,0,0,0,0,0.69772,2.1144,0.36681,0.24135,0,0,0,0,0,0,0,0,0,0,0,0,0,0,0,0,0,0,0,0,0,0,0,0,0,0,0,0,0,0,0,0,0,0,0,0,0,0,0,0,0,0,0,0,0,0,0,0
1,6.6589E-05,0,0,0,0,0,0,0,0,0,0,0,0.3979,0.72525,0.30012,0,0,0,0,0,0,0,0,6.6589E-05,0,0,0,0,0,0,0,0,0,0,0,0,0,0,0,0,0,0,0,0,0,0,0,0,0,0,0,0,0,0,0,0,0,0,0,0,0,0,0,0,0,0,0,0,0,0,0,0,0,0,0,0,0,0,0,0,0,0,0,0,6.1452,0.044914,0.018911,0,0,0,0,0,0,0,0.0033627,1.7423,1.9446,0,0,0,0,0,0,0,0,0,0.00079907,0.010721,0,0,0,0,0,0,0,0,0,0,0,0,0,0,0,0,0,0,0,0,0,0,0,0,0,0,0,0,0,0,0,0,0,0,0,0,0,0,0,0,0,0,0,0,0,0,0,0,39.061,0.042051,0.041785,0,0,0,0,0,0,0,0.0041285,23.819,12.701,0,0,0,0,0,0,0,0,0,0.00019977,0.1158,0,0,0,0,0,0,0,0,0,0,0,0,0,0,0,0,0,0,0,0,0,0,0,0,0,0,0,0,0,0,0,0,0,0,0,0,0,0,0,0,0,0,0,0,0,0,0,0,6.7415,1.4222,0.87495,0,0,0,0,0,0,0,0.003396,0.45011,2.7849,0,0,0,0,0,0,0,0,0,0,0.00039953,0,0,0,0,0,0,0,0,0,0,0,0,0,0,0,0,0,0,0,0,0,0,0,0,0,0,0,0,0,0,0,0,0,0,0,0,0.021974,0,0,0,0,0,0,0,0,0,0,0,0.19597,0.038555,0.23789,0,0,0,0,0,0,0,0.052106,0.054803,0.0023639,0,0,0,0,0,0,0,0,0,0,3.3294E-05,0,0,0,0,0,0,0,0,0,0,0,0,0,0,0,0,0,0,0,0,0,0,0,0,0,0,0,0,0,0,0,0,0,0,0,0
1,0,0,0,0,0,0,0,0,0,0,0,0,3.3294E-05,0,0,0,0,0,0,0,0,3.3294E-05,0.0018978,0.0021308,0,0,0,0,0,0,0,0,0,0,0,0,0,0,0,0,0,0,0,0,0,0,0,0,0,0,0,0,0,0,0,0,0,0,0,0,0,0,0,0,0,0,0,0,0,0,0,0,3.3294E-05,0,0,0,0,0,0,0,0,0,0,0,0.12639,0,0,0,0,0,0,0,0,0.038921,0.2844,0.84049,27.568,0,0,0,0,0,0,0,0,0,0.011786,1.6658,0,0,0,0,0,0,0,0,0,0,0,0,0,0,0,0,0,0,0,0,0,0,0,0,0,0,0,0,0,0,0,0,0,0,0,0,0.0016314,0,0,0,0,0,0,0,0,0,0,0,0.67961,0,0,0,0,0,0,0,0,0.064125,0.56521,2.1271,56.208,0,0,0,0,0,0,0,0,0,0.057433,3.3295,0,0,0,0,0,0,0,0,0,0,0,0,0,0,0,0,0,0,0,0,0,0,0,0,0,0,0,0,0,0,0,0,0,0,0,0,0.010022,0,0,0,0,0,0,0,0,0,0,0,0.20623,0,0,0,0,0,0,0,0.00039953,0.044015,0.27528,0.82913,0.94087,0,0,0,0,0,0,0,0,0,0.0029299,0.19168,0,0,0,0,0,0,0,0,0,0,0,0,0,0,0,0,0,0,0,0,0,0,0,0,0,0,0,0,0,0,0,0,0,0,0,0,0.56121,0,0,0,0,0,0,0,0,0,0,0,0.093191,0.00013318,0,0,0,0,0,0,0.00089895,0.054137,1.8946,1.2053,0.02607,0,0,0,0,0,0,0,0,0,0.00056601,0.091493,0,0,0,0,0,0,0,0,0,0,0,0,0,0,0,0,0,0,0,0,0,0,0,0,0,0,0,0,0,0,0,0,0,0,0,0
1,0,0,0,0,0,0,0,0,0,0,0,0,0.12762,0,0,0,0,0,0,0,0,0,0,0,0,0,0,0,0,0,0,0,0,0,0,0,0,0,0,0,0,0,0,0,0,0,0,0,0,0,0,0,0,0,0,0,0,0,0,0,0,0,0,0,0,0,0,0,0,0,0,0,0.00023306,0,0,0,0,0,0,0,0,0,0,0,14.881,0.0021974,0,0,0,0,0,0,0.00026636,0.0064924,0.055402,0.024938,40.593,0.29076,0,0,0,0,0,0,0,0,0.0037623,0.0062261,0,0,0,0,0,0,0,0,0,0,0,0,0,0,0,0,0,0,0,0,0,0,0,0,0,0,0,0,0,0,0,0,0,0,0,0,0.0060596,0,0,0,0,0,0,0,0,0,0,0,0.64248,0,0,0,0,0,0,0,0.0096887,0.083702,0.75991,0.51816,36.736,0.017912,0,0,0,0,0,0,0,0.023406,0.45174,0.56331,0,0,0,0,0,0,0,0,0,0,0,0,0,0,0,0,0,0,0,0,0,0,0,0,0,0,0,0,0,0,0,0,0,0,0,0,0.017946,0,0,0,0,0,0,0,0,0,0,0,0.092492,0,0,0,0,0,0,0.00036624,0.062694,0.12735,0.35226,0.16787,0.14913,0,0,0,0,0,0,0,0,0.077909,0.072415,0.01445,0,0,0,0,0,0,0,0,0,0.013817,0,0,0,0,0,0,0,0,0,0,0,0,0,0,0,0,0,0,0,0,0,0,0,0,0,0,1.3082,0,0,0,0,0,0,0,0,0,0,0,0.06609,0.0038289,0,0,0,0,0,0.024372,0.31234,0.37187,0.71094,0.21292,0.019577,0,0,0,0,0,0,0,0,0.010821,0.004528,0.0019977,0,0,0,0,0,0,0,0,0,0,0,0,0,0,0,0,0,0,0,0,0,0,0,0,0,0,0,0,0,0,0,0,0,0,0,0
1,0,0,0,0,0,0,0,0,0,0,0,0,0,0,0,0,0,0,0,0,0,0,0,0,0,0,0,0,0,0,0,0,0,0,0,0,0,0,0,0,0,0,0,0,0,0,0,0,0,0,0,0,0,0,0,0,0,0,0,0,0,0,0,0,0,0,0,0,0,0,0,0,0,0,0,0,0,0,0,0,0,0,0,0,0.13907,0,0,0,0,0,0,0,0,0,0.00019977,0.0041951,12.825,0,0,0,0,0,0,0,0,0,0,0,0,0,0,0,0,0,0,0,0,0,0,0,0,0,0,0,0,0,0,0,0,0,0,0,0,0,0,0,0,0,0,0,0,0,0,0,0.0006326,0,0,0,0,0,0,0,0,0,0,0,3.6856,0,0,0,0,0,0,0,0,0.013151,0.39171,2.6798,75.434,0,0,0,0,0,0,0,0,0.0049276,0.033161,0.70671,0,0,0,0,0,0,0,0,0,0,0,0,0,0,0,0,0,0,0,0,0,0,0,0,0,0,0,0,0,0,0,0,0,0,0,0,0.010654,0,0,0,0,0,0,0,0,0,0,0,0.019511,0.0037623,0,0,0,0,0,0,0,0.040486,0.33438,0.091626,1.6723,0,0,0,0,0,0,0,0,0.0071583,0.0037623,0.00096554,0,0,0,0,0,0,0,0,0,0,0,0,0,0,0,0,0,0,0,0,0,0,0,0,0,0,0,0,0,0,0,0,0,0,0,0,0.76328,0,0,0,0,0,0,0,0,0,0,0,0.0062594,0.012818,0,0,0,0,0,0,0.00026636,0.061761,0.98575,0.064225,0.0021308,0,0,0,0,0,0,0,0,0.00036624,0.00069918,0,0,0,0,0,0,0,0,0,0,0,0,0,0,0,0,0,0,0,0,0,0,0,0,0,0,0,0,0,0,0,0,0,0,0,0,0
1,0,0,0,0,0,0,0,0,0,0,0,0,0.66336,0,0,0,0,0,0,0,0,0,0.00039953,0.063892,0,0,0,0,0,0,0,0,0,0,0,0,0,0,0,0,0,0,0,0,0,0,0,0,0,0,0,0,0,0,0,0,0,0,0,0,0,0,0,0,0,0,0,0,0,0,0,0,0,0,0,0,0,0,0,0,0,0,0,0,7.1569,0.00036624,0,0,0,0,0,0,0,0,0.0024305,1.1866,14.546,0.19877,0,0,0,0,0,0,0,0,0,0.0028633,0,0,0,0,0,0,0,0,0,0,0,0,0,0,0,0,0,0,0,0,0,0,0,0,0,0,0,0,0,0,0,0,0,0,0,0,0,0,0,0,0,0,0,0,0,0,0,0,4.02,0.015815,0,0,0,0,0,0,0,0,0.0070584,0.49948,42.806,7.307,0,0,0,0,0,0,0,0,0,0.010122,1.1078,0.14593,0,0,0,0,0,0,0,0,0,0,0,0,0,0,0,0,0,0,0,0,0,0,0,0,0,0,0,0,0,0,0,0,0,0,0,0,0,0,0,0,0,0,0,0,0,0,1.71,0.33741,0.0025304,0,0,0,0,0,0,0,0.0067921,0.53431,6.1542,6.5201,0,0,0,0,0,0,0,0,0,0.0029632,0.04022,1.9851,0,0,0,0,0,0,0,0,0,0,0,0,0,0,0,0,0,0,0,0,0,0,0,0,0,0,0,0,0,0,0,0,0,0,0.062594,0,0,0,0,0,0,0,0,0,0,0,1.5271,0.52489,0.002264,0,0,0,0,0,0,0,0.010588,0.42194,0.28483,0.12835,0,0,0,0,0,0,0,0,0,0.0026636,0,0,0,0,0,0,0,0,0,0,0,0,0,0,0,0,0,0,0,0,0,0,0,0,0,0,0,0,0,0,0,0,0,0,0,0
1,0,0,0,0,0,0,0,0,0,0,0,0,0.29369,0,0,0,0,0,0,0,0,0,0,0,0,0,0,0,0,0,0,0,0,0,0,0,0,0,0,0,0,0,0,0,0,0,0,0,0,0,0,0,0,0,0,0,0,0,0,0,0,0,0,0,0,0,0,0,0,0,0,0,0,0,0,0,0,0,0,0,0,0,0,0,5.3291,0,0,0,0,0,0,0,0,0,0,0.023106,10.383,0.00099883,0,0,0,0,0,0,0,0,0,0.049675,0,0,0,0,0,0,0,0,0,0,0,0,0,0,0,0,0,0,0,0,0,0,0,0,0,0,0,0,0,0,0,0,0,0,0,0,0,0,0,0,0,0,0,0,0,0,0,0,0.07994,0.0027967,0,0,0,0,0,0,0,0,0,0.053071,23.978,3.6207,0,0,0,0,0,0,0,0,0,0.1139,15.847,1.554,0,0,0,0,0,0,0,0,0,0,0,0,0,0,0,0,0,0,0,0,0,0,0,0,0,0,0,0,0,0,0,0,0,0,0,0,0,0,0,0,0,0,0,0,0,0,0.15285,0.17729,0.0041951,0,0,0,0,0,0,0,0,0.085267,8.7259,6.8189,0.60073,0,0,0,0,0,0,0,0,0.019744,11.762,4.9474,0,0,0,0,0,0,0,0,0,0,0,0,0,0,0,0,0,0,0,0,0,0,0,0,0,0,0,0,0,0,0,0,0,0,0.00036624,0,0,0,0,0,0,0,0,0,0,0,0.32429,0.21295,0.14566,0,0,0,0,0,0,0,0.035425,0.17153,1.3997,1.1072,1.1139,0,0,0,0,0,0,0,0,0.0093225,0.080406,0.77613,0,0,0,0,0,0,0,0,0,0,0,0,0,0,0,0,0,0,0,0,0,0,0,0,0,0,0,0,0,0,0,0,0,0
1,0,0,0,0,0,0,0,0,0,0,0,0,0,0,0,0,0,0,0,0,0,0,0,0,0,0,0,0,0,0,0,0,0,0,0,0,0,0,0,0,0,0,0,0,0,0,0,0,0,0,0,0,0,0,0,0,0,0,0,0,0,0,0,0,0,0,0,0,0,0,0,0,0,0,0,0,0,0,0,0,0,0,0,0,0.5105,0,0,0,0,0,0,0,0,0,0,0,5.7942,0,0,0,0,0,0,0,0,0,0,0,0,0,0,0,0,0,0,0,0,0,0,0,0,0,0,0,0,0,0,0,0,0,0,0,0,0,0,0,0,0,0,0,0,0,0,0,0.0013651,0,0,0,0,0,0,0,0,0,0,0,12.933,0.04285,0.0010987,0,0,0,0,0,0,0,0,0.17869,45.286,0.00036624,0,0,0,0,0,0,0,0,0,0,0,0,0,0,0,0,0,0,0,0,0,0,0,0,0,0,0,0,0,0,0,0,0,0,0,0,0,0,0,0,0,0,0,0,0,0,2.6184,0,0,0,0,0,0,0,0,0,0,0,3.5532,5.1997,0.71949,0.0057599,0,0,0,0,0,0,0,0.72029,17.356,0,0,0,0,0,0,0,0,0,0,0,0,0,0,0,0,0,0,0,0,0,0,0,0,0,0,0,0,0,0,0,0,0,0,0,0,0,0,0,0,0,0,0,0,0,0,0,3.2403,0,0,0,0,0,0,0,0,0,0,0,0.52762,1.023,0.25117,0.010155,0,0,0,0,0,0,0,0.00079907,0.026203,0,0,0,0,0,0,0,0,0,0,0,0,0,0,0,0,0,0,0,0,0,0,0,0,0,0,0,0,0,0,0,0,0,0,0,0,0,0,0,0,0,0,0,0,0,0,0
1,0,0,0,0,0,0,0,0,0,0,0,0,12.017,0,0,0,0,0,0,0,0,0,0,0,0,0,0,0,0,0,0,0,0,0,0,0,0,0,0,0,0,0,0,0,0,0,0,0,0,0,0,0,0,0,0,0,0,0,0,0,0,0,0,0,0,0,0,0,0,0,0,0,0,0,0,0,0,0,0,0,0,0,0,0,4.965,0,0,0,0,0,0,0,0,0,0,0.062927,2.728,0,0,0,0,0,0,0,0,0,0,0,0,0,0,0,0,0,0,0,0,0,0,0,0,0,0,0,0,0,0,0,0,0,0,0,0,0,0,0,0,0,0,0,0,0,0,0,0,0,0,0,0,0,0,0,0,0,0,0,9.4756,0.32059,0,0,0,0,0,0,0,0,0,2.0366,40.822,0.040087,0,0,0,0,0,0,0,0,0,0.10731,0.0027301,0,0,0,0,0,0,0,0,0,0,0,0,0,0,0,0,0,0,0,0,0,0,0,0,0,0,0,0,0,0,0,0,0,0,0,0.84475,0,0,0,0,0,0,0,0,0,0,0,4.1595,2.054,0.82537,0,0,0,0,0,0,0,0.027501,2.2493,11.961,1.15,0.21452,0,0,0,0,0,0,0,0,0.028733,0.078242,0,0,0,0,0,0,0,0,0,0,0,0,0,0,0,0,0,0,0,0,0,0,0,0,0,0,0,0,0,0,0,0,0,0,0,0.33681,0,0,0,0,0,0,0,0,0,0,0,0.087698,0.31883,2.9707,0,0,0,0,0,0,0,0,0.0095888,0.10578,0,0,0,0,0,0,0,0,0,0,0,0,0,0,0,0,0,0,0,0,0,0,0,0,0,0,0,0,0,0,0,0,0,0,0,0,0,0,0,0,0,0,0,0,0,0,0
1,0,0,0,0,0,0,0,0,0,0,0,0,0,0,0,0,0,0,0,0,0,0,0,0,0,0,0,0,0,0,0,0,0,0,0,0,0,0,0,0,0,0,0,0,0,0,0,0,0,0,0,0,0,0,0,0,0,0,0,0,0,0,0,0,0,0,0,0,0,0,0,0,0,0,0,0,0,0,0,0,0,0,0,0,33.638,0.00026636,0,0,0,0,0,0,0,0,0,4.1413,5.9798,0,0,0,0,0,0,0,0,0,0,0.00023306,0,0,0,0,0,0,0,0,0,0,0,0,0,0,0,0,0,0,0,0,0,0,0,0,0,0,0,0,0,0,0,0,0,0,0,0,0,0,0,0,0,0,0,0,0,0,0,0,27.317,0.51027,3.3294E-05,0,0,0,0,0,0,0,0,10.029,13.755,0.19021,0,0,0,0,0,0,0,0,0,0.02294,0,0,0,0,0,0,0,0,0,0,0,0,0,0,0,0,0,0,0,0,0,0,0,0,0,0,0,0,0,0,0,0,0,0,0,0,0,0,0,0,0,0,0,0,0,0,0,0,0.45517,2.5367,0.095988,0,0,0,0,0,0,0,0,0.024105,0.048976,0.38558,0,0,0,0,0,0,0,0,0,0.00043283,0,0,0,0,0,0,0,0,0,0,0,0,0,0,0,0,0,0,0,0,0,0,0,0,0,0,0,0,0,0,0,0,0,0,0,0,0.011254,0,0,0,0,0,0,0,0,0,0,0,0.11843,0.36408,0.19604,0,0,0,0,0,0,0,0,0.021708,0.0012652,0.15385,0.0033627,0,0,0,0,0,0,0,0,9.9883E-05,0,0,0,0,0,0,0,0,0,0,0,0,0,0,0,0,0,0,0,0,0,0,0,0,0,0,0,0,0,0,0,0,0,0,0,0
1,0,0,0,0,0,0,0,0,0,0,0,0,3.0701,0,0,0,0,0,0,0,0,6.6589E-05,0.0032296,0.0018312,0,0,0,0,0,0,0,0,0,0,0,0,0,0,0,0,0,0,0,0,0,0,0,0,0,0,0,0,0,0,0,0,0,0,0,0,0,0,0,0,0,0,0,0,0,0,0,0,0.00053271,0,0,0,0,0,0,0,0,0,0,0,26.647,0.22404,0.00043283,0,0,0,0,0,0.005427,0.054836,0.39647,1.1078,22.087,0,0,0,0,0,0,0,0,0,0.00076577,0.13974,0,0,0,0,0,0,0,0,0,0,0,0,0,0,0,0,0,0,0,0,0,0,0,0,0,0,0,0,0,0,0,0,0,0,0,0,0.0043616,0,0,0,0,0,0,0,0,0,0,0,0.5967,1.3361,0.39021,0,0,0,0,0.00073248,0.015315,0.21328,0.50568,1.0477,31.278,0,0,0,0,0,0,0,0,0,0.050108,1.0567,0.9155,0,0,0,0,0,0,0,0,0,0,0,0,0,0,0,0,0,0,0,0,0,0,0,0,0,0,0,0,0,0,0,0,0,0,0,0.038622,0,0,0,0,0,0,0,0,0,0,0,0.48367,0.055302,0.53864,0,0,0,0,0.00049942,0.073348,0.51194,0.57007,1.0209,1.1153,0,0,0,0,0,0,0,0,0,0.0046612,0.10634,0.40156,0,0,0,0,0,0,0,0,0,0,0,0,0,0,0,0,0,0,0,0,0,0,0,0,0,0,0,0,0,0,0,0,0,0,0,0.34423,0,0,0,0,0,0,0,0,0,0,0,0.57669,0.0083902,0,0,0,0,0,0.002597,0.12189,0.42477,0.98821,1.2944,0.14423,0,0,0,0,0,0,0,0,0,0.00083236,0.02304,0,0,0,0,0,0,0,0,0,0,0,0,0,0,0,0,0,0,0,0,0,0,0,0,0,0,0,0,0,0,0,0,0,0,0,0
1,0,0,0,0,0,0,0,0,0,0,0,0,4.0679,0.0092559,0,0,0,0,0,0,0,0,0,0.00039953,0,0,0,0,0,0,0,0,0,0,0,0,0,0,0,0,0,0,0,0,0,0,0,0,0,0,0,0,0,0,0,0,0,0,0,0,0,0,0,0,0,0,0,0,0,0,0,0,0,0,0,0,0,0,0,0,0,0,0,0,62.536,0.59081,0,0,0,0,0,0,0,0,0,3.8867,0.3706,0.28081,0,0,0,0,0,0,0,0,0,0,0,0,0,0,0,0,0,0,0,0,0,0,0,0,0,0,0,0,0,0,0,0,0,0,0,0,0,0,0,0,0,0,0,0,0,0,0,0,0,0,0,0,0,0,0,0,0,0,13.972,7.0218,0,0,0,0,0,0,0,0,0,0.032728,3.4028,1.5144,0,0,0,0,0,0,0,0,0,0,0,0,0,0,0,0,0,0,0,0,0,0,0,0,0,0,0,0,0,0,0,0,0,0,0,0,0,0,0,0,0,0,0,0,0,0,0,0,0,0,0,0,0,0,0,0,0,0,1.441,0.44012,0,0,0,0,0,0,0,0,0,0,0.0063925,0.42687,0,0,0,0,0,0,0,0,0,0,0,0,0,0,0,0,0,0,0,0,0,0,0,0,0,0,0,0,0,0,0,0,0,0,0,0,0,0,0,0,0,0,0,0,0,0,0,0,0,0,0,0,0,0,0,0,0,0,0,0,0,0,0,0,0,0,0,0,0,0,0,0,0,0,0,0,0,0,0,0,0,0,0,0,0,0,0,0,0,0,0,0,0,0,0,0,0,0,0,0,0,0,0,0,0,0,0,0,0,0,0,0,0,0,0,0,0,0
1,0,0,0,0,0,0,0,0,0,0,0,0,6.3648,3.3294E-05,0,0,0,0,0,0,0,0,0.00016647,0.0024638,0,0,0,0,0,0,0,0,0,0,0,0,0,0,0,0,0,0,0,0,0,0,0,0,0,0,0,0,0,0,0,0,0,0,0,0,0,0,0,0,0,0,0,0,0,0,0,0,0.0078242,0,0,0,0,0,0,0,0,0,0,0,29.972,4.0151,0.010122,0,0,0,0,0,0.0027634,0.069585,0.6004,0.76564,14.803,0.044714,0.00053271,0,0,0,0,0,0,0,0,0.022907,0,0,0,0,0,0,0,0,0,0,0,0,0,0,0,0,0,0,0,0,0,0,0,0,0,0,0,0,0,0,0,0,0,0,0,0,0.057699,0,0,0,0,0,0,0,0,0,0,0,9.2317,1.9005,1.4598,0,0,0,0,0.0037956,0.045347,0.53587,1.2236,1.1228,16.029,0.85194,0.3154,0,0,0,0,0,0,0.051207,0.0023639,0.0012652,0.001132,0.0056268,0,0,0,0,0,0,0,0,0,0,0,0,0,0,0,0,0,0,0,0,0,0,0,0,0,0,0,0,0,0,0,0,0,0,0.11054,0,0,0,0,0,0,0,0,0,0,0,0.68673,0.10281,1.0821,0,0,0.00036624,6.6589E-05,0.058399,0.10198,0.32635,0.53734,0.51397,0.72053,1.7026,0.40366,0,0,0,0,0,0,9.9883E-05,0,0,0,0.016348,0,0,0,0,0,0,0,0,0,0,0,0,0,0,0,0,0,0,0,0,0,0,0,0,0,0,0,0,0,0,0,0,0,0,1.4346,0,0,0,0,0,0,0,0,0,0,0,0.31377,0.10511,0.020676,0,0,0.0054603,0.034759,0.063526,0.14004,0.72938,0.98538,0.27944,0.0026303,0.0006326,0,0,0,0,0,0,0,0,0,0,0,0,0,0,0,0,0,0,0,0,0,0,0,0,0,0,0,0,0,0,0,0,0,0,0,0,0,0,0,0,0,0,0,0,0,0
2,0.5422,0,0,0,0,0,0,0,0,0,0,0,2.2822,0.012685,0,0,0,0,0.027202,0.032396,6.6589E-05,0.0015315,0.012352,0.45221,0,0,0,0,0,0,0,0,0,0,0,0,0,0,0,0,0,0,0,0,0,0,0,0,0,0,0,0,0,0,0,0,0,0,0,0,0,0,0,0,0,0,0,0,0,0,0,0,1.0386,0,0,0,0,0,0,0,0,0,0,0,22.361,0.76637,0,0,0,0.0035292,0.087032,0.10335,0.0018645,0.01748,0.028034,4.0882,1.4886,0,0,0,0,0,0,0,0,0,0,0,0,0,0,0,0,0,0,0,0,0,0,0,0,0,0,0,0,0,0,0,0,0,0,0,0,0,0,0,0,0,0,0,0,0,0,0,1.5735,0,0,0,0,0,0,0,0,0,0,0,48.294,2.4986,0.0010321,0,0,0,0,0.0018312,0.00026636,0.0025637,0.0046945,2.3736,5.0725,0,0,0,0,0,0,0,0,0,0,0,0,0,0,0,0,0,0,0,0,0,0,0,0,0,0,0,0,0,0,0,0,0,0,0,0,0,0,0,0,0,0,0,0,0,0,0,0.54277,0,0,0,0,0,0,0,0,0,0,0,2.6139,0.34147,0,0,0,0,0,0.00096554,0.00026636,0.002264,0.0038289,0.033195,2.996,0,0,0,0,0,0,0,0,0,0,0,0,0,0,0,0,0,0,0,0,0,0,0,0,0,0,0,0,0,0,0,0,0,0,0,0,0,0,0,0,0,0,0,0,0,0,0,0.13661,0,0,0,0,0,0,0,0,0,0,0,0.094423,0.0088896,0,0,0,0,0,0.0005993,3.3294E-05,0.0013984,0.011353,0.03426,0.0088896,0,0,0,0,0,0,0,0,0,0,0,0,0,0,0,0,0,0,0,0,0,0,0,0,0,0,0,0,0,0,0,0,0,0,0,0,0,0,0,0,0,0,0,0,0,0,0
2,0,0,0,0,0,0,0,0,0,0,0,0,0.33461,0,0,0,0,0,0,0,0,0,0,0,0,0,0,0,0,0,0,0,0,0,0,0,0,0,0,0,0,0,0,0,0,0,0,0,0,0,0,0,0,0,0,0,0,0,0,0,0,0,0,0,0,0,0,0,0,0,0,0,0.034726,0,0,0,0,0,0,0,0,0,0,0,30.653,0,0,0,0,0,0,0,0,0.0072249,0.037656,0.13641,18.618,0,0,0,0,0,0,0,0,0,0,0.013218,0,0,0,0,0,0,0,0,0,0,0,0,0,0,0,0,0,0,0,0,0,0,0,0,0,0,0,0,0,0,0,0,0,0,0,0,0.10674,0,0,0,0,0,0,0,0,0,0,0,1.6491,0.21472,0,0,0,0,0,0,0,0.023572,0.21738,1.0158,39.002,1.9074,0,0,0,0,0,0,0,0,6.6589E-05,0.49339,0,0,0,0,0,0,0,0,0,0,0,0,0,0,0,0,0,0,0,0,0,0,0,0,0,0,0,0,0,0,0,0,0,0,0,0,0.117,0,0,0,0,0,0,0,0,0,0,0,0.64242,0.60776,0.00023306,0,0,0,0,0,0,0.011353,0.080539,0.32033,0.71154,0.49023,0,0,0,0,0,0,0,0,0.00019977,0.065823,0,0,0,0,0,0,0,0,0,0,0,0,0,0,0,0,0,0,0,0,0,0,0,0,0,0,0,0,0,0,0,0,0,0,0,0,1.7388,0,0,0,0,0,0,0,0,0,0,0,0.12449,0.061528,0.0015315,0,0,0,0,0,0.00026636,0.010255,0.2869,0.23822,0.021175,3.3294E-05,0,0,0,0,0,0,0,0,0,0.0050275,0,0,0,0,0,0,0,0,0,0,0,0,0,0,0,0,0,0,0,0,0,0,0,0,0,0,0,0,0,0,0,0,0,0,0,0
2,0,0,0,0,0,0,0,0,0,0,0,0,5.1846,0,0,0,0,0,0,0,0,0,0,0,0,0,0,0,0,0,0,0,0,0,0,0,0,0,0,0,0,0,0,0,0,0,0,0,0,0,0,0,0,0,0,0,0,0,0,0,0,0,0,0,0,0,0,0,0,0,0,0,0,0,0,0,0,0,0,0,0,0,0,0,40.066,0,0,0,0,0,0,0,0,0,0,0.1687,21.964,0,0,0,0,0,0,0,0,0,0,0,0,0,0,0,0,0,0,0,0,0,0,0,0,0,0,0,0,0,0,0,0,0,0,0,0,0,0,0,0,0,0,0,0,0,0,0,0,0,0,0,0,0,0,0,0,0,0,0,1.0093,0.0087232,0,0,0,0,0,0,0,0.025237,0.38718,1.1856,26.78,0.002264,0,0,0,0,0,0,0,0,0.0088563,0.083269,0,0,0,0,0,0,0,0,0,0,0,0,0,0,0,0,0,0,0,0,0,0,0,0,0,0,0,0,0,0,0,0,0,0,0,0,0.040087,0,0,0,0,0,0,0,0,0,0,0,0.16201,0.009156,0,0,0,0,0,0,0,0.050241,0.27405,0.33604,0.11433,0.0034293,0,0,0,0,0,0,0,0.0012319,0.0070251,0,0,0,0,0,0,0,0,0,0,0,0,0,0,0,0,0,0,0,0,0,0,0,0,0,0,0,0,0,0,0,0,0,0,0,0,0,1.1315,0,0,0,0,0,0,0,0,0,0,0,0.038189,0.010488,0,0,0,0,0,0,0.010321,0.29059,0.40629,0.24009,0,0,0,0,0,0,0,0,0,0.00026636,0,0,0,0,0,0,0,0,0,0,0,0,0,0,0,0,0,0,0,0,0,0,0,0,0,0,0,0,0,0,0,0,0,0,0,0,0,0
2,0,0,0,0,0,0,0,0,0,0,0,0,0,0,0,0,0,0,0,0,0,0,0,0,0,0,0,0,0,0,0,0,0,0,0,0,0,0,0,0,0,0,0,0,0,0,0,0,0,0,0,0,0,0,0,0,0,0,0,0,0,0,0,0,0,0,0,0,0,0,0,0,0,0,0,0,0,0,0,0,0,0,0,0,4.3839,0,0,0,0,0,0,0,0,0,0,0,4.0595,0,0,0,0,0,0,0,0,0,0,0,0,0,0,0,0,0,0,0,0,0,0,0,0,0,0,0,0,0,0,0,0,0,0,0,0,0,0,0,0,0,0,0,0,0,0,0,0.0029965,0,0,0,0,0,0,0,0,0,0,0,7.2864,0.11194,0,0,0,0,0,0,0,0,0.002597,0.23592,71.679,0,0,0,0,0,0,0,0,0,0,0.26656,0,0,0,0,0,0,0,0,0,0,0,0,0,0,0,0,0,0,0,0,0,0,0,0,0,0,0,0,0,0,0,0,0,0,0,0,0.01688,0,0,0,0,0,0,0,0,0,0,0,1.2305,0.031596,0,0,0,0,0,0,0,0,0.0035958,0.60756,9.16,0,0,0,0,0,0,0,0,0,0,0.1148,0,0,0,0,0,0,0,0,0,0,0,0,0,0,0,0,0,0,0,0,0,0,0,0,0,0,0,0,0,0,0,0,0,0,0,0,0.21768,0,0,0,0,0,0,0,0,0,0,0,0.12039,0.016847,0,0,0,0,0,0,0,0,0.083503,0.34393,0.021109,0,0,0,0,0,0,0,0,0,0,0.00283,0,0,0,0,0,0,0,0,0,0,0,0,0,0,0,0,0,0,0,0,0,0,0,0,0,0,0,0,0,0,0,0,0,0,0,0
2,0,0,0,0,0,0,0,0,0,0,0,0,0.75592,0.00083236,0,0,0,0,0,0,0,0,0,0.00036624,0,0,0,0,0,0,0,0,0,0,0,0,0,0,0,0,0,0,0,0,0,0,0,0,0,0,0,0,0,0,0,0,0,0,0,0,0,0,0,0,0,0,0,0,0,0,0,0,0,0,0,0,0,0,0,0,0,0,0,0,3.7895,0,0,0,0,0,0,0,0,0,0.00093225,0.52356,25.017,0.13854,0,0,0,0,0,0,0,0,0,0,0,0,0,0,0,0,0,0,0,0,0,0,0,0,0,0,0,0,0,0,0,0,0,0,0,0,0,0,0,0,0,0,0,0,0,0,0,0,0,0,0,0,0,0,0,0,0,0,2.6524,0.01152,0,0,0,0,0,0,0,0,0.0006326,0.4602,28.871,2.4851,0,0,0,0,0,0,0,0,0,0,1.2729,0.50175,0,0,0,0,0,0,0,0,0,0,0,0,0,0,0,0,0,0,0,0,0,0,0,0,0,0,0,0,0,0,0,0,0,0,0,0,0,0,0,0,0,0,0,0,0,0,0.58745,0.01102,0,0,0,0,0,0,0,0,3.3294E-05,0.26026,4.6968,11.503,0,0,0,0,0,0,0,0,0,0,4.1192,10.502,0,0,0,0,0,0,0,0,0,0,0,0,0,0,0,0,0,0,0,0,0,0,0,0,0,0,0,0,0,0,0,0,0,0,0.015315,0,0,0,0,0,0,0,0,0,0,0,0.74263,0.11413,0.0011653,0,0,0,0,0,0,9.9883E-05,0.19863,0.45913,0.12133,0.054803,0,0,0,0,0,0,0,0,0,0,9.9883E-05,0.13128,0,0,0,0,0,0,0,0,0,0,0,0,0,0,0,0,0,0,0,0,0,0,0,0,0,0,0,0,0,0,0,0,0,0
2,0,0,0,0,0,0,0,0,0,0,0,0,7.2794,0.15971,0,0,0,0,0,0,0,0.0015648,0.0013318,0.0057599,0,0,0,0,0,0,0,0,0,0,0,0,0,0,0,0,0,0,0,0,0,0,0,0,0,0,0,0,0,0,0,0,0,0,0,0,0,0,0,0,0,0,0,0,0,0,0,0,0.0006326,0,0,0,0,0,0,0,0,0,0,0,23.905,1.4812,0,0,0,0,0,0,0,0.0046945,0.0041285,0.078508,11.368,0.12056,0,0,0,0,0,0,0,0,0,0.0053604,0,0,0,0,0,0,0,0,0,0,0,0,0,0,0,0,0,0,0,0,0,0,0,0,0,0,0,0,0,0,0,0,0,0,0,0,0.0053937,0,0,0,0,0,0,0,0,0,0,0,0.58478,2.1528,0.049476,0,0,0,0,0,0,0.00089895,0.0084235,0.10301,26.158,1.8546,0,0,0,0,0,0,0,0,0.00029965,0.002031,1.566,0.035792,0,0,0,0,0,0,0,0,0,0,0,0,0,0,0,0,0,0,0,0,0,0,0,0,0,0,0,0,0,0,0,0,0,0,0.0076244,0,0,0,0,0,0,0,0,0,0,0,0.14027,1.7534,1.7418,0,0,0,0,0,0,0.00096554,0.0069253,0.064225,6.6167,3.3978,0,0,0,0,0,0,0,0,0.00013318,0.027335,5.0851,2.784,0,0,0,0,0,0,0,0,0,0,0,0,0,0,0,0,0,0,0,0,0,0,0,0,0,0,0,0,0,0,0,0,0,0,0.068653,0,0,0,0,0,0,0,0,0,0,0,0.15392,0.087365,0.14403,0,0,0,0,0,0,0.0012319,0.050208,0.1166,0.081172,0.12552,0,0,0,0,0,0,0,0,0,0.016947,0.049442,0.54077,0,0,0,0,0,0,0,0,0,0,0,0,0,0,0,0,0,0,0,0,0,0,0,0,0,0,0,0,0,0,0,0,0,0
2,0,0,0,0,0,0,0,0,0,0,0,0,0.0095222,0,0,0,0,0,0,0,0,0,0,0,0,0,0,0,0,0,0,0,0,0,0,0,0,0,0,0,0,0,0,0,0,0,0,0,0,0,0,0,0,0,0,0,0,0,0,0,0,0,0,0,0,0,0,0,0,0,0,0,0,0,0,0,0,0,0,0,0,0,0,0,21.1,0,0,0,0,0,0,0,0,0,0,0,8.753,0,0,0,0,0,0,0,0,0,0,0,0,0,0,0,0,0,0,0,0,0,0,0,0,0,0,0,0,0,0,0,0,0,0,0,0,0,0,0,0,0,0,0,0,0,0,0,0,0,0,0,0,0,0,0,0,0,0,0,11.833,0,0,0,0,0,0,0,0,0,0,0,47.86,0,0,0,0,0,0,0,0,0,0,0,0,0,0,0,0,0,0,0,0,0,0,0,0,0,0,0,0,0,0,0,0,0,0,0,0,0,0,0,0,0,0,0,0,0,0,0,0,0,0,0,0,0,0,0,0,0,0,0,1.5796,0.00029965,0,0,0,0,0,0,0,0,0,0,8.8466,0,0,0,0,0,0,0,0,0,0,0,0,0,0,0,0,0,0,0,0,0,0,0,0,0,0,0,0,0,0,0,0,0,0,0,0,0,0,0,0,0,0,0,0,0,0,0,0,0,0,0,0,0,0,0,0,0,0,0,0.016115,0,0,0,0,0,0,0,0,0,0,0,0.0023639,0,0,0,0,0,0,0,0,0,0,0,0,0,0,0,0,0,0,0,0,0,0,0,0,0,0,0,0,0,0,0,0,0,0,0,0,0,0,0,0,0,0,0,0,0,0,0
2,0.047245,0,0,0,0,0,0,0,0,0,0,0,16.227,1.0044,0,0,0,0,0,0,0,0,0.017679,0.15682,0,0,0,0,0,0,0,0,0,0,0,0,0,0,0,0,0,0,0,0,0,0,0,0,0,0,0,0,0,0,0,0,0,0,0,0,0,0,0,0,0,0,0,0,0,0,0,0,0.00046612,0,0,0,0,0,0,0,0,0,0,0,17.179,16.817,0,0,0,0,0,0,0,0.00083236,0.050108,0.12985,1.1703,0.056467,0,0,0,0,0,0,0,0,0,0,0,0,0,0,0,0,0,0,0,0,0,0,0,0,0,0,0,0,0,0,0,0,0,0,0,0,0,0,0,0,0,0,0,0,0,0,0,0,0,0,0,0,0,0,0,0,0,0,10.846,9.0944,0.040419,0,0,0,0,0,0,0.0015648,0.025204,0.22817,8.365,1.2844,0.045047,0,0,0,0,0,0,0,0,0.021675,0.16664,0,0,0,0,0,0,0,0,0,0,0,0,0,0,0,0,0,0,0,0,0,0,0,0,0,0,0,0,0,0,0,0,0,0,0,0,0,0,0,0,0,0,0,0,0,0,0,1.2803,3.2633,0.90315,0,0,0,0,0,0,0.00066589,0.0091893,0.091194,6.1333,1.4024,0.21029,0,0,0,0,0,0,0,0,0.011953,1.7218,0.15901,0,0,0,0,0,0,0,0,0,0,0,0,0,0,0,0,0,0,0,0,0,0,0,0,0,0,0,0,0,0,0,0,0,0,0.058632,0,0,0,0,0,0,0,0,0,0,0,0.22963,0.10907,0.73071,0,0,0,0,0,0,0.00053271,0.063626,0.11869,0.030831,0.2025,0,0,0,0,0,0,0,0,0,0.0019311,0.14034,0.15039,0,0,0,0,0,0,0,0,0,0,0,0,0,0,0,0,0,0,0,0,0,0,0,0,0,0,0,0,0,0,0,0,0,0
2,1.018,0,0,0,0,0,0,0,0,0,0,0,1.1646,10.322,1.8388,0.042151,0,0,0,0,0,0,6.6589E-05,6.6589E-05,0,0,0,0,0,0,0,0,0,0,0,0,0,0,0,0,0,0,0,0,0,0,0,0,0,0,0,0,0,0,0,0,0,0,0,0,0,0,0,0,0,0,0,0,0,0,0,0,5.4382,0,0,0,0,0,0,0,0,0,0,0,16.727,39.781,8.9577,0.36081,0,0,0,0,6.6589E-05,0.011287,0.009156,0.014283,0,0.20386,0,0,0,0,0,0,0,0,0,0,0,0,0,0,0,0,0,0,0,0,0,0,0,0,0,0,0,0,0,0,0,0,0,0,0,0,0,0,0,0,0,0,0,0,0,0,0.59241,0,0,0,0,0,0,0,0,0,0,0,2.3845,6.5479,1.0476,0.023772,0,0,0,0,6.6589E-05,0.017346,0.0049609,0.0065257,0.019444,1.4464,0,0,0,0,0,0,0,0.00039953,0,0,0,0,0,0,0,0,0,0,0,0,0,0,0,0,0,0,0,0,0,0,0,0,0,0,0,0,0,0,0,0,0,0,0,0,0,0,0.042351,0,0,0,0,0,0,0,0,0,0,0,0.17942,0.48523,0.041585,0,0,0,0,0,6.6589E-05,0.0025304,0.0016647,0.0034959,0.00086566,0.4277,0,0,0,0,0,0,0,0,0,0,0,0,0,0,0,0,0,0,0,0,0,0,0,0,0,0,0,0,0,0,0,0,0,0,0,0,0,0,0,0,0,0,0,0,0,0,0.20483,0,0,0,0,0,0,0,0,0,0,0,0.17483,0.31979,0.12389,0,0,0,0,0,0,0.001465,0.0024971,0.0070584,0,6.6589E-05,0,0,0,0,0,0,0,0,0,0,0,0,0,0,0,0,0,0,0,0,0,0,0,0,0,0,0,0,0,0,0,0,0,0,0,0,0,0,0,0,0,0,0,0,0,0
2,0,0,0,0,0,0,0,0,0,0,0,0,0.034127,0,0,0,0,0,0,0,0,0,0,0,0,0,0,0,0,0,0,0,0,0,0,0,0,0,0,0,0,0,0,0,0,0,0,0,0,0,0,0,0,0,0,0,0,0,0,0,0,0,0,0,0,0,0,0,0,0,0,0,0,0,0,0,0,0,0,0,0,0,0,0,24.381,0.23086,0,0,0,0,0,0,0,0,0,9.9883E-05,12.018,0.0051606,0,0,0,0,0,0,0,0,0,0.00029965,0,0,0,0,0,0,0,0,0,0,0,0,0,0,0,0,0,0,0,0,0,0,0,0,0,0,0,0,0,0,0,0,0,0,0,0,0,0,0,0,0,0,0,0,0,0,0,0,2.8296,4.6976,0.0059597,0,0,0,0,0,0,0,0,0.0018978,44.528,0.25487,0,0,0,0,0,0,0,0,0,0.0023306,0.44468,0.037123,0,0,0,0,0,0,0,0,0,0,0,0,0,0,0,0,0,0,0,0,0,0,0,0,0,0,0,0,0,0,0,0,0,0,0,0,0,0,0,0,0,0,0,0,0,0,0.020643,1.3557,0.11397,0,0,0,0,0,0,0,0,0.00029965,4.4827,0.72825,0,0,0,0,0,0,0,0,0,0.00026636,3.5385,0.24465,0,0,0,0,0,0,0,0,0,0,0,0,0,0,0,0,0,0,0,0,0,0,0,0,0,0,0,0,0,0,0,0,0,0,0,0,0,0,0,0,0,0,0,0,0,0,0.018545,0.014783,0.00076577,0,0,0,0,0,0,0,0,0.0021641,0.0069585,0,0,0,0,0,0,0,0,0,0,0,0,0,0,0,0,0,0,0,0,0,0,0,0,0,0,0,0,0,0,0,0,0,0,0,0,0,0,0,0,0,0,0,0,0,0,0
2,0,0,0,0,0,0,0,0,0,0,0,0,2.2253,0.017579,0,0,0,0,0,0,0,0,0,0,0,0,0,0,0,0,0,0,0,0,0,0,0,0,0,0,0,0,0,0,0,0,0,0,0,0,0,0,0,0,0,0,0,0,0,0,0,0,0,0,0,0,0,0,0,0,0,0,3.3294E-05,0,0,0,0,0,0,0,0,0,0,0,5.7056,0.64814,0,0,0,0,0,0,0,0.0015648,0.063626,0.20459,5.2534,2.1159,0,0,0,0,0,0,0,0,0,0.00036624,0,0,0,0,0,0,0,0,0,0,0,0,0,0,0,0,0,0,0,0,0,0,0,0,0,0,0,0,0,0,0,0,0,0,0,0,0.0012319,0,0,0,0,0,0,0,0,0,0,0,1.5023,0.43779,0,0,0,0,0,0,0,0.0017313,0.018978,0.10927,25.845,24.151,0,0,0,0,0,0,0,0,0,0.00029965,0.13294,0.70351,0,0,0,0,0,0,0,0,0,0,0,0,0,0,0,0,0,0,0,0,0,0,0,0,0,0,0,0,0,0,0,0,0,0,0.015515,0,0,0,0,0,0,0,0,0,0,0,1.5283,2.7426,0.0021641,0,0,0,0,0,0,0.0032296,0.016281,0.0284,3.4004,18.826,0.0018645,0,0,0,0,0,0,0,0,0.00016647,0.25547,2.2898,0,0,0,0,0,0,0,0,0,0,0,0,0,0,0,0,0,0,0,0,0,0,0,0,0,0,0,0,0,0,0,0,0,0,0.19717,0,0,0,0,0,0,0,0,0,0,0,0.59847,0.40007,0.024338,0.00026636,0,0,0,0,0,0.0021308,0.055369,0.05417,0.085001,0.33068,3.3294E-05,0,0,0,0,0,0,0,0,0,0,0.0025637,0,0,0,0,0,0,0,0,0,0,0,0,0,0,0,0,0,0,0,0,0,0,0,0,0,0,0,0,0,0,0,0,0,0
2,0,0,0,0,0,0,0,0,0,0,0,0,10.226,0.00053271,0,0,0,0,0,0,0,0.00026636,0.028667,0.011187,0,0,0,0,0,0,0,0,0,0,0,0,0,0,0,0,0,0,0,0,0,0,0,0,0,0,0,0,0,0,0,0,0,0,0,0,0,0,0,0,0,0,0,0,0,0,0,0,0.0038955,0,0,0,0,0,0,0,0,0,0,0,36.37,0.030764,0,0,0,0,0,0,0.0053604,0.21728,0.99647,2.0605,9.3588,0.073448,0,0,0,0,0,0,0,0,0,0.012785,0,0,0,0,0,0,0,0,0,0,0,0,0,0,0,0,0,0,0,0,0,0,0,0,0,0,0,0,0,0,0,0,0,0,0,0,0.014183,0,0,0,0,0,0,0,0,0,0,0,4.5886,0.0861,0.00093225,0,0,0,0,0,0.010621,0.56228,0.63762,1.0015,19.826,1.0906,0,0,0,0,0,0,0,0,0,0.030365,0.039054,0.034959,0,0,0,0,0,0,0,0,0,0,0,0,0,0,0,0,0,0,0,0,0,0,0,0,0,0,0,0,0,0,0,0,0,0,0.06033,0,0,0,0,0,0,0,0,0,0,0,0.74197,0.24851,0.0023639,0,0,0,0,0,0.018179,0.26033,0.30295,0.22404,2.8379,4.0809,0,0,0,0,0,0,0,0,0,0.00039953,0.080439,0.15379,0,0,0,0,0,0,0,0,0,0,0,0,0,0,0,0,0,0,0,0,0,0,0,0,0,0,0,0,0,0,0,0,0,0,1.8323,0,0,0,0,0,0,0,0,0,0,0,0.19957,0.020942,0.00073248,0,0,0,0,0,0.023206,0.36015,0.95732,0.26912,0.0055602,0,0,0,0,0,0,0,0,0,0,3.3294E-05,0,0,0,0,0,0,0,0,0,0,0,0,0,0,0,0,0,0,0,0,0,0,0,0,0,0,0,0,0,0,0,0,0,0,0,0
2,0.73864,0,0,0,0,0,0,0,0,0,0,0,2.6261,1.7329,0.035126,0,0,0,0,0,0,0,0,0.00026636,0,0,0,0,0,0,0,0,0,0,0,0,0,0,0,0,0,0,0,0,0,0,0,0,0,0,0,0,0,0,0,0,0,0,0,0,0,0,0,0,0,0,0,0,0,0,0,0,13.852,0,0,0,0,0,0,0,0,0,0,0,15.16,17.428,0.96398,0.46193,0.60732,0,0,0,0,0,0,0.044848,0.07691,0.00099883,0,0,0,0,0,0,0,0,0,0,0,0,0,0,0,0,0,0,0,0,0,0,0,0,0,0,0,0,0,0,0,0,0,0,0,0,0,0,0,0,0,0,0,0,0,0,5.2125,0,0,0,0,0,0,0,0,0,0,0,24.588,10.751,1.8026,0.24951,0.81422,0,0,0,0,0,0,0.069186,0.84568,0.0010654,0,0,0,0,0,0,0,0,0,0,0,0,0,0,0,0,0,0,0,0,0,0,0,0,0,0,0,0,0,0,0,0,0,0,0,0,0,0,0,0,0,0,0,0,0,0,0.003729,0,0,0,0,0,0,0,0,0,0,0,1.0254,0.46529,0.29422,0.042517,0.00076577,0,0,0,0,0,0,0,0.10508,0,0,0,0,0,0,0,0,0,0,0,0,0,0,0,0,0,0,0,0,0,0,0,0,0,0,0,0,0,0,0,0,0,0,0,0,0,0,0,0,0,0,0,0,0,0,0,0,0,0,0,0,0,0,0,0,0,0,0,0,0,0,0,0,0,0,0,0,0,0,0,0,0,0,0,0,0,0,0,0,0,0,0,0,0,0,0,0,0,0,0,0,0,0,0,0,0,0,0,0,0,0,0,0,0,0,0,0,0,0,0,0,0,0,0,0,0,0,0
2,0,0,0,0,0,0,0,0,0,0,0,0,0.030298,0,0,0,0,0,0,0,0,0,0,0,0,0,0,0,0,0,0,0,0,0,0,0,0,0,0,0,0,0,0,0,0,0,0,0,0,0,0,0,0,0,0,0,0,0,0,0,0,0,0,0,0,0,0,0,0,0,0,0,0,0,0,0,0,0,0,0,0,0,0,0,19.899,0,0,0,0,0,0,0,0,0,0.014183,0.28094,19.265,0.012119,0,0,0,0,0,0,0,0,0.00066589,0.080007,0,0,0,0,0,0,0,0,0,0,0,0,0,0,0,0,0,0,0,0,0,0,0,0,0,0,0,0,0,0,0,0,0,0,0,0,0,0,0,0,0,0,0,0,0,0,0,0,2.5433,2.6934,0,0,0,0,0,0,0,0.0047611,0.11024,0.94203,39.303,2.8247,0,0,0,0,0,0,0,0,0.0020976,0.31343,0,0,0,0,0,0,0,0,0,0,0,0,0,0,0,0,0,0,0,0,0,0,0,0,0,0,0,0,0,0,0,0,0,0,0,0,0,0,0,0,0,0,0,0,0,0,0,0,1.2203,0.85567,0,0,0,0,0,0,0,0.023273,0.039421,0.32169,4.7575,2.0344,0,0,0,0,0,0,0,0,0.00033294,0.019411,0,0,0,0,0,0,0,0,0,0,0,0,0,0,0,0,0,0,0,0,0,0,0,0,0,0,0,0,0,0,0,0,0,0,0,0,0.2271,0,0,0,0,0,0,0,0,0,0,0,0.86889,0.14137,0.0012319,0,0,0,0,0,0,0.015948,0.47861,0.58655,0.072948,0.015216,0,0,0,0,0,0,0,0,0,0.0014317,0,0,0,0,0,0,0,0,0,0,0,0,0,0,0,0,0,0,0,0,0,0,0,0,0,0,0,0,0,0,0,0,0,0,0,0
2,0,0,0,0,0,0,0,0,0,0,0,0,0.060196,0,0,0,0,0,0,0,0,0,3.3294E-05,0.0013651,0,0,0,0,0,0,0,0,0,0,0,0,0,0,0,0,0,0,0,0,0,0,0,0,0,0,0,0,0,0,0,0,0,0,0,0,0,0,0,0,0,0,0,0,0,0,0,0,0,0,0,0,0,0,0,0,0,0,0,0,25.227,0,0,0,0,0,0,0,0,0.0038289,0.037956,0.17886,0.069952,0,0,0,0,0,0,0,0,6.6589E-05,6.6589E-05,3.3294E-05,0,0,0,0,0,0,0,0,0,0,0,0,0,0,0,0,0,0,0,0,0,0,0,0,0,0,0,0,0,0,0,0,0,0,0,0,0,0,0,0,0,0,0,0,0,0,0,0,43.081,0.00053271,0,0,0,0,0,0,0,0.034193,0.27698,0.45457,26.391,0,0,0,0,0,0,0,0,0.0054936,0.00016647,0.0049609,0,0,0,0,0,0,0,0,0,0,0,0,0,0,0,0,0,0,0,0,0,0,0,0,0,0,0,0,0,0,0,0,0,0,0,0,0.0014983,0,0,0,0,0,0,0,0,0,0,0,0.46016,0.0014983,0,0,0,0,0,0,0,0.043915,0.065091,0.089496,2.3223,0,0,0,0,0,0,0,0,0.006326,0,0.0028633,0,0,0,0,0,0,0,0,0,0,0,0,0,0,0,0,0,0,0,0,0,0,0,0,0,0,0,0,0,0,0,0,0,0,0,0,0.21811,0,0,0,0,0,0,0,0,0,0,0,0.39351,0.054536,0.0035958,0,0,0,0,0,0,0.02031,0.30141,0.14586,0.038122,0,0,0,0,0,0,0,0,0.00283,0,0.0010321,0,0,0,0,0,0,0,0,0,0,0,0,0,0,0,0,0,0,0,0,0,0,0,0,0,0,0,0,0,0,0,0,0,0,0,0
2,0,0,0,0,0,0,0,0,0,0,0,0,0,0,0,0,0,0,0,0,0,0,0,0,0,0,0,0,0,0,0,0,0,0,0,0,0,0,0,0,0,0,0,0,0,0,0,0,0,0,0,0,0,0,0,0,0,0,0,0,0,0,0,0,0,0,0,0,0,0,0,0,0,0,0,0,0,0,0,0,0,0,0,0,0.00086566,0,0,0,0,0,0,0,0,0,0.0019977,0.0038289,0.73231,0,0,0,0,0,0,0,0,0,6.6589E-05,0.00016647,0,0,0,0,0,0,0,0,0,0,0,0,0,0,0,0,0,0,0,0,0,0,0,0,0,0,0,0,0,0,0,0,0,0,0,0,3.3294E-05,0,0,0,0,0,0,0,0,0,0,0,37.509,0,0,0,0,0,0,0,9.9883E-05,0.027168,0.35202,0.76398,57.499,0,0,0,0,0,0,0,0,0.0016314,0.0025304,0.016947,0,0,0,0,0,0,0,0,0,0,0,0,0,0,0,0,0,0,0,0,0,0,0,0,0,0,0,0,0,0,0,0,0,0,0,0,0.0038955,0,0,0,0,0,0,0,0,0,0,0,1.9209,0,0,0,0,0,0,0,0.014017,0.1159,0.092692,0.078442,0.17033,0,0,0,0,0,0,0,0,0.0045946,0.0028966,0.0013651,0,0,0,0,0,0,0,0,0,0,0,0,0,0,0,0,0,0,0,0,0,0,0,0,0,0,0,0,0,0,0,0,0,0,0,0,0.32296,0,0,0,0,0,0,0,0,0,0,0,0.023439,0.0013651,0,0,0,0,0,0,0.0094556,0.039953,0.24558,0.034193,0.0052938,0,0,0,0,0,0,0,0,0.00023306,0.00053271,0.00076577,0,0,0,0,0,0,0,0,0,0,0,0,0,0,0,0,0,0,0,0,0,0,0,0,0,0,0,0,0,0,0,0,0,0,0,0
2,0,0,0,0,0,0,0,0,0,0,0,0,0.77696,0.012752,0,0,0,0,0,0,0,0,0,0,0,0,0,0,0,0,0,0,0,0,0,0,0,0,0,0,0,0,0,0,0,0,0,0,0,0,0,0,0,0,0,0,0,0,0,0,0,0,0,0,0,0,0,0,0,0,0,0,0,0,0,0,0,0,0,0,0,0,0,0,14.967,0.059297,0,0,0,0,0,0,0,0,0.0058265,0.02324,20.713,0.53877,0,0,0,0,0,0,0,0,0,0.00033294,0,0,0,0,0,0,0,0,0,0,0,0,0,0,0,0,0,0,0,0,0,0,0,0,0,0,0,0,0,0,0,0,0,0,0,0,0.031929,0,0,0,0,0,0,0,0,0,0,0,1.0072,0.004861,0.00033294,0,0,0,0,0,0,0,0.0011653,0.20077,11.306,0.25204,0,0,0,0,0,0,0,0,0,0.042817,0.80812,0.07711,0,0,0,0,0,0,0,0,0,0,0,0,0,0,0,0,0,0,0,0,0,0,0,0,0,0,0,0,0,0,0,0,0,0,0.16008,0,0,0,0,0,0,0,0,0,0,0,2.4927,0.82364,0.0012319,0,0,0,0,0,0,0,0.0032629,0.46006,16.04,16.466,0,0,0,0,0,0,0,0,0,0.24362,3.3228,2.5573,0,0,0,0,0,0,0,0,0,0,0,0,0,0,0,0,0,0,0,0,0,0,0,0,0,0,0,0,0,0,0,0,0,0,0.79947,0,0,0,0,0,0,0,0,0,0,0,1.5291,0.73764,0.021175,0.00033294,3.3294E-05,0,0,0,0,0.00026636,0.015349,0.51626,0.60203,2.1816,0,0,0,0,0,0,0,0,0,0.011786,0.11696,0.067954,0,0,0,0,0,0,0,0,0,0,0,0,0,0,0,0,0,0,0,0,0,0,0,0,0,0,0,0,0,0,0,0,0,0
2,0,0,0,0,0,0,0,0,0,0,0,0,8.0345,1.6707,0,0,0,0,0,0,0,0,0,0,0,0,0,0,0,0,0,0,0,0,0,0,0,0,0,0,0,0,0,0,0,0,0,0,0,0,0,0,0,0,0,0,0,0,0,0,0,0,0,0,0,0,0,0,0,0,0,0,0.0078242,0,0,0,0,0,0,0,0,0,0,0,8.384,8.0639,0.0013651,0,0,0,0,0,9.9883E-05,0,0.001465,0.050574,16.598,6.9982,0,0,0,0,0,0,0,0,0.0030631,0.013917,0,0,0,0,0,0,0,0,0,0,0,0,0,0,0,0,0,0,0,0,0,0,0,0,0,0,0,0,0,0,0,0,0,0,0,0,0.0064924,0,0,0,0,0,0,0,0,0,0,0,0.26436,0.019178,0.00029965,0,0,0,0,0,0.00069918,0.00099883,0.010954,0.1461,9.4908,3.542,0.00029965,0,0,0,0,0,0,0,6.6589E-05,0.099517,1.2018,1.8011,0.0022973,0,0,0,0,0,0,0,0,0,0,0,0,0,0,0,0,0,0,0,0,0,0,0,0,0,0,0,0,0,0,0,0,0,0.017313,0,0,0,0,0,0,0,0,0,0,0,0.32968,0.14956,0.21412,0.064824,0.032495,0.062827,0.035525,0,0.00096554,0.0013984,0.0081239,0.084768,2.64,9.9393,0.37293,0,0,0,0,0,0,0,0,0.052039,2.7812,13.367,0.071084,0,0,0,0,0,0,0,0,0,0,0.3424,0,0,0,0,0,0,0,0,0,0,0,0,0,0,0,0,0,0,0,0,0,0,0.24422,0,0,0,0,0,0,0,0,0,0,0,0.33661,0.2882,0.12878,0.14803,0.52642,0.65673,0.049309,0,0.0024638,0.0042284,0.042351,0.18059,0.18505,0.14403,0.0085234,0,0,0,0,0,0,0,0,0.0027967,0,0.044082,0,0,0,0,0,0,0,0,0,0,0,0.025437,0,0,0,0,0,0,0,0,0,0,0,0,0,0,0,0,0,0,0,0,0,0
2,0,0,0,0,0,0,0,0,0,0,0,0,0.0058598,0.72882,0.22311,0.003163,0,0,0,0,0,0,0,0,0,0,0,0,0,0,0,0,0,0,0,0,0,0,0,0,0,0,0,0,0,0,0,0,0,0,0,0,0,0,0,0,0,0,0,0,0,0,0,0,0,0,0,0,0,0,0,0,0.10298,0,0,0,0,0,0,0,0,0,0,0,1.2352,3.4907,10.044,3.2277,0.063193,0,0,0,0,0,0,0,0.98285,0.00036624,0,0,0,0,0,0,0,0,0,0,0,0,0,0,0,0,0,0,0,0,0,0,0,0,0,0,0,0,0,0,0,0,0,0,0,0,0,0,0,0,0,0,0,0,0,0,0,0,0,0,0,0,0,0,0,0,0,0,4.8294,3.1582,1.2384,1.512,0.15425,0,0,0,0,0,0,0,49.148,0.022407,0,0,0,0,0,0,0,0,0,0,0,0,0,0,0,0,0,0,0,0,0,0,0,0,0,0,0,0,0,0,0,0,0,0,0,0,0,0,0,0,0,0,0,0,0,0,0,0,0,0,0,0,0,0,0,0,0,0,4.1563,9.6483,0.082404,0,0,0,0,0,0,0,0,0,5.5014,0.34044,0,0,0,0,0,0,0,0,0,0,0,0,0,0,0,0,0,0,0,0,0,0,0,0,0,0,0,0,0,0,0,0,0,0,0,0,0,0,0,0,0,0,0,0,0,0,0,0,0,0,0,0,0,0,0,0,0,0,0.047578,0.048244,0.001132,0,0,0,0,0,0,0,0,0,0.0037956,0,0,0,0,0,0,0,0,0,0,0,0,0,0,0,0,0,0,0,0,0,0,0,0,0,0,0,0,0,0,0,0,0,0,0,0,0,0,0,0,0,0,0,0,0,0,0
2,7.6948,0,0,0,0,0,0,0,0,0,0,0,7.4787,19.463,0.12539,0,0,0,0,0.0015981,0.76351,0.12023,0.084102,0.081904,0,0,0,0,0,0,0,0,0,0,0,0,0,0,0,0,0,0,0,0,0,0,0,0,0,0,0,0,0,0,0,0,0,0,0,0,0,0,0,0,0,0,0,0,0,0,0,0,0.18096,0,0,0,0,0,0,0,0,0,0,0,0.67954,13.723,3.4343,0.92945,0.29036,0.058165,0.10181,0.037656,0.16967,0.18026,0.02011,0.021308,2.3991,3.8674,0.13894,0,0,0,0,0,0,0,0,0,0,0,0,0,0,0,0,0,0,0,0,0,0,0,0,0,0,0,0,0,0,0,0,0,0,0,0,0,0,0,0,0,0,0,0,0,0.23346,0,0,0,0,0,0,0,0,0,0,0,0.15395,1.4278,4.0798,1.6499,0.11936,0.046179,0.10641,0.13348,0.068021,0.054004,0.012186,0.030032,2.5577,6.0223,1.327,0,0,0,0,0,0,0,0,0.0024638,2.6911,0.52738,0,0,0,0,0,0,0,0,0,0,0,0,0,0,0,0,0,0,0,0,0,0,0,0,0,0,0,0,0,0,0,0,0,0,0.084768,0,0,0,0,0,0,0,0,0,0,0,0.18026,0.87601,1.5883,0.86882,0.0052272,0.0052938,0.045114,0.025071,0.047911,0.041785,0.0064258,0.017147,0.7417,4.1588,0.50941,0,0,0,0,0,0,0,0,0.012552,2.0163,3.0474,0,0,0,0,0,0,0,0,0,0,0.63,0.051074,0,0,0,0,0,0,0,0,0,0,0,0,0,0,0,0,0,0,0,0,0,0,0.34347,0,0,0,0,0,0,0,0,0,0,0,0.088896,0.18865,0.19018,0.0030631,6.6589E-05,0.018312,0.11064,0.014849,0.022873,0.039287,0.019211,0.027435,0.0073914,0.03962,0.012086,0,0,0,0,0,0,0,0,0.00079907,0.00056601,0.43419,0,0,0,0,0,0,0,0,0,0,0.098052,0.092425,0,0,0,0,0,0,0,0,0,0,0,0,0,0,0,0,0,0,0,0,0,0
2,0.32342,0,0,0,0,0,0,0,0,0,0,0,0.038655,6.583,3.0193,0.18219,0.0035958,0,0,3.3294E-05,3.3294E-05,0,0,0,0,0,0,0,0,0,0,0,0,0,0,0,0,0,0,0,0,0,0,0,0,0,0,0,0,0,0,0,0,0,0,0,0,0,0,0,0,0,0,0,0,0,0,0,0,0,0,0,0.34576,0,0,0,0,0,0,0,0,0,0,0,0.38888,35.788,24.72,12.475,3.4712,0.00013318,6.6589E-05,0.0023639,0.0082903,0.0067921,0.0013984,0.0027634,0,0,0,0,0,0,0,0,0,0,0,0,0,0,0,0,0,0,0,0,0,0,0,0,0,0,0,0,0,0,0,0,0,0,0,0,0,0,0,0,0,0,0,0,0,0,0,0,0.21229,0,0,0,0,0,0,0,0,0,0,0,0.027768,2.9111,2.3645,2.4378,1.1227,0,0,0.0055935,0.051973,0.017879,0.0038289,0.0024971,0,0,0,0,0,0,0,0,0,0,0,0,0,0,0,0,0,0,0,0,0,0,0,0,0,0,0,0,0,0,0,0,0,0,0,0,0,0,0,0,0,0,0,0,0,0,0,0,0.077543,0,0,0,0,0,0,0,0,0,0,0,0.0032296,1.4412,0.46626,0.17373,0.023439,0,0,0.00036624,0.0083236,0.0069253,0.0034293,0.0013318,0,0,0,0,0,0,0,0,0,0,0,0,0,0,0,0,0,0,0,0,0,0,0,0,0,0,0,0,0,0,0,0,0,0,0,0,0,0,0,0,0,0,0,0,0,0,0,0,0.26905,0,0,0,0,0,0,0,0,0,0,0,0.0028966,0.12805,0.33351,0.46036,0.059531,0,0,0.0010654,0.0079907,0.010421,0.0024971,0.00023306,0,0,0,0,0,0,0,0,0,0,0,0,0,0,0,0,0,0,0,0,0,0,0,0,0,0,0,0,0,0,0,0,0,0,0,0,0,0,0,0,0,0,0,0,0,0,0,0
2,0,0,0,0,0,0,0,0,0,0,0,0,0,0,0,0,0,0,0,0,0,0,0,0,0,0,0,0,0,0,0,0,0,0,0,0,0,0,0,0,0,0,0,0,0,0,0,0,0,0,0,0,0,0,0,0,0,0,0,0,0,0,0,0,0,0,0,0,0,0,0,0,0,0,0,0,0,0,0,0,0,0,0,0,17.924,0.14793,0,0,0,0,0,0,0,0,0,0,7.4395,0.0010987,0,0,0,0,0,0,0,0,0,0,0,0,0,0,0,0,0,0,0,0,0,0,0,0,0,0,0,0,0,0,0,0,0,0,0,0,0,0,0,0,0,0,0,0,0,0,0,0,0,0,0,0,0,0,0,0,0,0,6.9621,0.50115,0,0,0,0,0,0,0,0,0,0.00099883,49.243,1.894,0,0,0,0,0,0,0,0,0,0,0.94493,0.002264,0,0,0,0,0,0,0,0,0,0,0,0,0,0,0,0,0,0,0,0,0,0,0,0,0,0,0,0,0,0,0,0,0,0,0.001698,0,0,0,0,0,0,0,0,0,0,0,0.47794,0.25074,0.020376,0,0,0,0,0,0,0,0,0.00039953,9.9833,3.0326,0,0,0,0,0,0,0,0,0,0,0.81478,0.031297,0,0,0,0,0,0,0,0,0,0,0,0,0,0,0,0,0,0,0,0,0,0,0,0,0,0,0,0,0,0,0,0,0,0,0,0,0,0,0,0,0,0,0,0,0,0,0.29376,0.017047,0.00053271,0,0,0,0,0,0,0,0,0.015482,0,0,0,0,0,0,0,0,0,0,0,0,0,0,0,0,0,0,0,0,0,0,0,0,0,0,0,0,0,0,0,0,0,0,0,0,0,0,0,0,0,0,0,0,0,0,0,0
2,0,0,0,0,0,0,0,0,0,0,0,0,4.2201,3.6647,0,0,0,0,0,0,0,0,0.00013318,0.0025637,0,0,0,0,0,0,0,0,0,0,0,0,0,0,0,0,0,0,0,0,0,0,0,0,0,0,0,0,0,0,0,0,0,0,0,0,0,0,0,0,0,0,0,0,0,0,0,0,0,0,0,0,0,0,0,0,0,0,0,0,3.8612,5.686,0,0,0,0,0,0,0,0,0.048643,0.16338,3.5833,11.28,0,0,0,0,0,0,0,0,0,0,0,0,0,0,0,0,0,0,0,0,0,0,0,0,0,0,0,0,0,0,0,0,0,0,0,0,0,0,0,0,0,0,0,0,0,0,0.11869,0,0,0,0,0,0,0,0,0,0,0,3.856,1.2911,0.00026636,0,0,0,0,0.0013984,0.012985,0.070518,0.16574,0.38498,5.6878,12.294,0,0,0,0,0,0,0,0,0,0,0.038022,2.2861,0,0,0,0,0,0,0,0,0,0,0,0,0,0,0,0,0,0,0,0,0,0,0,0,0,0,0,0,0,0,0,0,0,0,0.75792,0,0,0,0,0,0,0,0,0,0,0,1.8969,3.1437,0.51636,0.0032296,0,0,0.0097886,0.24468,0.095422,0.089695,0.1403,0.19687,1.0569,17.819,0,0,0,0,0,0,0,0,0,0,6.6589E-05,11.918,0,0,0,0,0,0,0,0,0,0,0,0,0,0,0,0,0,0,0,0,0,0,0,0,0,0,0,0,0,0,0,0,0,0,0.967,0,0,0,0,0,0,0,0,0,0,0,0.036557,0.71323,0.55046,0.039021,0.0017313,0,0.0058598,0.018046,0.0062261,0.0083569,0.0013651,0.024372,0,0.77926,0,0,0,0,0,0,0,0,0,0,0,0.24198,0,0,0,0,0,0,0,0,0,0,0,0,0,0,0,0,0,0,0,0,0,0,0,0,0,0,0,0,0,0,0,0,0,0
2,0,0,0,0,0,0,0,0,0,0,0,0,11.39,0.00013318,0,0,0,0,0,0,0,0,0.0087897,0.0045613,0,0,0,0,0,0,0,0,0,0,0,0,0,0,0,0,0,0,0,0,0,0,0,0,0,0,0,0,0,0,0,0,0,0,0,0,0,0,0,0,0,0,0,0,0,0,0,0,0.00099883,0,0,0,0,0,0,0,0,0,0,0,17.595,0.0084901,0,0,0,0,0,0,0,0.071949,1.6119,4.8172,17.056,0.067288,0,0,0,0,0,0,0,0.01678,0.14686,0.47155,0,0,0,0,0,0,0,0,0,0,0,0,0,0,0,0,0,0,0,0,0,0,0,0,0,0,0,0,0,0,0,0,0,0,0,0,0.019011,0,0,0,0,0,0,0,0,0,0,0,2.2774,0.030398,0,0,0,0,0,0,0.0005993,0.18841,1.4908,1.1172,19.163,0.99927,0,0,0,0,0,0,0,0.039121,0.17586,0.012419,0.42733,0.55009,0,0,0,0,0,0,0,0,0,0,0,0,0,0,0,0,0,0,0,0,0,0,0,0,0,0,0,0,0,0,0,0,0,0,0.030265,0,0,0,0,0,0,0,0,0,0,0,1.1519,0.10271,0,0,0,0,0,0,0.0013651,0.15212,1.2691,0.92332,1.081,9.107,0,0,0,0,0,0,0,0.0090894,0.0027967,0.00026636,0.0084901,0.90651,0,0,0,0,0,0,0,0,0,0,0,0,0,0,0,0,0,0,0,0,0,0,0,0,0,0,0,0,0,0,0,0,0,0,1.1374,0,0,0,0,0,0,0,0,0,0,0,0.23356,0.05104,0.00049942,0,0,0,0,0,0.0011986,0.14143,3.0729,0.77097,0.0055935,0.034327,0,0,0,0,0,0,0,0.0026303,0.00019977,0,0,0.043649,0,0,0,0,0,0,0,0,0,0,0,0,0,0,0,0,0,0,0,0,0,0,0,0,0,0,0,0,0,0,0,0,0,0
2,0.00089895,0,0,0,0,0,0,0,0,0,0,0,0.71164,3.2705,0.17043,0,0,0,0,0,0,0,0.00026636,0.00066589,0,0,0,0,0,0,0,0,0,0,0,0,0,0,0,0,0,0,0,0,0,0,0,0,0,0,0,0,0,0,0,0,0,0,0,0,0,0,0,0,0,0,0,0,0,0,0,0,4.796,0,0,0,0,0,0,0,0,0,0,0,8.5326,31.205,6.4662,1.4105,0.1451,0,0,0,0,0.00086566,0.00053271,0.041285,0.32922,0.020343,0,0,0,0,0,0,0,0,0,0,0,0,0,0,0,0,0,0,0,0,0,0,0,0,0,0,0,0,0,0,0,0,0,0,0,0,0,0,0,0,0,0,0,0,0,0,8.2841,0,0,0,0,0,0,0,0,0,0,0,6.8572,16.706,6.1147,1.861,0.5991,0,0,0,0,9.9883E-05,0.00026636,0.0053271,1.17,0.10781,0.11776,0,0,0,0,0,0,0,0,0,0,0,0,0,0,0,0,0,0,0,0,0,0,0,0,0,0,0,0,0,0,0,0,0,0,0,0,0,0,0,0,0,0,0,0,0,0.003396,0,0,0,0,0,0,0,0,0,0,0,0.046879,0.79437,0.076477,0.087531,0.00093225,0,0,0,0,0,0.00036624,0.00029965,0.0049609,0.00029965,0,0,0,0,0,0,0,0,0,0,0,0,0,0,0,0,0,0,0,0,0,0,0,0,0,0,0,0,0,0,0,0,0,0,0,0,0,0,0,0,0,0,0,0,0,0,0.0025637,0,0,0,0,0,0,0,0,0,0,0,0.0094556,0.035026,0.0094556,0.0020643,0,0,0,0,0,0,0.00053271,0.00026636,0,0,0,0,0,0,0,0,0,0,0,0,0,0,0,0,0,0,0,0,0,0,0,0,0,0,0,0,0,0,0,0,0,0,0,0,0,0,0,0,0,0,0,0,0,0,0,0
2,0,0,0,0,0,0,0,0,0,0,0,0,0,0,0,0,0,0,0,0,0,0,0,0,0,0,0,0,0,0,0,0,0,0,0,0,0,0,0,0,0,0,0,0,0,0,0,0,0,0,0,0,0,0,0,0,0,0,0,0,0,0,0,0,0,0,0,0,0,0,0,0,0,0,0,0,0,0,0,0,0,0,0,0,55.05,0.0019644,0,0,0,0,0,0,0,0.00016647,0.41122,0.63719,0,0,0,0,0,0,0,0,0,0,0,0,0,0,0,0,0,0,0,0,0,0,0,0,0,0,0,0,0,0,0,0,0,0,0,0,0,0,0,0,0,0,0,0,0,0,0,0,0.12599,0,0,0,0,0,0,0,0,0,0,0,18.007,0.035359,0,0,0,0,0,0,0.018645,0.487,4.1479,5.3017,0,0,0,0,0,0,0,0,0,0,0,0,0,0,0,0,0,0,0,0,0,0,0,0,0,0,0,0,0,0,0,0,0,0,0,0,0,0,0,0,0,0,0,0,0,0,0,0,2.7161,0,0,0,0,0,0,0,0,0,0,0,0.80819,0.018911,0,0,0,0,0.0017313,0.20879,1.5504,2.7196,2.4538,0.96015,0,0,0,0,0,0,0,0,0,0,0,0,0,0,0,0,0,0,0,0,0,0,0,0,0,0,0,0,0,0,0,0,0,0,0,0,0,0,0,0,0,0,0,0,0,0,0,0,1.54,0,0,0,0,0,0,0,0,0,0,0,0.011054,0.0027301,0,0,0,0,0.0284,0.56417,1.5394,0.55905,0.057599,0.035425,0,0,0,0,0,0,0,0,0,0,0,0,0,0,0,0,0,0,0,0,0,0,0,0,0,0,0,0,0,0,0,0,0,0,0,0,0,0,0,0,0,0,0,0,0,0,0,0
2,0,0,0,0,0,0,0,0,0,0,0,0,0.21681,0.032029,0,0,0,0,0,0,0,0,0,0,0,0,0,0,0,0,0,0,0,0,0,0,0,0,0,0,0,0,0,0,0,0,0,0,0,0,0,0,0,0,0,0,0,0,0,0,0,0,0,0,0,0,0,0,0,0,0,0,0.00083236,0,0,0,0,0,0,0,0,0,0,0,23.741,2.9099,0,0,0,0,0,0,0,0,0,0.146,0.098418,0,0,0,0,0,0,0,0,0,0,0,0,0,0,0,0,0,0,0,0,0,0,0,0,0,0,0,0,0,0,0,0,0,0,0,0,0,0,0,0,0,0,0,0,0,0,0,0.16664,0,0,0,0,0,0,0,0,0,0,0,45.515,8.4898,0,0,0,0,0,0,0,0,0.034959,2.6714,0.44744,0,0,0,0,0,0,0,0,0,0,0,0,0,0,0,0,0,0,0,0,0,0,0,0,0,0,0,0,0,0,0,0,0,0,0,0,0,0,0,0,0,0,0,0,0,0,0,0.95672,0,0,0,0,0,0,0,0,0,0,0,8.6556,0.8024,0,0,0,0,0,0,0,0,0.15648,2.2923,0,0,0,0,0,0,0,0,0,0,0,0,0,0,0,0,0,0,0,0,0,0,0,0,0,0,0,0,0,0,0,0,0,0,0,0,0,0,0,0,0,0,0,0,0,0,0,0,0.42624,0,0,0,0,0,0,0,0,0,0,0,1.4181,0.041618,0,0,0,0,0,0,0,0,0.027035,0.75379,0,0,0,0,0,0,0,0,0,0,0,0,0,0,0,0,0,0,0,0,0,0,0,0,0,0,0,0,0,0,0,0,0,0,0,0,0,0,0,0,0,0,0,0,0,0,0,0
2,0,0,0,0,0,0,0,0,0,0,0,0,0,0,0,0,0,0,0,0,0,0,0,0,0,0,0,0,0,0,0,0,0,0,0,0,0,0,0,0,0,0,0,0,0,0,0,0,0,0,0,0,0,0,0,0,0,0,0,0,0,0,0,0,0,0,0,0,0,0,0,0,0,0,0,0,0,0,0,0,0,0,0,0,25.392,0,0,0,0,0,0,0,0,0,0.00083236,0.12246,0,0,0,0,0,0,0,0,0,0,0,0,0,0,0,0,0,0,0,0,0,0,0,0,0,0,0,0,0,0,0,0,0,0,0,0,0,0,0,0,0,0,0,0,0,0,0,0,0,0,0,0,0,0,0,0,0,0,0,0,53.086,0,0,0,0,0,0,0,0,0.00013318,0.73781,1.0369,3.9042,0,0,0,0,0,0,0,0,0,0,0,0,0,0,0,0,0,0,0,0,0,0,0,0,0,0,0,0,0,0,0,0,0,0,0,0,0,0,0,0,0,0,0,0,0,0,0,0.01395,0,0,0,0,0,0,0,0,0,0,0,12.75,0.00049942,0,0,0,0,0,0,0,0.0030964,0.58242,0.6305,0.39088,0,0,0,0,0,0,0,0,0,0,0,0,0,0,0,0,0,0,0,0,0,0,0,0,0,0,0,0,0,0,0,0,0,0,0,0,0,0,0,0,0,0,0,0,0,0,0,0.17729,0,0,0,0,0,0,0,0,0,0,0,0.197,0.0032296,0,0,0,0,0,0,0,0.062594,0.67232,0.23559,0,0,0,0,0,0,0,0,0,0,0,0,0,0,0,0,0,0,0,0,0,0,0,0,0,0,0,0,0,0,0,0,0,0,0,0,0,0,0,0,0,0,0,0,0,0,0,0
2,0,0,0,0,0,0,0,0,0,0,0,0,0,0,0,0,0,0,0,0,0,0,0,0,0,0,0,0,0,0,0,0,0,0,0,0,0,0,0,0,0,0,0,0,0,0,0,0,0,0,0,0,0,0,0,0,0,0,0,0,0,0,0,0,0,0,0,0,0,0,0,0,0,0,0,0,0,0,0,0,0,0,0,0,6.2099,0,0,0,0,0,0,0,0,0,0,0.04528,0.00023306,0,0,0,0,0,0,0,0,0,0,0,0,0,0,0,0,0,0,0,0,0,0,0,0,0,0,0,0,0,0,0,0,0,0,0,0,0,0,0,0,0,0,0,0,0,0,0,0.003962,0,0,0,0,0,0,0,0,0,0,0,48.206,0.079274,0,0,0,0,0,0,0.00099883,0.26609,4.2275,16.386,7.1776,0,0,0,0,0,0,0,0,0,0,0,0,0,0,0,0,0,0,0,0,0,0,0,0,0,0,0,0,0,0,0,0,0,0,0,0,0,0,0,0,0,0,0,0,0,0,0,0.16701,0,0,0,0,0,0,0,0,0,0,0,6.4898,0.011254,0,0,0,0,0,0.069852,0.32096,0.75552,0.54969,7.2969,0,0,0,0,0,0,0,0,0,0,0,0,0,0,0,0,0,0,0,0,0,0,0,0,0,0,0,0,0,0,0,0,0,0,0,0,0,0,0,0,0,0,0,0,0,0,0,0,0.80566,0,0,0,0,0,0,0,0,0,0,0,0,0,0,0,0,0,0.0056934,0.37526,0.44828,0.089829,0.01182,0,0,0,0,0,0,0,0,0,0,0,0,0,0,0,0,0,0,0,0,0,0,0,0,0,0,0,0,0,0,0,0,0,0,0,0,0,0,0,0,0,0,0,0,0,0,0,0,0
2,0,0,0,0,0,0,0,0,0,0,0,0,0.095522,0.015948,0,0,0,0,0,0,0,0,0,0,0,0,0,0,0,0,0,0,0,0,0,0,0,0,0,0,0,0,0,0,0,0,0,0,0,0,0,0,0,0,0,0,0,0,0,0,0,0,0,0,0,0,0,0,0,0,0,0,0.010688,0,0,0,0,0,0,0,0,0,0,0,25.977,3.6154,0,0,0,0,0,0,0.0073248,0.10042,0.4031,1.1849,0.017879,0.89702,0,0,0,0,0,0,0,0,0,0,0,0,0,0,0,0,0,0,0,0,0,0,0,0,0,0,0,0,0,0,0,0,0,0,0,0,0,0,0,0,0,0,0,0,0,0,0.74187,0,0,0,0,0,0,0,0,0,0,0,12.051,6.9118,0.059231,0,0,0,0.0010654,0.051007,0.34237,0.57313,1.4048,3.3153,0.1174,11.013,0,0,0,0,0,0,0,0,0,0,0,0,0,0,0,0,0,0,0,0,0,0,0,0,0,0,0,0,0,0,0,0,0,0,0,0,0,0,0,0,0,0,0,0,0,0,3.2622,0,0,0,0,0,0,0,0,0,0,0,3.3131,9.1784,1.3799,0.00013318,0,0.014283,0.19677,0.43013,0.80669,0.64984,0.52592,2.1404,0.0024305,6.8717,0.098818,0,0,0,0,0,0,0,0,0,0,0,0,0,0,0,0,0,0,0,0,0,0,0,0,0,0,0,0,0,0,0,0,0,0,0,0,0,0,0,0,0,0,0,0,0,0.51493,0,0,0,0,0,0,0,0,0,0,0,0.013051,0.056234,0.0095555,0,0,0.0017979,0.098452,0.94393,0.31586,0.15239,0.067155,0.047811,0,0,0,0,0,0,0,0,0,0,0,0,0,0,0,0,0,0,0,0,0,0,0,0,0,0,0,0,0,0,0,0,0,0,0,0,0,0,0,0,0,0,0,0,0,0,0,0
2,0,0,0,0,0,0,0,0,0,0,0,0,0.16144,0,0,0,0,0,0,0,0,0,0,0,0,0,0,0,0,0,0,0,0,0,0,0,0,0,0,0,0,0,0,0,0,0,0,0,0,0,0,0,0,0,0,0,0,0,0,0,0,0,0,0,0,0,0,0,0,0,0,0,0,0,0,0,0,0,0,0,0,0,0,0,21.885,1.5228,0,0,0,0,0,0,0,0,0.13601,0.15166,7.0872,0.78751,0,0,0,0,0,0,0,0,0,0,0,0,0,0,0,0,0,0,0,0,0,0,0,0,0,0,0,0,0,0,0,0,0,0,0,0,0,0,0,0,0,0,0,0,0,0,0.016015,0,0,0,0,0,0,0,0,0,0,0,4.4624,0.58838,0,0,0,0,0,0,0.0011653,0.026369,0.23612,0.47028,21.114,4.0856,0,0,0,0,0,0,0,0,0,0,0,0,0,0,0,0,0,0,0,0,0,0,0,0,0,0,0,0,0,0,0,0,0,0,0,0,0,0,0,0,0,0,0,0,0,0,0.20196,0,0,0,0,0,0,0,0,0,0,0,7.193,0.69279,0,0,0,0.00023306,0.062827,0.040386,0.094357,0.11523,0.19307,0.28157,14.378,11.917,0,0,0,0,0,0,0,0,0,0,0,0,0,0,0,0,0,0,0,0,0,0,0,0,0,0,0,0,0,0,0,0,0,0,0,0,0,0,0,0,0,0,0,0,0,0,0.39377,0,0,0,0,0,0,0,0,0,0,0,0.71347,0.078342,6.6589E-05,0,0,0.012552,0.073414,0.56361,0.043216,0.014716,0.031763,0.13707,0.033328,0.0019644,0,0,0,0,0,0,0,0,0,0,0,0,0,0,0,0,0,0,0,0,0,0,0,0,0,0,0,0,0,0,0,0,0,0,0,0,0,0,0,0,0,0,0,0,0,0
2,0.74783,0,0,0,0,0,0,0,0,0,0,0,0.79121,2.4043,0.087132,0.0061595,0.10388,0.33288,0.00099883,0,0,0,0,0,0,0,0,0,0,0,0,0,0,0,0,0,0,0,0,0,0,0,0,0,0,0,0,0,0,0,0,0,0,0,0,0,0,0,0,0,0,0,0,0,0,0,0,0,0,0,0,0,0.48107,0,0,0,0,0,0,0,0,0,0,0,11.328,0.86196,0.07671,0.030598,0.26809,7.6249,0.78189,0,0,0,0,0.0028633,0,0,0,0,0,0,0,0,0,0,0,0,0,0,0,0,0,0,0,0,0,0,0,0,0,0,0,0,0,0,0,0,0,0,0,0,0,0,0,0,0,0,0,0,0,0,0,0,1.5492,0,0,0,0,0,0,0,0,0,0,0,54.41,2.4145,0.32865,0.055402,0.061495,1.9761,0.70122,0,0,0,0,0.08893,0,0,0,0,0,0,0,0,0,0,0,0,0,0,0,0,0,0,0,0,0,0,0,0,0,0,0,0,0,0,0,0,0,0,0,0,0,0,0,0,0,0,0,0,0,0,0,0,1.8615,0,0,0,0,0,0,0,0,0,0,0,7.6647,1.6092,0.16184,0.061661,0.1435,0.78192,0.024838,0,0,0,0,0.027768,0,0,0,0,0,0,0,0,0,0,0,0,0,0,0,0,0,0,0,0,0,0,0,0,0,0,0,0,0,0,0,0,0,0,0,0,0,0,0,0,0,0,0,0,0,0,0,0,0.014516,0,0,0,0,0,0,0,0,0,0,0,0.06266,0.019078,0.00093225,0.0016314,0.00093225,0.013085,0,0,0,0,0.00049942,0.033761,0,0,0,0,0,0,0,0,0,0,0,0,0,0,0,0,0,0,0,0,0,0,0,0,0,0,0,0,0,0,0,0,0,0,0,0,0,0,0,0,0,0,0,0,0,0,0,0
2,0,0,0,0,0,0,0,0,0,0,0,0,0.70012,0.04608,0,0,0,0,0,0,0,0,0,0,0,0,0,0,0,0,0,0,0,0,0,0,0,0,0,0,0,0,0,0,0,0,0,0,0,0,0,0,0,0,0,0,0,0,0,0,0,0,0,0,0,0,0,0,0,0,0,0,0.0057932,0,0,0,0,0,0,0,0,0,0,0,16.127,11.187,0,0,0,0,0,0,0.0005993,0.052738,0.44914,0.38066,0.43116,0.36328,0,0,0,0,0,0,0,0,0,0,0,0,0,0,0,0,0,0,0,0,0,0,0,0,0,0,0,0,0,0,0,0,0,0,0,0,0,0,0,0,0,0,0,0,0,0,0.4858,0,0,0,0,0,0,0,0,0,0,0,3.0669,24.338,0.00089895,0,0,0,0,0,0.04608,0.30548,0.30891,0.26935,3.0892,16.838,0,0,0,0,0,0,0,0,0,0,0,0,0,0,0,0,0,0,0,0,0,0,0,0,0,0,0,0,0,0,0,0,0,0,0,0,0,0,0,0,0,0,0,0,0,0,0.26659,0,0,0,0,0,0,0,0,0,0,0,1.4074,3.171,0.013717,0,0,0,0,0,0.14237,0.15628,0.26429,0.38512,0.84505,13.167,0,0,0,0,0,0,0,0,0,0,0,0,0,0,0,0,0,0,0,0,0,0,0,0,0,0,0,0,0,0,0,0,0,0,0,0,0,0,0,0,0,0,0,0,0,0,0.97676,0,0,0,0,0,0,0,0,0,0,0,0.14177,0.076611,9.9883E-05,0,0,0,0,0.0048277,0.10727,0.17446,0.13994,0.063859,0,0.0035625,0,0,0,0,0,0,0,0,0,0,0,0,0,0,0,0,0,0,0,0,0,0,0,0,0,0,0,0,0,0,0,0,0,0,0,0,0,0,0,0,0,0,0,0,0,0
2,2.5047,0,0,0,0,0,0,0,0,0,0,0,0.10072,9.0027,0.90168,0.0076244,0.00039953,0.012485,0.00013318,0,0,0,0,0,0,0,0,0,0,0,0,0,0,0,0,0,0,0,0,0,0,0,0,0,0,0,0,0,0,0,0,0,0,0,0,0,0,0,0,0,0,0,0,0,0,0,0,0,0,0,0,0,0.024804,0,0,0,0,0,0,0,0,0,0,0,1.1024,16.167,9.4737,0.75562,0.04002,0.026735,0.0022307,0,0,0,0,0.0030631,0,0,0,0,0,0,0,0,0,0,0,0,0,0,0,0,0,0,0,0,0,0,0,0,0,0,0,0,0,0,0,0,0,0,0,0,0,0,0,0,0,0,0,0,0,0,0,0,0.1754,0,0,0,0,0,0,0,0,0,0,0,6.0491,14.591,13.08,6.29,3.4921,3.473,1.1067,0.0025304,0,0,0,0.23965,0,0.00066589,0,0,0,0,0,0,0,0,0,0,0,0,0,0,0,0,0,0,0,0,0,0,0,0,0,0,0,0,0,0,0,0,0,0,0,0,0,0,0,0,0,0,0,0,0,0,0.062061,0,0,0,0,0,0,0,0,0,0,0,0.1117,0.35545,0.41295,1.3538,3.7781,3.7788,1.1451,0.011786,0,0,0,0.0018645,0,0,0,0,0,0,0,0,0,0,0,0,0,0,0,0,0,0,0,0,0,0,0,0,0,0,0,0,0,0,0,0,0,0,0,0,0,0,0,0,0,0,0,0,0,0,0,0,0,0,0,0,0,0,0,0,0,0,0,0,0,0,0,0.00029965,0.0083236,0.072282,0.28144,3.3294E-05,0,0,0,0.00029965,0,0,0,0,0,0,0,0,0,0,0,0,0,0,0,0,0,0,0,0,0,0,0,0,0,0,0,0,0,0,0,0,0,0,0,0,0,0,0,0,0,0,0,0,0,0,0,0
2,0,0,0,0,0,0,0,0,0,0,0,0,0,0,0,0,0,0,0,0,0,0,0,0,0,0,0,0,0,0,0,0,0,0,0,0,0,0,0,0,0,0,0,0,0,0,0,0,0,0,0,0,0,0,0,0,0,0,0,0,0,0,0,0,0,0,0,0,0,0,0,0,0,0,0,0,0,0,0,0,0,0,0,0,34.737,2.0323,0,0,0,0,0,0,0,0,0,0,1.5093,0.14436,0,0,0,0,0,0,0,0,0,0,0,0,0,0,0,0,0,0,0,0,0,0,0,0,0,0,0,0,0,0,0,0,0,0,0,0,0,0,0,0,0,0,0,0,0,0,0.024338,0,0,0,0,0,0,0,0,0,0,0,6.2419,1.488,0,0,0,0,0,0,0,0,0.0030964,0.046979,17.659,31.045,0,0,0,0,0,0,0,0,0,0,0,0,0,0,0,0,0,0,0,0,0,0,0,0,0,0,0,0,0,0,0,0,0,0,0,0,0,0,0,0,0,0,0,0,0,0,0.16105,0,0,0,0,0,0,0,0,0,0,0,0.29029,0.15166,0,0,0,0,0,0,0,0,0.0015981,0.01405,0.0080906,4.4,0,0,0,0,0,0,0,0,0,0,0,0,0,0,0,0,0,0,0,0,0,0,0,0,0,0,0,0,0,0,0,0,0,0,0,0,0,0,0,0,0,0,0,0,0,0,0.033095,0,0,0,0,0,0,0,0,0,0,0,0.0032629,0.0050275,0,0,0,0,0,0,0,0,0,0,0,0,0,0,0,0,0,0,0,0,0,0,0,0,0,0,0,0,0,0,0,0,0,0,0,0,0,0,0,0,0,0,0,0,0,0,0,0,0,0,0,0,0,0,0,0,0,0
2,0,0,0,0,0,0,0,0,0,0,0,0,0.13304,0.18259,0,0,0,0,0,0,0,0,0,0,0,0,0,0,0,0,0,0,0,0,0,0,0,0,0,0,0,0,0,0,0,0,0,0,0,0,0,0,0,0,0,0,0,0,0,0,0,0,0,0,0,0,0,0,0,0,0,0,0,0,0,0,0,0,0,0,0,0,0,0,1.8883,12.063,0,0,0,0,0,0,0,0,0.00069918,0.035492,0.24661,1.3444,0,0,0,0,0,0,0,0,0,0,0,0,0,0,0,0,0,0,0,0,0,0,0,0,0,0,0,0,0,0,0,0,0,0,0,0,0,0,0,0,0,0,0,0,0,0,0.030564,0,0,0,0,0,0,0,0,0,0,0,4.4307,13.943,0.0030298,0.00019977,0,0,0.00039953,0,0.00066589,0.01122,0.12955,0.15192,4.8396,24.921,0,0,0,0,0,0,0,0,0,0,0,0,0,0,0,0,0,0,0,0,0,0,0,0,0,0,0,0,0,0,0,0,0,0,0,0,0,0,0,0,0,0,0,0,0,0,0.50035,0,0,0,0,0,0,0,0,0,0,0,2.0542,6.6802,0.19178,0.0062261,0,0.0018312,0.025637,0.053171,0.035958,0.038189,0.050608,0.083636,0.18688,24.126,0.0031963,0,0,0,0,0,0,0,0,0,0,0,0,0,0,0,0,0,0,0,0,0,0,0,0,0,0,0,0,0,0,0,0,0,0,0,0,0,0,0,0,0,0,0,0,0,0.94992,0,0,0,0,0,0,0,0,0,0,0,0.15249,0.27335,0.018478,0,0,0,0,0.10661,0.06589,0.017846,0.00013318,0.0033294,3.3294E-05,0.017679,0,0,0,0,0,0,0,0,0,0,0,0,0,0,0,0,0,0,0,0,0,0,0,0,0,0,0,0,0,0,0,0,0,0,0,0,0,0,0,0,0,0,0,0,0,0
