1,0,0,0,0,0,0,0,0,0,0,0,0,0,0,0,0,0,0,0,0,0,0,0,0,0,0,0,0,0,0,0,0,0,0,0,0,0,0,0,0,0,0,0,0,0,0,0,0,0,0,0,0,0,0,0,0,0,0,0,0,0,0,0,0,0,0,0,0,0,0,0,0,0,0,0,0,0,0,0,0,0,0,0,0,0,0,0,0,0,0,0,0,0,0,0,0,0,0,0,0,0,0,0,0,0,0,0,0,0,0,0,0,0,0,0,0,0,0,0,0,0,0,0,0,0,0,0,0,0,0,0,0,0,0,0,0,0,0,0,0,0,0,0,0,9.8175,0.0052938,0,0,0,0,0,0,0,0,0,0,0,0,0,0,0,0,0,0,0,0,0,23.993,1.6507,0,0,0,0,0,0,0,0,0,0,0,0,0,0,0,0,0,0,0,0,0,0,0.00069918,0,0,0,0,0,0,0,0,0,0,0,0,0,0,0,0,0,0,0,0,0,0,0,0,0,0,0,0,0,0,0,0,0,0,0,0,0,0,0,0,0,0,0,0,0,0,0,0,2.3127,0,0,0,0,0,0,0,0,0,0,0,0,0,0,0,0,0,0,0,0,0,0,0,4.5425,0.087631,0.29389,0.13697,0.0028633,0,0,0,0,0,0,0,0,0.011953,0.06256,0.58445,0.78066,0.42187,0.23709,0.28131,0.64188,2.1404,1.1011,50.323,0.052239,0,0,0,0,0,0,0,0,0,0,0,0,0,0,0,0,0,0,0,0,0,0,6.6589e-05,0,0,0,0,0,0,0,0,0,0,0,0,0,0,0,0,0,0,0,0,0,0,0,0,0,0,0,0,0,0,0,0,0,0,0,0,0,0,0,0,0,0,0,0,0,0,0,0,0.094523,0,0,0,0,0,0,0,0,0,0,0,0,0,0,0,0,0,0,0,0,0,0,0,0.0046612,0,0,0,0,0,0,0,0,0,0,0,0,0.0018312,0.058399,0.19291,0.12895,0.025137,0.0064591,0.00076577,0,0,0,0.0036957,0,0,0,0,0,0,0,0,0,0,0,0,0,0,0,0,0,0,0,0,0,0,0,0,0,0,0,0,0,0,0,0,0,0,0,0,0,0,0,0,0,0,0,0,0,0,0,0,0,0,0,0,0,0,0,0,0,0,0,0,0,0,0,0,0,0,0,0,0,0,0,0
1,6.6589e-05,0,0,0,0,0,0,0,0,0,0,0,0,0,0,0,0,0,0,0,0,0,0,0,8.4496,0.0014983,0,0,0,0,0,0,0,0,0,0,0,0,0,0,0,0.00046612,0.0014317,0.00016647,0.010421,0.011986,0.0055602,2.9978,0,0,0,0,0,0,0,0,0,0,0,0,0,0,0,0,0,0,0,0,0,0,0,0,0,0,0,0,0,0,0,0,0,0,0,0,0,0,0,0,0,0,0,0,0,0,0,0,0,0,0,0,0,0,0,0,0,0,0,0,0,0,0,0,0,0,0,0,0,0,0,0,0.036258,0,0,0,0,0,0,0,0,0,0,0,0,0,0,0,0,0,0,0,0,0,0,0,47.76,1.3591,0,0,0,0,0,0,0,0,0,0,0,0,0,0,0,0.0056268,0.025204,0.097686,0.4268,1.1924,1.6975,12.668,8.1136,0.0016647,0,0,0,0,0,0,0,0,0,0,0,0,0,0,0,0,0,0,0,0,0.03143,0.049842,0,0,0,0,0,0,0,0,0,0,0,0,0,0,0,0,0,0,0,0,0,0,0,0,0,0,0,0,0,0,0,0,0,0,0,0,0,0,0,0,0,0,0,0,0,0,0,0,0.17013,0,0,0,0,0,0,0,0,0,0,0,0,0,0,0,0,0,0,0,0,0,0,0,5.0196,1.3023,0.10947,0.00033294,0,0,0,0,0,0,0,0,0,0,0,0,0,0.010488,0.037889,0.09459,0.19344,0.34836,0.4304,1.285,2.1742,0.086199,0,0,0,0,0,0,0,0,0,0,0,0,0,0,0,0,0,0,0,0,0.0006326,0.038755,0,0,0,0,0,0,0,0,0,0,0,0,0,0,0,0,0,0,0,0,0,0,0,0,0,0,0,0,0,0,0,0,0,0,0,0,0,0,0,0,0,0,0,0,0,0,0,0,1.4952,0,0,0,0,0,0,0,0,0,0,0,0,0,0,0,0,0,0,0,0,0,0,0,0.14726,0.038588,0.0036624,0.00039953,0,0,0,0,0,0,0,0,0,0,0,0,0,0.01112,0.045514,0.13498,0.89992,0.58522,0.22374,0.1678,0.0014317,0,0,0,0,0,0,0,0,0,0,0,0,0,0,0,0,0,0,0,0,0,0,0,0,0,0,0,0,0,0,0,0,0,0,0,0,0,0,0,0,0,0,0,0,0,0,0,0,0,0,0,0,0,0,0,0,0,0,0,0,0,0,0,0,0,0,0,0,0,0,0
1,0,0,0,0,0,0,0,0,0,0,0,0,0,0,0,0,0,0,0,0,0,0,0,0,1.1398,0.00039953,0,0,0,0,0,0,0,0,0,0,0,0,0,0,0,0,0,0,0,0.00093225,0.0015981,0.0090894,0,0,0,0,0,0,0,0,0,0,0,0,0,0,0,0,0,0,0,0,0,0,0,0,0,0,0,0,0,0,0,0,0,0,0,0,0,0,0,0,0,0,0,0,0,0,0,0,0,0,0,0,0,0,0,0,0,0,0,0,0,0,0,0,0,0,0,0,0,0,0,0,0,0,0,0,0,0,0,0,0,0,0,0,0,0,0,0,0,0,0,0,0,0,0,0,37.345,0.0079574,0,0,0,0,0,0,0,0,0,0,0,0,0,0,0,0,0,0,0,0.0085567,0.092392,12.102,9.7805,0,0,0,0,0,0,0,0,0,0,0,0,0,0,0,0,0,0,0,0,0,0,0.29236,0,0,0,0,0,0,0,0,0,0,0,0,0,0,0,0,0,0,0,0,0,0,0,0,0,0,0,0,0,0,0,0,0,0,0,0,0,0,0,0,0,0,0,0,0,0,0,0,0,0,0,0,0,0,0,0,0,0,0,0,0,0,0,0,0,0,0,0,0,0,0,0,14.01,0.020476,3.3294e-05,0,0,0,0,0,0,0,0,0,0,0,0,0,0,0,0,0,0.00039953,0.012053,0.25926,12.795,7.3224,0,0,0,0,0,0,0,0,0,0,0,0,0,0,0,0,0,0,0,0,0,0.011154,0.171,0,0,0,0,0,0,0,0,0,0,0,0,0,0,0,0,0,0,0,0,0,0,0,0,0,0,0,0,0,0,0,0,0,0,0,0,0,0,0,0,0,0,0,0,0,0,0,0,0.03739,0,0,0,0,0,0,0,0,0,0,0,0,0,0,0,0,0,0,0,0,0,0,0,1.7714,0.16954,0.039587,0.011287,0.001132,0,0,0,0,0,0,0,0,0,0,0,0,0,0,3.3294e-05,0.0050275,0.068487,0.24904,2.0456,0.19454,0,0,0,0,0,0,0,0,0,0,0,0,0,0,0,0,0,0,0,0,0,3.3294e-05,0.023073,0,0,0,0,0,0,0,0,0,0,0,0,0,0,0,0,0,0,0,0,0,0,0,0,0,0,0,0,0,0,0,0,0,0,0,0,0,0,0,0,0,0,0,0,0,0,0,0
1,9.9883e-05,0,0,0,0,0,0,0,0,0,0,0,0,0,0,0,0,0,0,0,0,0,0,0,0.00043283,0,0,0,0,0,0,0,0,0,0,0,0,0,0,0,0,0,6.6589e-05,0.00039953,0.0012985,0.001132,0.0028966,0.0035625,0,0,0,0,0,0,0,0,0,0,0,0,0,0,0,0,0,0,0,0,0,0,0,0,0,0,0,0,0,0,0,0,0,0,0,0,0,0,0,0,0,0,0,0,0,0,0,0,0,0,0,0,0,0,0,0,0,0,0,0,0,0,0,0,0,0,0,0,0,0,0,0,0.0036624,0,0,0,0,0,0,0,0,0,0,0,0,0,0,0,0,0,0,0,0,0,0,0,5.0595,0.0078908,0.00056601,0,0,0,0,0,0,0,0,0,0,0,0,0,0,0.001132,0.022907,0.06872,0.14486,0.39324,1.4532,8.9104,21.421,0,0,0,0,0,0,0,0,0,0,0,0,0,0,0,0,0,0,0,0.0033294,0.023672,0.41169,11.314,0,0,0,0,0,0,0,0,0,0,0,0,0,0,0,0,0,0,0,0,0,0,0,0,0,0,0,0,0,0,0,0,0,0,0,0,0,0,0,0,0,0,0,0,0,0,0,0,0.013085,0,0,0,0,0,0,0,0,0,0,0,0,0,0,0,0,0,0,0,0,0,0,0,3.1917,0.36221,0.0091893,0,0,0,0,0,0,0,0,0,0,0,0,0,0,0.001132,0.012352,0.049542,0.092559,0.34593,1.5909,12.336,21.15,0,0,0,0,0,0,0,0,0,0,0,0,0,0,0,0,0,0,0,0.001132,0.0063592,0.37396,7.8103,0,0,0,0,0,0,0,0,0,0,0,0,0,0,0,0,0,0,0,0,0,0,0,0,0,0,0,0,0,0,0,0,0,0,0,0,0,0,0,0,0,0,0,0,0,0,0,0,0.63609,0,0,0,0,0,0,0,0,0,0,0,0,0,0,0,0,0,0,0,0,0,0,0,0.12066,0.15192,0.05417,0.028833,0.0052605,0,0,0,0,0,0,0,0,0,0,0,3.3294e-05,0.0006326,0.0099218,0.065057,0.82534,0.66949,0.48433,0.27218,0.031963,0,0,0,0,0,0,0,0,0,0,0,0,0,0,0,0,0,0,0,0.00046612,0.0016647,0.0079574,0.038289,0,0,0,0,0,0,0,0,0,0,0,0,0,0,0,0,0,0,0,0,0,0,0,0,0,0,0,0,0,0,0,0,0,0,0,0,0,0,0,0,0,0,0,0,0,0,0,0
1,0.002264,0,0,0,0,0,0,0,0,0,0,0,0,0,0,0,0,0,0,0,0,0,0,0,18.452,2.0726,0,0,0,0,0,0,0,0,0,0,0,0,0,0.00023306,0.00053271,0.0016314,0.0014317,9.9883e-05,0.0012652,0.0024305,0.0023306,0.0036624,0,0,0,0,0,0,0,0,0,0,0,0,0,0,0,0,0,0,0,0,0,0,0,0,0,0,0,0,0,0,0,0,0,0,0,0,0,0,0,0,0,0,0,0,0,0,0,0,0,0,0,0,0,0,0,0,0,0,0,0,0,0,0,0,0,0,0,0,0,0,0,0,0.1111,0,0,0,0,0,0,0,0,0,0,0,0,0,0,0,0,0,0,0,0,0,0,0,29.562,1.5969,0.0075578,0.0011986,0,0,0,0,0,0,0,0,0,0,0,0.019777,0.0853,0.073481,0.015182,0.0090228,0.022907,0.097686,0.27198,0.80263,7.7691,3.4675,0,0,0,0,0,0,0,0,0,0,0,0,0,0,0,0,0,0,0,0,0,0,0,0,0,0,0,0,0,0,0,0,0,0,0,0,0,0,0,0,0,0,0,0,0,0,0,0,0,0,0,0,0,0,0,0,0,0,0,0,0,0,0,0,0,0,0,0,0,0,0.15675,0,0,0,0,0,0,0,0,0,0,0,0,0,0,0,0,0,0,0,0,0,0,0,2.7489,0.90694,0.001132,0.0045946,9.9883e-05,0,0,0,0,0,0,0,0,0,0.00013318,0.038289,0.1141,0.082537,0.034793,0.0081239,0.01425,0.078508,0.1729,0.3718,4.3761,23.686,0,0,0,0,0,0,0,0,0,0,0,0,0,0,0,0,0,0,0,0,0,0.0015648,0,0,0,0,0,0,0,0,0,0,0,0,0,0,0,0,0,0,0,0,0,0,0,0,0,0,0,0,0,0,0,0,0,0,0,0,0,0,0,0,0,0,0,0,0,0,0,0,0.51187,0,0,0,0,0,0,0,0,0,0,0,0,0,0,0,0,0,0,0,0,0,0,0,0.75728,0.38725,0.051773,0.0055602,0.00016647,3.3294e-05,0,0,0,0,0,0,0,6.6589e-05,0.0022307,0.08297,0.17803,0.072981,0.033594,0.01182,0.021874,0.10185,0.13358,0.22098,0.064258,0.11057,0,0,0,0,0,0,0,0,0,0,0,0,0,0,0,0,0,0,0,0,0,0.00016647,0,0,0,0,0,0,0,0,0,0,0,0,0,0,0,0,0,0,0,0,0,0,0,0,0,0,0,0,0,0,0,0,0,0,0,0,0,0,0,0,0,0,0,0,0,0,0,0
1,0,0,0,0,0,0,0,0,0,0,0,0,0,0,0,0,0,0,0,0,0,0,0,0,21.634,1.2586,0,0,0,0,0,0,0,0,0,0,0,0,0,0,0,0,0,0.00069918,0.0045946,0.0081239,0.094889,0.043649,0,0,0,0,0,0,0,0,0,0,0,0,0,0,0,0,0,0,0,0,0,0,0,0,0,0,0,0,0,0,0,0,0,0,0,0,0,0,0,0,0,0,0,0,0,0,0,0,0,0,0,0,0,0,0,0,0,0,0,0,0,0,0,0,0,0,0,0,0,0,0,0,0,0,0,0,0,0,0,0,0,0,0,0,0,0,0,0,0,0,0,0,0,0,0,0,9.0832,2.1416,0.67235,0.052539,0.048244,0,0,0,0,0,0,0,0,0,0,0,0,0,0,0.00066589,0.0025637,0.059497,1.0047,0.97846,17.007,7.492,1.8691,0,0,0,0,0,0,0,0,0,0,0,0,0,0,0,0,0,0,6.6589e-05,0.0057599,0.024039,0,0,0,0,0,0,0,0,0,0,0,0,0,0,0,0,0,0,0,0,0,0,0,0,0,0,0,0,0,0,0,0,0,0,0,0,0,0,0,0,0,0,0,0,0,0,0,0,0.00026636,0,0,0,0,0,0,0,0,0,0,0,0,0,0,0,0,0,0,0,0,0,0,0,0.40666,0.2324,0.60489,0.57273,1.4718,0.01415,0,0,0,0,0,0,0,0,0,0,0,0,0,0.00056601,0.0088896,0.076211,0.29502,0.22507,4.1859,25.277,0.96484,0.0024305,0,0,0,0,0,0,0,0,0,0,0,0,0,0,0,0,0,0,0.018678,0.089895,0.1101,0.32019,0,0,0,0,0,0,0,0,0,0,0,0,0,0,0,0,0,0,0,0,0,0,0,0,0,0,0,0,0,0,0,0,0,0,0,0,0,0,0,0,0,0,0,0,0,0,0.04558,0,0,0,0,0,0,0,0,0,0,0,0,0,0,0,0,0,0,0,0,0,0,0,0.11756,0.041984,0.012952,0.00079907,0.035991,0.00019977,0,0,0,0,0,0,0,0,0,0,0,0,0,0.0031963,0.15236,0.23256,0.28946,0.15239,0.035958,0.45171,0.037589,0,0,0,0,0,0,0,0,0,0,0,0,0,0,0,0,0,0,0,0.00036624,0.0029632,0,0.022973,0,0,0,0,0,0,0,0,0,0,0,0,0,0,0,0,0,0,0,0,0,0,0,0,0,0,0,0,0,0,0,0,0,0,0,0,0,0,0,0,0,0,0,0,0,0
1,0,0,0,0,0,0,0,0,0,0,0,0,0,0,0,0,0,0,0,0,0,0,0,0,0.63309,0,0,0,0,0,0,0,0,0,0,0,0,0,0,0,0,0,0,0,0.0087232,0.023339,0.17077,0.38575,0,0,0,0,0,0,0,0,0,0,0,0,0,0,0,0,0,0,0,0,0,0,0,0,0,0,0,0,0,0,0,0,0,0,0,0,0,0,0,0,0,0,0,0,0,0,0,0,0,0,0,0,0,0,0,0,0,0,0,0,0,0,0,0,0,0,0,0,0,0,0,0,0.004295,0,0,0,0,0,0,0,0,0,0,0,0,0,0,0,0,0,0,0,0,0,0,0,5.8076,0,0,0,0,0,0,0,0,0,0,0,0,0.00016647,0.0015981,0.0016647,0.0045613,0.011287,0.086865,0.20469,0.15775,0.23506,2.1579,42.183,8.0225,0,0,0,0,0,0,0,0,0,0,0,0,0,0,0,0,0,0,0,0,0,0.0070251,8.9287,0,0,0,0,0,0,0,0,0,0,0,0,0,0,0,0,0,0,0,0,0,0,0,0,0,0,0,0,0,0,0,0,0,0,0,0,0,0,0,0,0,0,0,0,0,0,0,0,0.15395,0,0,0,0,0,0,0,0,0,0,0,0,0,0,0,0,0,0,0,0,0,0,0,2.41,0.033561,0.007125,0.0039953,0,0,0,0,0,0.00066589,0.0069918,0.0010654,0.0023306,0.058731,0.074646,0.057366,0.067721,0.088097,0.069719,0.048077,0.04841,0.44744,1.4656,8.8997,15.085,0,0,0,0,0,0,0,0,0,0,0,0,0,0,0,0,0,0,0,0,0,0.001132,1.1733,0,0,0,0,0,0,0,0,0,0,0,0,0,0,0,0,0,0,0,0,0,0,0,0,0,0,0,0,0,0,0,0,0,0,0,0,0,0,0,0,0,0,0,0,0,0,0,0,0.039221,0,0,0,0,0,0,0,0,0,0,0,0,0,0,0,0,0,0,0,0,0,0,0,0.02254,0.0043283,0.00096554,0,0,0,0,0,0,0,0.00069918,0.00086566,0.050541,0.32675,0.092925,0.054137,0.036291,0.031663,0.011886,0.0060929,0.004861,0.01971,0.035825,0.01971,0,0,0,0,0,0,0,0,0,0,0,0,0,0,0,0,0,0,0,0,0,0,0,0.00013318,0,0,0,0,0,0,0,0,0,0,0,0,0,0,0,0,0,0,0,0,0,0,0,0,0,0,0,0,0,0,0,0,0,0,0,0,0,0,0,0,0,0,0,0,0,0,0,0
1,0,0,0,0,0,0,0,0,0,0,0,0,0,0,0,0,0,0,0,0,0,0,0,0,5.7591,0,0,0,0,0,0,0,0,0,0,0,0,0,0,0,0,0,0,0,0,0,0.00026636,0.98242,0,0,0,0,0,0,0,0,0,0,0,0,0,0,0,0,0,0,0,0,0,0,0,0,0,0,0,0,0,0,0,0,0,0,0,0,0,0,0,0,0,0,0,0,0,0,0,0,0,0,0,0,0,0,0,0,0,0,0,0,0,0,0,0,0,0,0,0,0,0,0,0,0.016581,0,0,0,0,0,0,0,0,0,0,0,0,0,0,0,0,0,0,0,0,0,0,0,12.887,0.0086566,0.35242,0.053005,0,0,0,0,0,0,0,0,0,0,0,0.00093225,0.083835,0.082371,0.12332,0.39531,0.77353,1.0595,1.5253,7.8504,24.285,0,0,0,0,0,0,0,0,0,0,0,0,0,0,0,0,0,0,0,0,0.0047944,0.13807,3.5006,0,0,0,0,0,0,0,0,0,0,0,0,0,0,0,0,0,0,0,0,0,0,0,0,0,0,0,0,0,0,0,0,0,0,0,0,0,0,0,0,0,0,0,0,0,0,0,0,0.34317,0,0,0,0,0,0,0,0,0,0,0,0,0,0,0,0,0,0,0,0,0,0,0,2.8426,0.47981,1.0448,0.80489,0.4552,0.52079,0.65507,0.27798,0.073647,0.029632,0.012053,0.024471,0.0029632,0.017446,0.046246,0.53544,0.76021,0.66209,0.55712,0.73404,0.7701,0.80449,0.83759,2.5704,8.2507,0,0,0,0,0,0,0,0,0,0,0,0,0,0,0,0,0,0,0,0,0.023772,0.062694,1.1458,0,0,0,0,0,0,0,0,0,0,0,0,0,0,0,0,0,0,0,0,0,0,0,0,0,0,0,0,0,0,0,0,0,0,0,0,0,0,0,0,0,0,0,0,0,0,0,0,0.10931,0,0,0,0,0,0,0,0,0,0,0,0,0,0,0,0,0,0,0,0,0,0,0,0,0,0,0,0,0.00093225,0.38415,1.43,1.3768,0.51786,0.093591,0.06559,0.18801,0.59517,3.4069,4.2574,1.592,0.36964,0.17756,0.1149,0.047045,0.031164,0.014383,0.00066589,0,0,0,0,0,0,0,0,0,0,0,0,0,0,0,0,0,0,0,0,0,0,0,0,0,0,0,0,0,0,0,0,0,0,0,0,0,0,0,0,0,0,0,0,0,0,0,0,0,0,0,0,0,0,0,0,0,0,0,0,0,0,0,0,0,0,0,0,0,0,0,0
1,0,0,0,0,0,0,0,0,0,0,0,0,0,0,0,0,0,0,0,0,0,0,0,0,0,0,0,0,0,0,0,0,0,0,0,0,0,0,0,0,0,0,0,0,0,0,0,0,0,0,0,0,0,0,0,0,0,0,0,0,0,0,0,0,0,0,0,0,0,0,0,0,0,0,0,0,0,0,0,0,0,0,0,0,0,0,0,0,0,0,0,0,0,0,0,0,0,0,0,0,0,0,0,0,0,0,0,0,0,0,0,0,0,0,0,0,0,0,0,0,0,0,0,0,0,0,0,0,0,0,0,0,0,0,0,0,0,0,0,0,0,0,0,0,32.859,0.44445,0.09106,0.050807,0.011753,0,0,0,0,0,0,0,0,0,0,0,0,0,0,0,0,0.0054603,0.034193,7.2529,21.314,0,0,0,0,0,0,0,0,0,0,0,0,0,0,0,0,0,0,0,0,0,0.00099883,0.81821,0,0,0,0,0,0,0,0,0,0,0,0,0,0,0,0,0,0,0,0,0,0,0,0,0,0,0,0,0,0,0,0,0,0,0,0,0,0,0,0,0,0,0,0,0,0,0,0,0.018745,0,0,0,0,0,0,0,0,0,0,0,0,0,0,0,0,0,0,0,0,0,0,0,8.8922,0.32465,0.20636,0.31423,0.81934,0.36447,0.071816,0.017013,0,0,0,0,0,0,0,0,0,0,0,0,0.00083236,0.01465,0.12908,7.2655,15.801,0,0,0,0,0,0,0,0,0,0,0,0,0,0,0,0,0,0,0,0,0,0.00073248,0.62237,0,0,0,0,0,0,0,0,0,0,0,0,0,0,0,0,0,0,0,0,0,0,0,0,0,0,0,0,0,0,0,0,0,0,0,0,0,0,0,0,0,0,0,0,0,0,0,0,0.0021641,0,0,0,0,0,0,0,0,0,0,0,0,0,0,0,0,0,0,0,0,0,0,0,0.017846,0.00089895,0,0.0010987,0.21748,1.0958,0.65777,0.054769,0,0,0,0,0,0,0,0,0,0,0,0,0.00036624,0.010022,0.051606,0.14323,0,0,0,0,0,0,0,0,0,0,0,0,0,0,0,0,0,0,0,0,0,0,0.00019977,6.6589e-05,0,0,0,0,0,0,0,0,0,0,0,0,0,0,0,0,0,0,0,0,0,0,0,0,0,0,0,0,0,0,0,0,0,0,0,0,0,0,0,0,0,0,0,0,0,0,0,0
1,0,0,0,0,0,0,0,0,0,0,0,0,0,0,0,0,0,0,0,0,0,0,0,0,13.257,0.2041,0,0,0,0,0,0,0,0,0,0,0,0,0,0,0,0,0,0,0,0,0.0045613,0.1974,0,0,0,0,0,0,0,0,0,0,0,0,0,0,0,0,0,0,0,0,0,0,0,0,0,0,0,0,0,0,0,0,0,0,0,0,0,0,0,0,0,0,0,0,0,0,0,0,0,0,0,0,0,0,0,0,0,0,0,0,0,0,0,0,0,0,0,0,0,0,0,0,0,0,0,0,0,0,0,0,0,0,0,0,0,0,0,0,0,0,0,0,0,0,0,0,17.492,0.063293,0,0,0,0,0,0,0,0,0,0,0,0,0,0,0,0,0,0,0,0.0063925,0.017946,0.21512,40.935,0,0,0,0,0,0,0,0,0,0,0,0,0,0,0,0,0,0,0,0,0,0.00039953,0.23213,0,0,0,0,0,0,0,0,0,0,0,0,0,0,0,0,0,0,0,0,0,0,0,0,0,0,0,0,0,0,0,0,0,0,0,0,0,0,0,0,0,0,0,0,0,0,0,0,0,0,0,0,0,0,0,0,0,0,0,0,0,0,0,0,0,0,0,0,0,0,0,0,0.36554,0.15931,0.24834,0.0077909,0,0,0,0,0,0,0,0,0,0,0,0,0,0,0,0,0,0.0010654,0.020576,0.22993,22.761,0,0,0,0,0,0,0,0,0,0,0,0,0,0,0,0,0,0,0,0,0,0.069985,1.6604,0,0,0,0,0,0,0,0,0,0,0,0,0,0,0,0,0,0,0,0,0,0,0,0,0,0,0,0,0,0,0,0,0,0,0,0,0,0,0,0,0,0,0,0,0,0,0,0,0,0,0,0,0,0,0,0,0,0,0,0,0,0,0,0,0,0,0,0,0,0,0,0,0.68247,0.028134,0,0,0,0,0,0,0,0,0,0,0,0,0,0,0,0,0,0,0,0.0054603,0.027834,0.5676,0.4571,0,0,0,0,0,0,0,0,0,0,0,0,0,0,0,0,0,0,0,0,0,0.0013318,0.080839,0,0,0,0,0,0,0,0,0,0,0,0,0,0,0,0,0,0,0,0,0,0,0,0,0,0,0,0,0,0,0,0,0,0,0,0,0,0,0,0,0,0,0,0,0,0,0,0
1,0,0,0,0,0,0,0,0,0,0,0,0,0,0,0,0,0,0,0,0,0,0,0,0,3.7201,3.5065,0,0,0,0,0,0,0,0,0,0,0,0,0,0,0,0,0,0.00023306,0.0019644,0.013351,0.043449,0.088031,0,0,0,0,0,0,0,0,0,0,0,0,0,0,0,0,0,0,0,0,0,0,0,0,0,0,0,0,0,0,0,0,0,0,0,0,0,0,0,0,0,0,0,0,0,0,0,0,0,0,0,0,0,0,0,0,0,0,0,0,0,0,0,0,0,0,0,0,0,0,0,0,0,0,0,0,0,0,0,0,0,0,0,0,0,0,0,0,0,0,0,0,0,0,0,0,59.605,21.672,0.12056,0,0,0,0,0,0,0,0,0,0,0,0,0,0,0,0,0.00283,0.030964,0.2025,1.4551,2.0196,2.1912,0.00026636,0,0,0,0,0,0,0,0,0,0,0,0,0,0,0,0,0,0,0,0,0,0,0,0,0,0,0,0,0,0,0,0,0,0,0,0,0,0,0,0,0,0,0,0,0,0,0,0,0,0,0,0,0,0,0,0,0,0,0,0,0,0,0,0,0,0,0,0,0,0,0,0,0,0,0,0,0,0,0,0,0,0,0,0,0,0,0,0,0,0,0,0,0,0,1.5296,0.27904,0.091194,0,0,0,0,0,0,0,0,0,0,0,0,0,0,0,0,0.0015315,0.008024,0.073847,0.2292,0.29885,0.016214,0,0,0,0,0,0,0,0,0,0,0,0,0,0,0,0,0,0,0,0,0,0,0,0,0,0,0,0,0,0,0,0,0,0,0,0,0,0,0,0,0,0,0,0,0,0,0,0,0,0,0,0,0,0,0,0,0,0,0,0,0,0,0,0,0,0,0,0,0,0,0,0.13314,0,0,0,0,0,0,0,0,0,0,0,0,0,0,0,0,0,0,0,0,0,0,0,0.78089,0.18688,0.032795,0.00099883,0,0,0,0,0,0,0,0,0,0,0,0,0,0,0,0.0024305,0.29895,0.44948,0.42447,0.48673,0.002264,0,0,0,0,0,0,0,0,0,0,0,0,0,0,0,0,0,0,0,0,0,0,0,0,0,0,0,0,0,0,0,0,0,0,0,0,0,0,0,0,0,0,0,0,0,0,0,0,0,0,0,0,0,0,0,0,0,0,0,0,0,0,0,0,0,0,0,0,0,0,0
1,0.00016647,0,0,0,0,0,0,0,0,0,0,0,0,0,0,0,0,0,0,0,0,0,0,0,10.381,0.8826,0,0,0,0,0,0,0,0,0,0,0,0,0,0,0,0,0.020609,0.17779,0.73484,0.43662,0.072649,0.039521,0,0,0,0,0,0,0,0,0,0,0,0,0,0,0,0,0,0,0,0,0,0,0,0,0,0,0,0,0,0,0,0,0,0,0,0,0,0,0,0,0,0,0,0,0,0,0,0,0,0,0,0,0,0,0,0,0,0,0,0,0,0,0,0,0,0,0,0,0,0,0,0,0.0032629,0,0,0,0,0,0,0,0,0,0,0,0,0,0,0,0,0,0,0,0,0,0,0,20.429,0.41475,0,0,0,0,0,0,0,0,0,0,0,0,0,0,0.00016647,0.0012319,0.10894,0.89459,3.471,7.9356,8.1561,6.261,4.6826,0.074114,0,0,0,0,0,0,0,0,0,0,0,0,0,0,0,0,0,0,0,0.036258,0.41302,0.80596,0,0,0,0,0,0,0,0,0,0,0,0,0,0,0,0,0,0,0,0,0,0,0,0,0,0,0,0,0,0,0,0,0,0,0,0,0,0,0,0,0,0,0,0,0,0,0,0,0.003962,0,0,0,0,0,0,0,0,0,0,0,0,0,0,0,0,0,0,0,0,0,0,0,1.9694,0.83383,0,0,0,0,0,0,0,0,0,0,0,0,0,0.00016647,0.001132,0.0034959,0.10331,0.70521,1.4986,1.9527,1.5485,1.5089,4.0886,1.0214,0,0,0,0,0,0,0,0,0,0,0,0,0,0,0,0,0,0,0,0.0067588,0.033561,0.35206,0,0,0,0,0,0,0,0,0,0,0,0,0,0,0,0,0,0,0,0,0,0,0,0,0,0,0,0,0,0,0,0,0,0,0,0,0,0,0,0,0,0,0,0,0,0,0,0,1.0625,0,0,0,0,0,0,0,0,0,0,0,0,0,0,0,0,0,0,0,0,0,0,0,0.87761,0.36917,0.039121,0.0051606,0.00043283,0,0,0,0,0,0,0,0,0,0,0,0.0014983,0.0085234,0.17563,1.4725,7.1331,3.8411,1.7333,1.0946,0.026735,0.07974,0,0,0,0,0,0,0,0,0,0,0,0,0,0,0,0,0,0,0,3.3294e-05,0.0013318,0.012818,0,0,0,0,0,0,0,0,0,0,0,0,0,0,0,0,0,0,0,0,0,0,0,0,0,0,0,0,0,0,0,0,0,0,0,0,0,0,0,0,0,0,0,0,0,0,0,0
2,0,0,0,0,0,0,0,0,0,0,0,0,0,0,0,0,0,0,0,0,0,0,0,0,0.90887,0.41135,0,0,0,0,0,0,0,0,0,0,0,0,0,0,0,0,0,0,0.00073248,0.0021974,0.0027301,0.0041618,0,0,0,0,0,0,0,0,0,0,0,0,0,0,0,0,0,0,0,0,0,0,0,0,0,0,0,0,0,0,0,0,0,0,0,0,0,0,0,0,0,0,0,0,0,0,0,0,0,0,0,0,0,0,0,0,0,0,0,0,0,0,0,0,0,0,0,0,0,0,0,0,0,0,0,0,0,0,0,0,0,0,0,0,0,0,0,0,0,0,0,0,0,0,0,0,89.815,3.8163,0.16827,0,0,0,0,0,0,0,0,0,0,0,0,0,0,0,0,0,0.0016647,0.0059597,0.011686,0.037856,0.039354,0,0,0,0,0,0,0,0,0,0,0,0,0,0,0,0,0,0,0,0,0,0,0,0,0,0,0,0,0,0,0,0,0,0,0,0,0,0,0,0,0,0,0,0,0,0,0,0,0,0,0,0,0,0,0,0,0,0,0,0,0,0,0,0,0,0,0,0,0,0,0,0,0,0,0,0,0,0,0,0,0,0,0,0,0,0,0,0,0,0,0,0,0,0,0,2.4062,1.7007,0.23612,0,0,0,0,0,0,0,0,0,0,0,0,0,0,0,0,0,0.0017646,0.0022307,0.0020976,0.0054936,0,0,0,0,0,0,0,0,0,0,0,0,0,0,0,0,0,0,0,0,0,0,0,0,0,0,0,0,0,0,0,0,0,0,0,0,0,0,0,0,0,0,0,0,0,0,0,0,0,0,0,0,0,0,0,0,0,0,0,0,0,0,0,0,0,0,0,0,0,0,0,0,0.00099883,0,0,0,0,0,0,0,0,0,0,0,0,0,0,0,0,0,0,0,0,0,0,0,0.18435,0.15162,0.048344,0.0065257,9.9883e-05,0,0,0,0,0,0,0,0,0,0,0,0,0,0,0,0.0066256,0.0038955,0.0039953,0.012752,0,0,0,0,0,0,0,0,0,0,0,0,0,0,0,0,0,0,0,0,0,0,0,0,0,0,0,0,0,0,0,0,0,0,0,0,0,0,0,0,0,0,0,0,0,0,0,0,0,0,0,0,0,0,0,0,0,0,0,0,0,0,0,0,0,0,0,0,0,0,0,0
2,0,0,0,0,0,0,0,0,0,0,0,0,0,0,0,0,0,0,0,0,0,0,0,0,0.0015981,0,0,0,0,0,0,0,0,0,0,0,0,0,0,0,0,0,0,0,0,0,0,0,0,0,0,0,0,0,0,0,0,0,0,0,0,0,0,0,0,0,0,0,0,0,0,0,0,0,0,0,0,0,0,0,0,0,0,0,0,0,0,0,0,0,0,0,0,0,0,0,0,0,0,0,0,0,0,0,0,0,0,0,0,0,0,0,0,0,0,0,0,0,0,0,0.011187,0,0,0,0,0,0,0,0,0,0,0,0,0,0,0,0,0,0,0,0,0,0,0,51.674,3.1822,0,0,0,0,0,0,0,0,0,0,0,0,0,0,0,0,0.0030964,0.016281,0.087831,0.19617,0.35099,2.6419,17.943,0.066522,0,0,0,0,0,0,0,0,0,0,0,0,0,0,0,0,0,0,0,0,0.00039953,0.0018312,0,0,0,0,0,0,0,0,0,0,0,0,0,0,0,0,0,0,0,0,0,0,0,0,0,0,0,0,0,0,0,0,0,0,0,0,0,0,0,0,0,0,0,0,0,0,0,0,0.034227,0,0,0,0,0,0,0,0,0,0,0,0,0,0,0,0,0,0,0,0,0,0,0,4.59,1.0542,0.00859,0.00066589,6.6589e-05,0,0,0,0,0,0,0,0,0,0,0,0,0,0.038155,0.018445,0.11483,0.37669,0.53521,1.6528,12.679,0.062127,0,0,0,0,0,0,0,0,0,0,0,0,0,0,0,0,0,0,0,0,0,0.0012985,0,0,0,0,0,0,0,0,0,0,0,0,0,0,0,0,0,0,0,0,0,0,0,0,0,0,0,0,0,0,0,0,0,0,0,0,0,0,0,0,0,0,0,0,0,0,0,0,0.74963,0,0,0,0,0,0,0,0,0,0,0,0,0,0,0,0,0,0,0,0,0,0,0,0.17593,0.2,0.018545,0.0048943,0.00083236,0,0,0,0,0,0,0,0,0,0,0,0.0010654,0.01415,0.022074,0.037689,0.2823,0.50115,0.35315,0.28966,0.0055269,0,0,0,0,0,0,0,0,0,0,0,0,0,0,0,0,0,0,0,0,0,0,0,0,0,0,0,0,0,0,0,0,0,0,0,0,0,0,0,0,0,0,0,0,0,0,0,0,0,0,0,0,0,0,0,0,0,0,0,0,0,0,0,0,0,0,0,0,0,0,0
2,0.00023306,0,0,0,0,0,0,0,0,0,0,0,0,0,0,0,0,0,0,0,0,0,0,0,0.00013318,0,0,0,0,0,0,0,0,0,0,0,0,0,0,0,0,0.0014317,0.0045946,0.0077243,0.013518,0.012718,0.010521,0.0065923,0,0,0,0,0,0,0,0,0,0,0,0,0,0,0,0,0,0,0,0,0,0,0,0,0,0,0,0,0,0,0,0,0,0,0,0,0,0,0,0,0,0,0,0,0,0,0,0,0,0,0,0,0,0,0,0,0,0,0,0,0,0,0,0,0,0,0,0,0,0,0,0,0.026203,0,0,0,0,0,0,0,0,0,0,0,0,0,0,0,0,0,0,0,0,0,0,0,0.19124,0.0013651,0,0,0,0,0,0,0,0,0,0,0,0,0,0.0006326,0.0057932,0.077243,0.16198,0.27887,0.76318,1.9096,8.2497,32.869,0.18938,0,0,0,0,0,0,0,0,0,0,0,0,0,0,0,0,0,0.00019977,0.00079907,0,0,0.013085,0.78748,0,0,0,0,0,0,0,0,0,0,0,0,0,0,0,0,0,0,0,0,0,0,0,0,0,0,0,0,0,0,0,0,0,0,0,0,0,0,0,0,0,0,0,0,0,0,0,0,0.050907,0,0,0,0,0,0,0,0,0,0,0,0,0,0,0,0,0,0,0,0,0,0,0,0.19024,0.0061928,0.00043283,0,0,0,0,0,0,0,0,0,0,0,0,0.0012319,0.0094223,0.075212,0.16058,0.4243,3.0521,4.2689,8.2251,33.799,0.17603,0,0,0,0,0,0,0,0,0,0,0,0,0,0,0,0,0,0,0.0006326,0,0,0.00079907,0.38126,0,0,0,0,0,0,0,0,0,0,0,0,0,0,0,0,0,0,0,0,0,0,0,0,0,0,0,0,0,0,0,0,0,0,0,0,0,0,0,0,0,0,0,0,0,0,0,0,0.88943,0,0,0,0,0,0,0,0,0,0,0,0,0,0,0,0,0,0,0,0,0,0,0,0.065357,0.031497,0.014983,0.0097553,0.00029965,0,0,0,0,0,0,0,0,0,0.00013318,0.0026636,0.011553,0.14703,0.24881,0.33098,0.55558,0.46169,0.46396,0.36111,0,0,0,0,0,0,0,0,0,0,0,0,0,0,0,0,0,0,0,0.00016647,0,0,3.3294e-05,0,0,0,0,0,0,0,0,0,0,0,0,0,0,0,0,0,0,0,0,0,0,0,0,0,0,0,0,0,0,0,0,0,0,0,0,0,0,0,0,0,0,0,0,0,0,0,0,0
2,0,0,0,0,0,0,0,0,0,0,0,0,0,0,0,0,0,0,0,0,0,0,0,0,0,0,0,0,0,0,0,0,0,0,0,0,0,0,0,0,0,0,0,0,0,0,0,0,0,0,0,0,0,0,0,0,0,0,0,0,0,0,0,0,0,0,0,0,0,0,0,0,0,0,0,0,0,0,0,0,0,0,0,0,0,0,0,0,0,0,0,0,0,0,0,0,0,0,0,0,0,0,0,0,0,0,0,0,0,0,0,0,0,0,0,0,0,0,0,0,0.00056601,0,0,0,0,0,0,0,0,0,0,0,0,0,0,0,0,0,0,0,0,0,0,0,9.7344,0.046446,0,0,0,0,0,0,0,0,0,0,0,0,0,0,0,0,3.3294e-05,0.0005993,0.0044615,0.01678,0.03749,0.35292,24.835,0,0,0,0,0,0,0,0,0,0,0,0,0,0,0,0,0,0,0,0,0.0030964,0.010954,2.7284,0,0,0,0,0,0,0,0,0,0,0,0,0,0,0,0,0,0,0,0,0,0,0,0,0,0,0,0,0,0,0,0,0,0,0,0,0,0,0,0,0,0,0,0,0,0,0,0,0.053438,0,0,0,0,0,0,0,0,0,0,0,0,0,0,0,0,0,0,0,0,0,0,0,7.3873,2.5522,0.012952,0.0006326,0.00043283,3.3294e-05,0,0,0,0,0,0,0,0,0,0.00069918,0.00016647,0.0052938,0.0077576,0.014117,0.060563,0.18612,0.29922,2.6009,43.136,0,0,0,0,0,0,0,0,0,0,0,0,0,0,0,0,0,0,0,0,0.009389,0.11373,4.3563,0,0,0,0,0,0,0,0,0,0,0,0,0,0,0,0,0,0,0,0,0,0,0,0,0,0,0,0,0,0,0,0,0,0,0,0,0,0,0,0,0,0,0,0,0,0,0,0,0.41242,0,0,0,0,0,0,0,0,0,0,0,0,0,0,0,0,0,0,0,0,0,0,0,0.14536,0.055901,0.0055269,0.0014983,0.00043283,0.00036624,6.6589e-05,0,0,0,0,0,0,0.00023306,0.0032629,0.025637,0.038122,0.065157,0.049875,0.057,0.12652,0.1729,0.12535,0.12232,0.010887,0,0,0,0,0,0,0,0,0,0,0,0,0,0,0,0,0,0,0,0,0.00093225,0.00283,0.0092892,0,0,0,0,0,0,0,0,0,0,0,0,0,0,0,0,0,0,0,0,0,0,0,0,0,0,0,0,0,0,0,0,0,0,0,0,0,0,0,0,0,0,0,0,0,0,0,0
2,0,0,0,0,0,0,0,0,0,0,0,0,0,0,0,0,0,0,0,0,0,0,0,0,5.17,0.58312,0,0,0,0,0,0,0,0,0,0,0,0,0,0,0,0,0,6.6589e-05,0.00089895,0.00023306,0.0015315,0.027335,0,0,0,0,0,0,0,0,0,0,0,0,0,0,0,0,0,0,0,0,0,0,0,0,0,0,0,0,0,0,0,0,0,0,0,0,0,0,0,0,0,0,0,0,0,0,0,0,0,0,0,0,0,0,0,0,0,0,0,0,0,0,0,0,0,0,0,0,0,0,0,0,6.6589e-05,0,0,0,0,0,0,0,0,0,0,0,0,0,0,0,0,0,0,0,0,0,0,0,19.682,1.0728,0,0,0,0,0,0,0,0,0,0,0,0,0,0.00026636,0.0032629,0.037823,0.24818,0.30088,0.53651,0.6593,0.65041,1.1398,1.4599,1.6181,3.3294e-05,0,0,0,0,0,0,0,0,0,0,0,0,0,0,0,0,0,0,0,0,9.9883e-05,0,0,0,0,0,0,0,0,0,0,0,0,0,0,0,0,0,0,0,0,0,0,0,0,0,0,0,0,0,0,0,0,0,0,0,0,0,0,0,0,0,0,0,0,0,0,0,0,0.31979,0,0,0,0,0,0,0,0,0,0,0,0,0,0,0,0,0,0,0,0,0,0,0,10.557,3.2885,0.0043616,0,0,0,0,0,0,0,0,0,0,0.00086566,0.029965,0.22684,0.40872,0.4004,0.55469,0.38412,0.50345,1.1967,1.6731,4.7742,1.3012,33.981,0.38508,0,0,0,0,0,0,0,0,0,0,0,0,0,0,0,0,0,0,0,0.00013318,0,0,0,0,0,0,0,0,0,0,0,0,0,0,0,0,0,0,0,0,0,0,0,0,0,0,0,0,0,0,0,0,0,0,0,0,0,0,0,0,0,0,0,0,0,0,0,0,0,1.7203,0,0,0,0,0,0,0,0,0,0,0,0,0,0,0,0,0,0,0,0,0,0,0,0.61535,0.29153,0.01142,0,0,0,0,0,0,0,0,0,0.00073248,0.071583,0.32782,0.40609,0.21142,0.12465,0.2879,0.2535,0.48367,0.68753,0.65457,0.66642,0,0.0033627,3.3294e-05,0,0,0,0,0,0,0,0,0,0,0,0,0,0,0,0,0,0,0,0,0,0,0,0,0,0,0,0,0,0,0,0,0,0,0,0,0,0,0,0,0,0,0,0,0,0,0,0,0,0,0,0,0,0,0,0,0,0,0,0,0,0,0,0,0,0,0,0,0
2,0,0,0,0,0,0,0,0,0,0,0,0,0,0,0,0,0,0,0,0,0,0,0,0,0.39487,1.146,0,0,0,0,0,0,0,0,0,0,0,0,0,0,0,0,6.6589e-05,0.00016647,0.0026969,0.0011986,0.00013318,0.00019977,0,0,0,0,0,0,0,0,0,0,0,0,0,0,0,0,0,0,0,0,0,0,0,0,0,0,0,0,0,0,0,0,0,0,0,0,0,0,0,0,0,0,0,0,0,0,0,0,0,0,0,0,0,0,0,0,0,0,0,0,0,0,0,0,0,0,0,0,0,0,0,0,0.0005993,0,0,0,0,0,0,0,0,0,0,0,0,0,0,0,0,0,0,0,0,0,0,0,24.016,10.962,0.14973,0.047578,0.017979,0.0013651,0,0,0,0,0,0,0,0,0,0,0.0049609,0.0093557,0.034127,0.094257,0.28863,0.45866,0.79567,1.835,4.4234,10.107,0.0046612,0,0,0,0,0,0,0,0,0,0,0,0,0,0,0,0.0018978,0.00056601,0,0,0,0,0,0,0,0,0,0,0,0,0,0,0,0,0,0,0,0,0,0,0,0,0,0,0,0,0,0,0,0,0,0,0,0,0,0,0,0,0,0,0,0,0,0,0,0,0,0,0,0,0.027035,0,0,0,0,0,0,0,0,0,0,0,0,0,0,0,0,0,0,0,0,0,0,0,6.767,11.595,0.25397,0.21685,0.68234,0.2871,0.23153,0.2314,0.090028,0,0,0,0,0.00066589,0.023772,0.04022,0.046912,0.056601,0.05397,0.06599,0.10921,0.19354,0.35768,0.63999,1.2965,18.503,0.59004,0,0,0,0,0,0,0,0,0,0,0,0,0,0,0,0.0005993,0.00023306,0,0,0,0,0,0,0,0,0,0,0,0,0,0,0,0,0,0,0,0,0,0,0,0,0,0,0,0,0,0,0,0,0,0,0,0,0,0,0,0,0,0,0,0,0,0,0,0,0,0,0,0,0.25167,0,0,0,0,0,0,0,0,0,0,0,0,0,0,0,0,0,0,0,0,0,0,0,0.10381,0.13634,0.016847,0.0067255,0.055502,0.13334,0.14796,0.10951,0.05437,0,3.3294e-05,0.0035292,0.030265,0.14596,0.27461,0.30391,0.11503,0.10165,0.086765,0.11826,0.12013,0.18815,0.18725,0.13711,0,0.010421,0,0,0,0,0,0,0,0,0,0,0,0,0,0,0,0,0,0,0,0,0,0,0,0,0,0,0,0,0,0,0,0,0,0,0,0,0,0,0,0,0,0,0,0,0,0,0,0,0,0,0,0,0,0,0,0,0,0,0,0,0,0,0,0,0,0,0,0,0,0
2,0.00013318,0,0,0,0,0,0,0,0,0,0,0,0,0,0,0,0,0,0,0,0,0,0,0,0.36534,0,0,0,0,0,0,0,0,0,0,0,0,0,0,0,0,0,0,0,0,0.0026303,0.037356,0.69369,0,0,0,0,0,0,0,0,0,0,0,0,0,0,0,0,0,0,0,0,0,0,0,0,0,0,0,0,0,0,0,0,0,0,0,0,0,0,0,0,0,0,0,0,0,0,0,0,0,0,0,0,0,0,0,0,0,0,0,0,0,0,0,0,0,0,0,0,0,0,0,0,0.063792,0,0,0,0,0,0,0,0,0,0,0,0,0,0,0,0,0,0,0,0,0,0,0,37.381,0.0042284,0,0,0,0,0,0,0,0,3.3294e-05,0.0010987,0.00023306,0.0010987,6.6589e-05,0.00026636,0,0.25913,0.53434,0.53538,0.75086,1.7835,3.5461,18.684,0.31383,0,0,0,0,0,0,0,0,0,0,0,0,0,0,0,0,0,0,0,0,0,0,0,0,0,0,0,0,0,0,0,0,0,0,0,0,0,0,0,0,0,0,0,0,0,0,0,0,0,0,0,0,0,0,0,0,0,0,0,0,0,0,0,0,0,0,0,0,0,0,0,0.79654,0,0,0,0,0,0,0,0,0,0,0,0,0,0,0,0,0,0,0,0,0,0,0,13.854,0.13584,0.032928,0.041385,0.0069918,0.0035292,0.00086566,0,0,6.6589e-05,0.00049942,0.00099883,0.00086566,0.00096554,0.0030298,0.068653,0.17699,0.53331,0.39704,0.33341,0.45737,0.91626,5.4567,6.9034,3.3415,0,0,0,0,0,0,0,0,0,0,0,0,0,0,0,0,0,0,0,0,0,0,0.00023306,0,0,0,0,0,0,0,0,0,0,0,0,0,0,0,0,0,0,0,0,0,0,0,0,0,0,0,0,0,0,0,0,0,0,0,0,0,0,0,0,0,0,0,0,0,0,0,0,0.77606,0,0,0,0,0,0,0,0,0,0,0,0,0,0,0,0,0,0,0,0,0,0,0,0.054104,0.01748,0.0029632,0.0285,0.048077,0.092825,0.035059,0.0053271,0,0.00013318,0.0016647,0.0013318,0.0018312,0.0012319,6.6589e-05,6.6589e-05,6.6589e-05,0.016048,0.0086566,0.017313,0.04275,0.059531,0.1707,0.19664,0,0,0,0,0,0,0,0,0,0,0,0,0,0,0,0,0,0,0,0,0,0,0,0,0,0,0,0,0,0,0,0,0,0,0,0,0,0,0,0,0,0,0,0,0,0,0,0,0,0,0,0,0,0,0,0,0,0,0,0,0,0,0,0,0,0,0,0,0,0,0,0
2,0.00036624,0,0,0,0,0,0,0,0,0,0,0,0,0,0,0,0,0,0,0,0,0,0,0,22.83,2.8436,0,0,0,0,0,0,0,0,0,0,0,0,0,0,0,0,0,0.0036624,0.019344,0.035126,0.037989,0.22234,0,0,0,0,0,0,0,0,0,0,0,0,0,0,0,0,0,0,0,0,0,0,0,0,0,0,0,0,0,0,0,0,0,0,0,0,0,0,0,0,0,0,0,0,0,0,0,0,0,0,0,0,0,0,0,0,0,0,0,0,0,0,0,0,0,0,0,0,0,0,0,0,0.0071583,0,0,0,0,0,0,0,0,0,0,0,0,0,0,0,0,0,0,0,0,0,0,0,18.338,5.2232,0.14397,3.3294e-05,0,0,0,0,0,0,0,0,0,6.6589e-05,9.9883e-05,0.0021974,0.013851,0.070351,0.1119,0.13211,0.16095,0.15216,0.18785,0.84868,21.856,0.56517,0.15432,0.0075578,0,0,0,0,0,0,0,0,0,0,0,0,0,0.00056601,0.00073248,0,0,0,0,0,0,0,0,0,0,0,0,0,0,0,0,0,0,0,0,0,0,0,0,0,0,0,0,0,0,0,0,0,0,0,0,0,0,0,0,0,0,0,0,0,0,0,0,0,0,0,0,0,0.1142,0,0,0,0,0,0,0,0,0,0,0,0,0,0,0,0,0,0,0,0,0,0,0,3.0928,0.36364,0.26539,0.56581,0,0,0,0,0,0,3.3294e-05,0.00029965,0.0015981,0.037123,0.077743,0.053038,0.062594,0.12236,0.073781,0.11107,0.1692,0.31843,0.37533,1.2915,9.3445,4.5673,1.7457,0.66189,0,0,0,0,0,0,0,0,0,0,0,0,0,0.001465,0.00019977,0,0,0.001698,0.032429,0.072382,0,0,0,0,0,0,0,0,0,0,0,0,0,0,0,0,0,0,0,0,0,0,0,0,0,0,0,0,0,0,0,0,0,0,0,0,0,0,0,0,0,0,0,0,0,0,0,0,0.65856,0,0,0,0,0,0,0,0,0,0,0,0,0,0,0,0,0,0,0,0,0,0,0,0.081372,0.074979,0,0.033727,0,0,0,0,0,6.6589e-05,0,0.0018978,0.0092559,0.15712,0.34909,0.13607,0.18116,0.1451,0.095988,0.087232,0.064991,0.099451,0.05437,0.047045,0,0.20599,0.018478,0.0051939,0,0,0,0,0,0,0,0,0,0,0,0,0,0,0,0,0,0,0,0,0,0,0,0,0,0,0,0,0,0,0,0,0,0,0,0,0,0,0,0,0,0,0,0,0,0,0,0,0,0,0,0,0,0,0,0,0,0,0,0,0,0,0,0,0,0,0,0
2,0,0,0,0,0,0,0,0,0,0,0,0,0,0,0,0,0,0,0,0,0,0,0,0,0,0,0,0,0,0,0,0,0,0,0,0,0,0,0,0,0,0,0,0,0,0,0,0,0,0,0,0,0,0,0,0,0,0,0,0,0,0,0,0,0,0,0,0,0,0,0,0,0,0,0,0,0,0,0,0,0,0,0,0,0,0,0,0,0,0,0,0,0,0,0,0,0,0,0,0,0,0,0,0,0,0,0,0,0,0,0,0,0,0,0,0,0,0,0,0,0.01415,0,0,0,0,0,0,0,0,0,0,0,0,0,0,0,0,0,0,0,0,0,0,0,46.42,0.15219,0.0018978,0.20439,0.0079574,0,0,0,0,0,0,0,0,0,0,0,0,0,0,0,0,0,0.001698,1.4203,0.38928,0,0,0,0,0,0,0,0,0,0,0,0,0,0,0,0,0,0,0,0,0,0,0.0019311,0,0,0,0,0,0,0,0,0,0,0,0,0,0,0,0,0,0,0,0,0,0,0,0,0,0,0,0,0,0,0,0,0,0,0,0,0,0,0,0,0,0,0,0,0,0,0,0,0.28054,0,0,0,0,0,0,0,0,0,0,0,0,0,0,0,0,0,0,0,0,0,0,0,30.095,0.487,0.45427,1.4994,0.56131,0.12639,0.0066256,0,0,0,0,0,0,0,0,0,0,0,0,0,0,0.0012985,0.0013651,1.1952,11.717,0,0,0,0,0,0,0,0,0,0,0,0,0,0,0,0,0,0,0,0,0,0,0.013085,0,0,0,0,0,0,0,0,0,0,0,0,0,0,0,0,0,0,0,0,0,0,0,0,0,0,0,0,0,0,0,0,0,0,0,0,0,0,0,0,0,0,0,0,0,0,0,0,0.32848,0,0,0,0,0,0,0,0,0,0,0,0,0,0,0,0,0,0,0,0,0,0,0,0.068054,0.020643,0.010255,0.21185,3.1418,1.1199,0.04275,0,0,0,0,0,0,0,0,0,0,0,0,0,0,0.00096554,0.0016647,0.0025637,0,0,0,0,0,0,0,0,0,0,0,0,0,0,0,0,0,0,0,0,0,0,0,0,0,0,0,0,0,0,0,0,0,0,0,0,0,0,0,0,0,0,0,0,0,0,0,0,0,0,0,0,0,0,0,0,0,0,0,0,0,0,0,0,0,0,0,0,0,0,0,0
2,0,0,0,0,0,0,0,0,0,0,0,0,0,0,0,0,0,0,0,0,0,0,0,0,6.4279,0.018212,0,0,0,0,0,0,0,0,0,0,0,0,0,0,0,0,0,0,0,0,0,0,0,0,0,0,0,0,0,0,0,0,0,0,0,0,0,0,0,0,0,0,0,0,0,0,0,0,0,0,0,0,0,0,0,0,0,0,0,0,0,0,0,0,0,0,0,0,0,0,0,0,0,0,0,0,0,0,0,0,0,0,0,0,0,0,0,0,0,0,0,0,0,0,0,0,0,0,0,0,0,0,0,0,0,0,0,0,0,0,0,0,0,0,0,0,0,0,33.968,0.23206,0,0,0,0,0,0,0,0,0,0,0,0,0,0,0,0,0,0,0.041452,0.20506,0.53211,5.5847,15.234,0.47278,0,0,0,0,0,0,0,0,0,0,0,0,0,0,0,0,0,0,0,0,0,0.00026636,0,0,0,0,0,0,0,0,0,0,0,0,0,0,0,0,0,0,0,0,0,0,0,0,0,0,0,0,0,0,0,0,0,0,0,0,0,0,0,0,0,0,0,0,0,0,0,0,0.00016647,0,0,0,0,0,0,0,0,0,0,0,0,0,0,0,0,0,0,0,0,0,0,0,1.6087,0,0,0,0,0,0,0,0,0,0,0,0,0,0,0,0,0.0054603,1.008,2.5157,4.0104,3.8028,2.0097,3.1958,13.641,3.1006,0,0,0,0,0,0,0,0,0,0,0,0,0,0,0,0,0,0,0,0,0,0.00029965,0,0,0,0,0,0,0,0,0,0,0,0,0,0,0,0,0,0,0,0,0,0,0,0,0,0,0,0,0,0,0,0,0,0,0,0,0,0,0,0,0,0,0,0,0,0,0,0,0.002031,0,0,0,0,0,0,0,0,0,0,0,0,0,0,0,0,0,0,0,0,0,0,0,0.007691,0,0,0,0,0,0,0,0,0,0,0,0,0,0,0,0,0,0.29339,0.67025,0.40097,0.79767,0.17316,0.038821,0.00029965,0,0,0,0,0,0,0,0,0,0,0,0,0,0,0,0,0,0,0,0,0,0,0,0,0,0,0,0,0,0,0,0,0,0,0,0,0,0,0,0,0,0,0,0,0,0,0,0,0,0,0,0,0,0,0,0,0,0,0,0,0,0,0,0,0,0,0,0,0,0,0
2,0,0,0,0,0,0,0,0,0,0,0,0,0,0,0,0,0,0,0,0,0,0,0,0,0,0.19604,0,0,0,0,0,0,0,0,0,0,0,0,0,0,0,0,0,0,0,0,0,0,0,0,0,0,0,0,0,0,0,0,0,0,0,0,0,0,0,0,0,0,0,0,0,0,0,0,0,0,0,0,0,0,0,0,0,0,0,0,0,0,0,0,0,0,0,0,0,0,0,0,0,0,0,0,0,0,0,0,0,0,0,0,0,0,0,0,0,0,0,0,0,0,0.00039953,0,0,0,0,0,0,0,0,0,0,0,0,0,0,0,0,0,0,0,0,0,0,0,52.131,4.4368,0,0,0,0,0,0,0,0,0,0,0,0,0,0,0,0,0,0.0027634,0.12645,0.56844,2.3943,3.4353,19.709,1.462,0,0,0,0,0,0,0,0,0,0,0,0,0,0,0,0,0,0,0,0,0.0006326,0.0087564,0,0,0,0,0,0,0,0,0,0,0,0,0,0,0,0,0,0,0,0,0,0,0,0,0,0,0,0,0,0,0,0,0,0,0,0,0,0,0,0,0,0,0,0,0,0,0,0,0.22251,0,0,0,0,0,0,0,0,0,0,0,0,0,0,0,0,0,0,0,0,0,0,0,4.0889,0.57633,0.0010321,0.00016647,0,0,0,0,0,0,0,0,0,6.6589e-05,0.00019977,0.00079907,0.00046612,0.0014317,0.004861,0.026136,0.21075,1.363,2.345,2.3195,0.38269,0.058865,0,0,0,0,0,0,0,0,0,0,0,0,0,0,0,0,0,0,0,0,0,0,0,0,0,0,0,0,0,0,0,0,0,0,0,0,0,0,0,0,0,0,0,0,0,0,0,0,0,0,0,0,0,0,0,0,0,0,0,0,0,0,0,0,0,0,0,0,0,0,0.84848,0,0,0,0,0,0,0,0,0,0,0,0,0,0,0,0,0,0,0,0,0,0,0,0.39511,0.090028,0.0054936,0.0041618,3.3294e-05,0,0,0,0,0,0,0,0,0,0,0,0,0.0039953,0.023073,0.072915,0.24741,0.99327,0.86339,0.37683,0.0013651,6.6589e-05,0,0,0,0,0,0,0,0,0,0,0,0,0,0,0,0,0,0,0,0,0,0,0,0,0,0,0,0,0,0,0,0,0,0,0,0,0,0,0,0,0,0,0,0,0,0,0,0,0,0,0,0,0,0,0,0,0,0,0,0,0,0,0,0,0,0,0,0,0,0
2,0,0,0,0,0,0,0,0,0,0,0,0,0,0,0,0,0,0,0,0,0,0,0,0,1.6626,0.67395,0,0,0,0,0,0,0,0,0,0,0,0,0,0,0,0,0,0,0,0,0,0,0,0,0,0,0,0,0,0,0,0,0,0,0,0,0,0,0,0,0,0,0,0,0,0,0,0,0,0,0,0,0,0,0,0,0,0,0,0,0,0,0,0,0,0,0,0,0,0,0,0,0,0,0,0,0,0,0,0,0,0,0,0,0,0,0,0,0,0,0,0,0,0,0,0,0,0,0,0,0,0,0,0,0,0,0,0,0,0,0,0,0,0,0,0,0,0,28.205,0.78841,0,0,0,0,0,0,0,0,0,0,0,0,0,0,0,0,0.0021641,0.093358,0.29695,1.6922,1.2647,2.5005,7.9833,0.59614,0,0,0,0,0,0,0,0,0,0,0,0,0,0,0,0,0,0,0,0,0,0,0,0,0,0,0,0,0,0,0,0,0,0,0,0,0,0,0,0,0,0,0,0,0,0,0,0,0,0,0,0,0,0,0,0,0,0,0,0,0,0,0,0,0,0,0,0,0,0,0.17846,0,0,0,0,0,0,0,0,0,0,0,0,0,0,0,0,0,0,0,0,0,0,0,2.9299,0.60476,0.032695,0.00053271,0,0,0,0,0,0,0,0,0,0,0,0,0.032063,2.4041,3.37,3.799,5.4238,2.1228,0.75535,1.5168,13.792,8.0487,0,0,0,0,0,0,0,0,0,0,0,0,0,0,0,0,0,0,0,0,0.0038289,0.15206,0,0,0,0,0,0,0,0,0,0,0,0,0,0,0,0,0,0,0,0,0,0,0,0,0,0,0,0,0,0,0,0,0,0,0,0,0,0,0,0,0,0,0,0,0,0,0,0,0.22367,0,0,0,0,0,0,0,0,0,0,0,0,0,0,0,0,0,0,0,0,0,0,0,0.096521,0.38602,0,0,0,0,0,0,0,0,0,0,0,0,0,0,0.11323,4.5071,1.8897,0.29339,0.19361,0.76531,0.21971,0.18239,0,0.2027,0,0,0,0,0,0,0,0,0,0,0,0,0,0,0,0,0,0,0,0,0,0,0,0,0,0,0,0,0,0,0,0,0,0,0,0,0,0,0,0,0,0,0,0,0,0,0,0,0,0,0,0,0,0,0,0,0,0,0,0,0,0,0,0,0,0,0,0,0,0
3,6.6589e-05,0,0,0,0,0,0,0,0,0,0,0,0,0,0,0,0,0,0,0,0,0,0,0,0.2306,0.52612,0.3435,0.53171,0.041285,0,0,0,0,0,0,0,0,0,0,0,0,0,0,0,0,0,0,0.00093225,0,0,0,0,0,0,0,0,0,0,0,0,0,0,0,0,0,0,0,0,0,0,0,0,0,0,0,0,0,0,0,0,0,0,0,0,0,0,0,0,0,0,0,0,0,0,0,0,0,0,0,0,0,0,0,0,0,0,0,0,0,0,0,0,0,0,0,0,0,0,0,0,0,0,0,0,0,0,0,0,0,0,0,0,0,0,0,0,0,0,0,0,0,0,0,0,19.214,0.90967,0.0042617,0.020942,0.0087897,0,0,0,0,0,0,0,0,0,0,0,0,0,0,0,0.0019644,0.013584,0.69416,17.835,1.3126,0,0,0,0,0,0,0,0,0,0,0,0,0,0,0,0,0,0,0,0,0,0,0,0,0,0,0,0,0,0,0,0,0,0,0,0,0,0,0,0,0,0,0,0,0,0,0,0,0,0,0,0,0,0,0,0,0,0,0,0,0,0,0,0,0,0,0,0,0,0,0,0,0,0,0,0,0,0,0,0,0,0,0,0,0,0,0,0,0,0,0,0,0,0,0,20.524,1.9682,0.15855,0.22777,0.27704,0,0,0,0,0,0,0,0,0,0,0,0,0,0,0,0.0018645,0.01172,0.25723,32.778,0.20819,0,0,0,0,0,0,0,0,0,0,0,0,0,0,0,0,0,0,0,0,0,0,6.6589e-05,0,0,0,0,0,0,0,0,0,0,0,0,0,0,0,0,0,0,0,0,0,0,0,0,0,0,0,0,0,0,0,0,0,0,0,0,0,0,0,0,0,0,0,0,0,0,0,0,0.021974,0,0,0,0,0,0,0,0,0,0,0,0,0,0,0,0,0,0,0,0,0,0,0,0.26469,0.5972,0.18332,0.21575,0.45886,0,0,0,0,0,0,0,0,0,0,0,0,0,0,0.00039953,0.034327,0.034193,0.029532,0.058931,0,0,0,0,0,0,0,0,0,0,0,0,0,0,0,0,0,0,0,0,0,0,0,0,0,0,0,0,0,0,0,0,0,0,0,0,0,0,0,0,0,0,0,0,0,0,0,0,0,0,0,0,0,0,0,0,0,0,0,0,0,0,0,0,0,0,0,0,0,0,0,0
3,0,0,0,0,0,0,0,0,0,0,0,0,0,0,0,0,0,0,0,0,0,0,0,0,0.010488,0,0,0,0,0,0,0,0,0,0,0,0,0,0,0,0,0,3.3294e-05,0.0015648,0.0036291,0.012452,0.012918,0.0084235,0,0,0,0,0,0,0,0,0,0,0,0,0,0,0,0,0,0,0,0,0,0,0,0,0,0,0,0,0,0,0,0,0,0,0,0,0,0,0,0,0,0,0,0,0,0,0,0,0,0,0,0,0,0,0,0,0,0,0,0,0,0,0,0,0,0,0,0,0,0,0,0,0.00056601,0,0,0,0,0,0,0,0,0,0,0,0,0,0,0,0,0,0,0,0,0,0,0,14.188,0,0,0,0,0,0,0,0,0,0,0,0,0,0,0,0,0.0017646,0.03396,0.082371,0.25757,1.0391,2.3617,3.813,43.673,0,0,0,0,0,0,0,0,0,0,0,0,0,0,0,0,0,0,0,0.00066589,0.066522,0.81954,4.0086,0,0,0,0,0,0,0,0,0,0,0,0,0,0,0,0,0,0,0,0,0,0,0,0,0,0,0,0,0,0,0,0,0,0,0,0,0,0,0,0,0,0,0,0,0,0,0,0,0.0055935,0,0,0,0,0,0,0,0,0,0,0,0,0,0,0,0,0,0,0,0,0,0,0,2.6787,0.0016314,0,0,0,0,0,0,0,0,0,0,0,0,0,0,0,0.004528,0.0286,0.064858,0.13841,0.64601,1.2698,0.97193,17.435,0.28254,0,0,0,0,0,0,0,0,0,0,0,0,0,0,0,0,0,0,0,0.012119,0.26622,1.3546,0,0,0,0,0,0,0,0,0,0,0,0,0,0,0,0,0,0,0,0,0,0,0,0,0,0,0,0,0,0,0,0,0,0,0,0,0,0,0,0,0,0,0,0,0,0,0,0,0.56674,0,0,0,0,0,0,0,0,0,0,0,0,0,0,0,0,0,0,0,0,0,0,0,0.074546,0.0014983,0,0,0,0,0,0,0,0,0,0,0,0,0,0,3.3294e-05,0.0061595,0.033894,0.096021,1.4158,1.0737,0.77633,0.35392,0.021874,0,0,0,0,0,0,0,0,0,0,0,0,0,0,0,0,0,0,0,0,0.00023306,0.0084568,0.014084,0,0,0,0,0,0,0,0,0,0,0,0,0,0,0,0,0,0,0,0,0,0,0,0,0,0,0,0,0,0,0,0,0,0,0,0,0,0,0,0,0,0,0,0,0,0,0,0
3,0,0,0,0,0,0,0,0,0,0,0,0,0,0,0,0,0,0,0,0,0,0,0,0,2.1946,0.002597,0,0,0,0,0,0,0,0,0,0,0,0,0,0,0,0,0,0,3.3294e-05,0,0,0,0,0,0,0,0,0,0,0,0,0,0,0,0,0,0,0,0,0,0,0,0,0,0,0,0,0,0,0,0,0,0,0,0,0,0,0,0,0,0,0,0,0,0,0,0,0,0,0,0,0,0,0,0,0,0,0,0,0,0,0,0,0,0,0,0,0,0,0,0,0,0,0,0.0021308,0,0,0,0,0,0,0,0,0,0,0,0,0,0,0,0,0,0,0,0,0,0,0,46.929,1.7335,0,0,0,0,0,0,0,0,0,0,0,0,0,0,0.00029965,0.004861,0.0061928,0.061994,0.24352,0.24455,0.14313,0.26815,33.931,1.5318,0,0,0,0,0,0,0,0,0,0,0,0,0,0,0,0,0,9.9883e-05,0.01415,0.13374,0.041085,0.070618,0,0,0,0,0,0,0,0,0,0,0,0,0,0,0,0,0,0,0,0,0,0,0,0,0,0,0,0,0,0,0,0,0,0,0,0,0,0,0,0,0,0,0,0,0,0,0,0,0.011586,0,0,0,0,0,0,0,0,0,0,0,0,0,0,0,0,0,0,0,0,0,0,0,3.1929,0.012619,0,0,0,0,0,0,0,0,0,0,0,0,0,0.0012319,0.01405,0.064392,0.078342,0.24675,0.53334,0.41002,0.3165,0.47235,3.2894,0.15329,0,0,0,0,0,0,0,0,0,0,0,0,0,0,0,0,0.010854,0.11453,0.0287,0.027335,0.035459,0.023339,0,0,0,0,0,0,0,0,0,0,0,0,0,0,0,0,0,0,0,0,0,0,0,0,0,0,0,0,0,0,0,0,0,0,0,0,0,0,0,0,0,0,0,0,0,0,0,0,1.3187,0,0,0,0,0,0,0,0,0,0,0,0,0,0,0,0,0,0,0,0,0,0,0,0.08307,0.010022,0.0011653,0,0,0,0,0,0,0,0,0,0,6.6589e-05,0.0024638,0.033627,0.14203,0.28154,0.1963,0.32382,0.49619,0.32495,0.11017,0.062927,0.0046612,0,0,0,0,0,0,0,0,0,0,0,0,0,0,0,0,0,0.0030964,0.010821,0,0,0,3.3294e-05,0,0,0,0,0,0,0,0,0,0,0,0,0,0,0,0,0,0,0,0,0,0,0,0,0,0,0,0,0,0,0,0,0,0,0,0,0,0,0,0,0,0,0,0,0,0,0,0
3,0,0,0,0,0,0,0,0,0,0,0,0,0,0,0,0,0,0,0,0,0,0,0,0,0,0,0,0,0,0,0,0,0,0,0,0,0,0,0,0,0,0,0,0,0,0,0,0,0,0,0,0,0,0,0,0,0,0,0,0,0,0,0,0,0,0,0,0,0,0,0,0,0,0,0,0,0,0,0,0,0,0,0,0,0,0,0,0,0,0,0,0,0,0,0,0,0,0,0,0,0,0,0,0,0,0,0,0,0,0,0,0,0,0,0,0,0,0,0,0,0,0,0,0,0,0,0,0,0,0,0,0,0,0,0,0,0,0,0,0,0,0,0,0,24.424,0,0,0,0,0,0,0,0,0,0,0,0,0,0,0,0,0,0.00016647,0.00083236,0.018612,0.095588,0.2266,9.1354,22.819,0,0,0,0,0,0,0,0,0,0,0,0,0,0,0,0,0,0,0,0,0,0.0013318,5.9017,0,0,0,0,0,0,0,0,0,0,0,0,0,0,0,0,0,0,0,0,0,0,0,0,0,0,0,0,0,0,0,0,0,0,0,0,0,0,0,0,0,0,0,0,0,0,0,0,0.0034626,0,0,0,0,0,0,0,0,0,0,0,0,0,0,0,0,0,0,0,0,0,0,0,2.5424,0.0059597,0,0,0,0,0,0,0,0,0,0,0,0,0,0,0,0.00036624,0.01435,0.10381,0.3433,0.41888,0.37932,13.326,15.091,0,0,0,0,0,0,0,0,0,0,0,0,0,0,0,0,0,6.6589e-05,0.0044615,0,0.00056601,0.0081239,3.0989,0,0,0,0,0,0,0,0,0,0,0,0,0,0,0,0,0,0,0,0,0,0,0,0,0,0,0,0,0,0,0,0,0,0,0,0,0,0,0,0,0,0,0,0,0,0,0,0,0.7711,0,0,0,0,0,0,0,0,0,0,0,0,0,0,0,0,0,0,0,0,0,0,0,0.005993,0.01162,0.0094223,0,0,0,0,0,0,0,0,0,0,0,0,0,0,0.0010987,0.020609,0.15362,0.88886,0.13055,0.030098,0.010754,0,0,0,0,0,0,0,0,0,0,0,0,0,0,0,0,0,0,0.00036624,0.00073248,0,0,0,0,0,0,0,0,0,0,0,0,0,0,0,0,0,0,0,0,0,0,0,0,0,0,0,0,0,0,0,0,0,0,0,0,0,0,0,0,0,0,0,0,0,0,0,0,0,0,0,0
3,0,0,0,0,0,0,0,0,0,0,0,0,0,0,0,0,0,0,0,0,0,0,0,0,1.5913,1.1754,0,0,0,0,0,0,0,0,0,0,0,0,0,0,0,0,0,0,0,0.0047944,0.15718,0.15762,0,0,0,0,0,0,0,0,0,0,0,0,0,0,0,0,0,0,0,0,0,0,0,0,0,0,0,0,0,0,0,0,0,0,0,0,0,0,0,0,0,0,0,0,0,0,0,0,0,0,0,0,0,0,0,0,0,0,0,0,0,0,0,0,0,0,0,0,0,0,0,0,0,0,0,0,0,0,0,0,0,0,0,0,0,0,0,0,0,0,0,0,0,0,0,0,12.522,3.9712,0,0,0,0,0,0,0,0,0,0,0,0,0,0,0,0,0,0,0.0012985,0.020043,0.54996,1.5246,6.5321,10.137,0.016547,0,0,0,0,0,0,0,0,0,0,0,0,0,0,0,0,0,0,0,0.00023306,0.0037956,0,0,0,0,0,0,0,0,0,0,0,0,0,0,0,0,0,0,0,0,0,0,0,0,0,0,0,0,0,0,0,0,0,0,0,0,0,0,0,0,0,0,0,0,0,0,0,0,0,0,0,0,0,0,0,0,0,0,0,0,0,0,0,0,0,0,0,0,0,0,0,0,3.2297,1.7292,0.017579,0.0066922,0.00029965,0,0,0,0,0,0,0,0,0,0,0,0,0,0,0,0.0017646,0.015948,0.28024,0.98395,0.8288,49.303,0.77376,0,0,0,0,0,0,0,0,0,0,0,0,0,0,0,0,0,0,0,0.0022973,0.0029299,0,0,0,0,0,0,0,0,0,0,0,0,0,0,0,0,0,0,0,0,0,0,0,0,0,0,0,0,0,0,0,0,0,0,0,0,0,0,0,0,0,0,0,0,0,0,0,0,0.062594,0,0,0,0,0,0,0,0,0,0,0,0,0,0,0,0,0,0,0,0,0,0,0,1.3849,1.0441,0.25191,0.024838,0.0015315,0,0,0,0,0,0,0,0,0,0,0,0,0,0,0,0.0029632,0.029099,0.27388,0.63299,0.049942,0.59547,0.10128,0,0,0,0,0,0,0,0,0,0,0,0,0,0,0,0,0,0,0.00049942,0.0017979,0.00083236,0,0,0,0,0,0,0,0,0,0,0,0,0,0,0,0,0,0,0,0,0,0,0,0,0,0,0,0,0,0,0,0,0,0,0,0,0,0,0,0,0,0,0,0,0,0,0,0
3,0,0,0,0,0,0,0,0,0,0,0,0,0,0,0,0,0,0,0,0,0,0,0,0,3.8978,0.070651,0,0,0,0,0,0,0,0,0,0,0,0,0,0,0,0,0,0,0,0,3.3294e-05,0.00023306,0,0,0,0,0,0,0,0,0,0,0,0,0,0,0,0,0,0,0,0,0,0,0,0,0,0,0,0,0,0,0,0,0,0,0,0,0,0,0,0,0,0,0,0,0,0,0,0,0,0,0,0,0,0,0,0,0,0,0,0,0,0,0,0,0,0,0,0,0,0,0,0,0,0,0,0,0,0,0,0,0,0,0,0,0,0,0,0,0,0,0,0,0,0,0,0,9.5396,0.060629,0,0,0,0,0,0,0,0,0,0,0,0,0,0,0,0,0,0,0,0.00016647,0.026036,0.1741,7.6088,9.0145,0.2861,0,0,0,0,0,0,0,0,0,0,0,0,0,0,0,0,0,0,0,0.0053604,0.36444,0,0,0,0,0,0,0,0,0,0,0,0,0,0,0,0,0,0,0,0,0,0,0,0,0,0,0,0,0,0,0,0,0,0,0,0,0,0,0,0,0,0,0,0,0,0,0,0,0,0,0,0,0,0,0,0,0,0,0,0,0,0,0,0,0,0,0,0,0,0,0,0,0.30814,0.5398,0.22058,0.1386,0,0,0,0,0,0,0,0,0,0,0,0,0,0,0,0,0,0.00066589,0.03113,0.21988,19.698,26.043,9.2402,0.87268,0,0,0,0,0,0,0,0,0,0,0,0,0,0,0,0,0,0,0.0005993,0.086998,0,0.72242,3.3294e-05,0,0,0,0,0,0,0,0,0,0,0,0,0,0,0,0,0,0,0,0,0,0,0,0,0,0,0,0,0,0,0,0,0,0,0,0,0,0,0,0,0,0,0,0,0,0.00036624,0,0,0,0,0,0,0,0,0,0,0,0,0,0,0,0,0,0,0,0,0,0,0,0.3176,0.23716,0.32386,1.8128,0,0,0,0,0,0,0,0,0,0,0,0,0,0,0,0.00016647,0.020643,0.037656,0.090395,0.22604,0.50511,4.0969,0.95745,1.2424,0,0,0,0,0,0,0,0,0,0,0,0,0,0,0,0,0,0,9.9883e-05,0.009156,0,0.92212,0.028833,0,0,0,0,0,0,0,0,0,0,0,0,0,0,0,0,0,0,0,0,0,0,0,0,0,0,0,0,0,0,0,0,0,0,0,0,0,0,0,0,0,0,0,0,0
3,0,0,0,0,0,0,0,0,0,0,0,0,0,0,0,0,0,0,0,0,0,0,0,0,0,0,0,0,0,0,0,0,0,0,0,0,0,0,0,0,0,0,0,0,0,0,0,0,0,0,0,0,0,0,0,0,0,0,0,0,0,0,0,0,0,0,0,0,0,0,0,0,0,0,0,0,0,0,0,0,0,0,0,0,0,0,0,0,0,0,0,0,0,0,0,0,0,0,0,0,0,0,0,0,0,0,0,0,0,0,0,0,0,0,0,0,0,0,0,0,0,0,0,0,0,0,0,0,0,0,0,0,0,0,0,0,0,0,0,0,0,0,0,0,28.849,0.00013318,0,0,0,0,0,0,0,0,0,0,0,0,0,0,0,0,0,0,0,0,0,0.0092892,1.002,0,0,0,0,0,0,0,0,0,0,0,0,0,0,0,0,0,0,0,0,0,0,0,0,0,0,0,0,0,0,0,0,0,0,0,0,0,0,0,0,0,0,0,0,0,0,0,0,0,0,0,0,0,0,0,0,0,0,0,0,0,0,0,0,0,0,0,0,0,0,0,1.0032,0,0,0,0,0,0,0,0,0,0,0,0,0,0,0,0,0,0,0,0,0,0,0,32.39,1.4137,0.56954,0.75322,0.083702,0.012252,0.0010654,0,0,0,0,0,0,0,0,0,0,0,0,0,0,0,0.0040952,2.5071,18.139,0.11823,0,0,0,0,0,0,0,0,0,0,0,0,0,0,0,0,0,0,0,0,0,0.001132,0,0,0,0,0,0,0,0,0,0,0,0,0,0,0,0,0,0,0,0,0,0,0,0,0,0,0,0,0,0,0,0,0,0,0,0,0,0,0,0,0,0,0,0,0,0,0,0,4.8568,0,0,0,0,0,0,0,0,0,0,0,0,0,0,0,0,0,0,0,0,0,0,0,1.0866,1.1135,2.857,2.306,0.26589,0.10591,0.012519,0,0,0,0,0,0,0,0,0,0,0,0,0,0,0,0.00029965,0.16551,0.36697,0.0066256,0,0,0,0,0,0,0,0,0,0,0,0,0,0,0,0,0,0,0,0,0,0,0,0,0,0,0,0,0,0,0,0,0,0,0,0,0,0,0,0,0,0,0,0,0,0,0,0,0,0,0,0,0,0,0,0,0,0,0,0,0,0,0,0,0,0,0,0,0,0
3,0,0,0,0,0,0,0,0,0,0,0,0,0,0,0,0,0,0,0,0,0,0,0,0,15.861,0.11277,0,0,0,0,0,0,0,0,0,0,0,0,0,0,0,0,0,0,0,0,0,0.30341,0,0,0,0,0,0,0,0,0,0,0,0,0,0,0,0,0,0,0,0,0,0,0,0,0,0,0,0,0,0,0,0,0,0,0,0,0,0,0,0,0,0,0,0,0,0,0,0,0,0,0,0,0,0,0,0,0,0,0,0,0,0,0,0,0,0,0,0,0,0,0,0,0,0,0,0,0,0,0,0,0,0,0,0,0,0,0,0,0,0,0,0,0,0,0,0,9.1579,0.069419,0,0,0,0,0,0,0,0,0,0,0,0,0,0,0,0,0,0,0,0,0.087098,2.4734,14.676,0.15242,0,0,0,0,0,0,0,0,0,0,0,0,0,0,0,0,0,0,0,0,0,0.0052272,0,0,0,0,0,0,0,0,0,0,0,0,0,0,0,0,0,0,0,0,0,0,0,0,0,0,0,0,0,0,0,0,0,0,0,0,0,0,0,0,0,0,0,0,0,0,0,0,0.48061,0,0,0,0,0,0,0,0,0,0,0,0,0,0,0,0,0,0,0,0,0,0,0,12.912,1.4092,1.4029,0.85956,0.073548,0.0011986,0,0,0,0,0,0,0,0,0,0,0,0,0,0,0,0.090395,1.5941,5.5856,22.75,1.5474,0.88037,0,0,0,0,0,0,0,0,0,0,0,0,0,0,0,0,0,0,0,0,0.14706,0,0,0,0,0,0,0,0,0,0,0,0,0,0,0,0,0,0,0,0,0,0,0,0,0,0,0,0,0,0,0,0,0,0,0,0,0,0,0,0,0,0,0,0,0,0,0,0,0.70095,0,0,0,0,0,0,0,0,0,0,0,0,0,0,0,0,0,0,0,0,0,0,0,1.0514,0.41542,0.10521,1.4093,2.646,0.1735,0,0,0,0,0,0,0,0,0,0,0,0,0,0,0,0.11064,0.13218,0.18072,0.10205,0.32742,0.013251,0,0,0,0,0,0,0,0,0,0,0,0,0,0,0,0,0,0,0,0,0,0,0,0,0,0,0,0,0,0,0,0,0,0,0,0,0,0,0,0,0,0,0,0,0,0,0,0,0,0,0,0,0,0,0,0,0,0,0,0,0,0,0,0,0,0,0,0,0
3,0,0,0,0,0,0,0,0,0,0,0,0,0,0,0,0,0,0,0,0,0,0,0,0,0.24002,0,0,0,0,0,0,0,0,0,0,0,0,0,0,0,0,0,0,0,0,0,0,0.0039287,0,0,0,0,0,0,0,0,0,0,0,0,0,0,0,0,0,0,0,0,0,0,0,0,0,0,0,0,0,0,0,0,0,0,0,0,0,0,0,0,0,0,0,0,0,0,0,0,0,0,0,0,0,0,0,0,0,0,0,0,0,0,0,0,0,0,0,0,0,0,0,0,0,0,0,0,0,0,0,0,0,0,0,0,0,0,0,0,0,0,0,0,0,0,0,0,51.945,0.2272,0.0024971,0,0,0,0,0,0,0,0,0,0,0,0,0,0,0,0,0,0,0.00069918,3.9247,27.525,0.60786,0.00013318,0,0,0,0,0,0,0,0,0,0,0,0,0,0,0,0,0,0,0,0,0,0,0,0,0,0,0,0,0,0,0,0,0,0,0,0,0,0,0,0,0,0,0,0,0,0,0,0,0,0,0,0,0,0,0,0,0,0,0,0,0,0,0,0,0,0,0,0,0,0,0,0,0,0,0,0,0,0,0,0,0,0,0,0,0,0,0,0,0,0,0,0,0,0,6.2146,1.1695,1.7548,0.089995,0,0,0,0,0,0,0,0,0,0,0,0,0,0,0,0,0,0,0.09732,4.2108,3.3294e-05,0.038322,0.043283,0,0,0,0,0,0,0,0,0,0,0,0,0,0,0,0,0,0,0,0,0,0,0,0,0,0,0,0,0,0,0,0,0,0,0,0,0,0,0,0,0,0,0,0,0,0,0,0,0,0,0,0,0,0,0,0,0,0,0,0,0,0,0,0,0,0,0,0,0,0.011254,0,0,0,0,0,0,0,0,0,0,0,0,0,0,0,0,0,0,0,0,0,0,0,0.12822,0.12133,0.68077,0.87125,0.010022,0,0,0,0,0,0,0,0,0,0,0,0,0,0,0,0,0,0.012585,0.045114,0,0.0048277,0.018578,0,0,0,0,0,0,0,0,0,0,0,0,0,0,0,0,0,0,0,0,0,0,0,0,0,0,0,0,0,0,0,0,0,0,0,0,0,0,0,0,0,0,0,0,0,0,0,0,0,0,0,0,0,0,0,0,0,0,0,0,0,0,0,0,0,0,0,0,0
3,0,0,0,0,0,0,0,0,0,0,0,0,0,0,0,0,0,0,0,0,0,0,0,0,9.4242,0.32272,0,0,0,0,0,0,0,0,0,0,0,0,0,0,0,0.00013318,0.0010321,0.0049609,0.010055,0.0099883,0.003962,0.0026303,0,0,0,0,0,0,0,0,0,0,0,0,0,0,0,0,0,0,0,0,0,0,0,0,0,0,0,0,0,0,0,0,0,0,0,0,0,0,0,0,0,0,0,0,0,0,0,0,0,0,0,0,0,0,0,0,0,0,0,0,0,0,0,0,0,0,0,0,0,0,0,0,0.0013318,0,0,0,0,0,0,0,0,0,0,0,0,0,0,0,0,0,0,0,0,0,0,0,32.033,1.2323,0.44828,0.19028,0.0095888,0,0,0,0,0,0,0,0,0,0,0,0.0027634,0.012952,0.053604,0.16208,0.31553,0.41801,1.2043,1.8732,25.508,0.4528,0,0,0,0,0,0,0,0,0,0,0,0,0,0,0,0,0,0,0.0006326,0.0060929,0.07115,0.60649,0,0,0,0,0,0,0,0,0,0,0,0,0,0,0,0,0,0,0,0,0,0,0,0,0,0,0,0,0,0,0,0,0,0,0,0,0,0,0,0,0,0,0,0,0,0,0,0,0.021874,0,0,0,0,0,0,0,0,0,0,0,0,0,0,0,0,0,0,0,0,0,0,0,0.77869,0.005993,0.2875,0.87698,0.49945,0.038821,0,0,0,0,0,0,0,0,0,0.0010321,0.0069253,0.12602,0.21575,0.32842,0.28956,0.39231,0.73671,0.86073,11.576,2.7566,0,0,0,0,0,0,0,0,0,0,0,0,0,0,0,0,0,0,0.0010654,0.032162,0.066556,0.42071,9.9883e-05,0.034127,0,0,0,0,0,0,0,0,0,0,0,0,0,0,0,0,0,0,0,0,0,0,0,0,0,0,0,0,0,0,0,0,0,0,0,0,0,0,0,0,0,0,0,0,0,0,0.36454,0,0,0,0,0,0,0,0,0,0,0,0,0,0,0,0,0,0,0,0,0,0,0,0.5748,0.02547,0.00283,0.0054936,0.0040286,0.00043283,0,0,0,0,0,0,0,0,0,0.0029632,0.030931,0.32539,0.33471,0.24814,0.66775,0.91144,0.90984,0.75638,0.089196,0,0,0,0,0,0,0,0,0,0,0,0,0,0,0,0,0,0,0,0,6.6589e-05,0.00073248,0.0092892,0,0,0,0,0,0,0,0,0,0,0,0,0,0,0,0,0,0,0,0,0,0,0,0,0,0,0,0,0,0,0,0,0,0,0,0,0,0,0,0,0,0,0,0,0,0,0,0
3,0,0,0,0,0,0,0,0,0,0,0,0,0,0,0,0,0,0,0,0,0,0,0,0,11.268,0.55598,0,0,0,0,0,0,0,0,0,0,0,0,0,0,0,0,0,0,0,0,0,1.995,0,0,0,0,0,0,0,0,0,0,0,0,0,0,0,0,0,0,0,0,0,0,0,0,0,0,0,0,0,0,0,0,0,0,0,0,0,0,0,0,0,0,0,0,0,0,0,0,0,0,0,0,0,0,0,0,0,0,0,0,0,0,0,0,0,0,0,0,0,0,0,0,0,0,0,0,0,0,0,0,0,0,0,0,0,0,0,0,0,0,0,0,0,0,0,0,51.835,10.205,0.023173,0,0,0,0,0,0,0,0,0,0,0,0,0,0,0,0,0,0,0,0.013018,11.645,0,0.018079,0,0,0,0,0,0,0,0,0,0,0,0,0,0,0,0,0,0,0,0,0,0,0,0,0,0,0,0,0,0,0,0,0,0,0,0,0,0,0,0,0,0,0,0,0,0,0,0,0,0,0,0,0,0,0,0,0,0,0,0,0,0,0,0,0,0,0,0,0,0,0,0,0,0,0,0,0,0,0,0,0,0,0,0,0,0,0,0,0,0,0,0,0,0,4.3877,7.2175,0.6026,0,0,0,0,0,0,0,0,0,0,0,0,0,0,0,0,0,0,0,0,0.08843,0,0.064059,0,0,0,0,0,0,0,0,0,0,0,0,0,0,0,0,0,0,0,0,0,0,0,0,0,0,0,0,0,0,0,0,0,0,0,0,0,0,0,0,0,0,0,0,0,0,0,0,0,0,0,0,0,0,0,0,0,0,0,0,0,0,0,0,0,0,0,0,0,0,0,0,0,0,0,0,0,0,0,0,0,0,0,0,0,0,0,0,0,0,0,0,0,0,0.0039287,6.6589e-05,0.076677,0,0,0,0,0,0,0,0,0,0,0,0,0,0,0,0,0,0,0,0,0,0,0,0,0,0,0,0,0,0,0,0,0,0,0,0,0,0,0,0,0,0,0,0,0,0,0,0,0,0,0,0,0,0,0,0,0,0,0,0,0,0,0,0,0,0,0,0,0,0,0,0,0,0,0,0,0,0,0,0,0,0,0,0,0,0,0,0,0,0,0,0,0
3,0,0,0,0,0,0,0,0,0,0,0,0,0,0,0,0,0,0,0,0,0,0,0,0,9.4673,1.5576,0,0,0,0,0,0,0,0,0,0,0,0,0,0,0,0,0,0,0.0005993,0.003396,0.010288,0.031363,0,0,0,0,0,0,0,0,0,0,0,0,0,0,0,0,0,0,0,0,0,0,0,0,0,0,0,0,0,0,0,0,0,0,0,0,0,0,0,0,0,0,0,0,0,0,0,0,0,0,0,0,0,0,0,0,0,0,0,0,0,0,0,0,0,0,0,0,0,0,0,0,0.033528,0,0,0,0,0,0,0,0,0,0,0,0,0,0,0,0,0,0,0,0,0,0,0,31.68,20.49,1.4376,1.0559,0.0053937,0,0,0,0,0,0,0,0,0,0,6.6589e-05,0.00093225,0.057433,0.1101,0.48533,0.84128,0.77763,0.65454,1.1341,6.4812,1.0545,0.00066589,0,0,0,0,0,0,0,0,0,0,0,0,0,0,0,0,0,0,0,0,0,0,0,0,0,0,0,0,0,0,0,0,0,0,0,0,0,0,0,0,0,0,0,0,0,0,0,0,0,0,0,0,0,0,0,0,0,0,0,0,0,0,0,0,0,0,0,0,0,0.08813,0,0,0,0,0,0,0,0,0,0,0,0,0,0,0,0,0,0,0,0,0,0,0,2.7264,2.2421,0.097753,1.1485,1.7792,0,0,0,0,0,3.3294e-05,0,0,6.6589e-05,0.0030964,0.024871,0.02021,0.10471,0.17523,0.46975,0.26592,0.25427,0.31373,0.40949,1.1441,5.5002,0.50578,0.014183,0,0,0,0,0,0,0,0,0,0,0,0,0,0,0,0.00089895,0,0,0,0,0,0,0,0,0,0,0,0,0,0,0,0,0,0,0,0,0,0,0,0,0,0,0,0,0,0,0,0,0,0,0,0,0,0,0,0,0,0,0,0,0,0,0,0,0,0,0,0,1.489,0,0,0,0,0,0,0,0,0,0,0,0,0,0,0,0,0,0,0,0,0,0,0,0.2551,0.26569,0.058399,0.031563,0.2026,0.00066589,0,0,0,0.00079907,0.0048943,0.0084901,0.0016314,0.036191,0.056101,0.082903,0.035459,0.33028,0.38845,0.6574,0.67764,0.29702,0.25057,0.20892,0,0,0,0,0,0,0,0,0,0,0,0,0,0,0,0,0,0,0,0,0,0,0,0,0,0,0,0,0,0,0,0,0,0,0,0,0,0,0,0,0,0,0,0,0,0,0,0,0,0,0,0,0,0,0,0,0,0,0,0,0,0,0,0,0,0,0,0,0,0,0,0
